player_id,period_id,period_name,activity_id,period_start_time,position_name_en,is_official_match,total_distance,acc_band7plus_total_effort_count,velocity_band6plus7_total_distance,height,weight,date_of_birth
37191,period_1683,BP 2351,activity_1389,2024-12-16T00:00:00Z,Central Back,null,1003.3720357742967,0,0,184,79,1997-06-22
37191,period_4407,G 1669,activity_2423,2025-01-01T00:00:00Z,Central Back,null,1223.749100795099,4,4.960387616474333,184,79,1997-06-22
37191,period_883,BP 4893,activity_4655,2025-04-06T00:00:00Z,Central Back,null,747.2504687327269,4,0,184,79,1997-06-22
37191,period_1790,G 3164,activity_911,2025-04-03T00:00:00Z,Central Back,null,1196.3516748429772,2,0,184,79,1997-06-22
37191,period_2421,BP 0518,activity_3073,2025-05-06T00:00:00Z,Central Back,null,322.20045844099616,2,0,184,79,1997-06-22
37191,period_2041,TAC 5940,activity_823,2025-05-01T00:00:00Z,Central Back,null,1003.408668200073,10,0,184,79,1997-06-22
37191,period_4496,G 1960,activity_4335,2025-05-03T00:00:00Z,Central Back,null,1228.9237640209994,9,0,184,79,1997-06-22
37191,period_3001,G 1960,activity_96,2025-02-25T00:00:00Z,Central Back,null,714.8278558705837,5,6.240348363726921,184,79,1997-06-22
37191,period_3506,TEC 5341,activity_1415,2025-05-07T00:00:00Z,Central Back,null,263.34252623684523,0,0,184,79,1997-06-22
37191,period_1372,BP 2654,activity_2148,2024-07-16T00:00:00Z,Central Back,null,725.7055100921563,8,0,184,79,1997-06-22
37191,period_1434,BP 4303,activity_477,2025-04-30T00:00:00Z,Central Back,null,698.6729916415503,9,0,184,79,1997-06-22
37191,period_75,G 9283,activity_911,2025-04-03T00:00:00Z,Central Back,null,1843.3370075547894,3,25.839355931660098,184,79,1997-06-22
37191,period_2717,TAC 0133,activity_3907,2025-05-08T00:00:00Z,Central Back,null,771.0525555885906,2,0,184,79,1997-06-22
37191,period_1061,BP 8350,activity_3907,2025-05-08T00:00:00Z,Central Back,null,1071.4539973495766,10,0,184,79,1997-06-22
37191,period_929,TEC 5328,activity_1022,2025-04-18T00:00:00Z,Central Back,null,286.39690203965864,0,0,184,79,1997-06-22
37191,period_1764,TAC 0133,activity_4304,2024-09-13T00:00:00Z,Central Back,null,974.9385155232301,8,0,184,79,1997-06-22
37191,period_2331,BP 5787,activity_2210,2025-05-16T00:00:00Z,Central Back,null,807.4202895078358,2,0,184,79,1997-06-22
37191,period_190,G 3218,activity_4067,2024-09-26T00:00:00Z,Central Back,null,1168.6648588737612,10,17.83490678963517,184,79,1997-06-22
37191,period_3790,TEC 7736,activity_1554,2025-03-27T00:00:00Z,Central Back,null,321.2966103867269,0,0,184,79,1997-06-22
37191,period_2558,G 1960,activity_3614,2025-04-12T00:00:00Z,Central Back,null,2292.3009316195516,6,12.125005210104561,184,79,1997-06-22
37191,period_2511,BP 4893,activity_4699,2024-07-30T00:00:00Z,Central Back,null,429.18454984022236,6,0,184,79,1997-06-22
37191,period_4714,BP 4303,activity_1589,2025-04-09T00:00:00Z,Central Back,null,618.7407050809029,1,0,184,79,1997-06-22
37191,period_625,TAC 0133,activity_2655,2025-02-04T00:00:00Z,Central Back,null,1687.5184142345856,7,29.118617746291253,184,79,1997-06-22
37191,period_2953,G 1960,activity_4454,2024-12-13T00:00:00Z,Central Back,null,1807.215881647956,4,0,184,79,1997-06-22
37191,period_4155,BP 1822,activity_1060,2025-02-21T00:00:00Z,Central Back,null,1270.580678004336,1,0,184,79,1997-06-22
37191,period_461,TEC 9696,activity_4690,2025-04-21T00:00:00Z,Central Back,null,860.8304348714054,1,0,184,79,1997-06-22
37191,period_3129,TEC 5341,activity_3357,2025-04-25T00:00:00Z,Central Back,null,195.10150887882637,8,0,184,79,1997-06-22
37191,period_350,TAC 0133,activity_3943,2024-08-10T00:00:00Z,Central Back,null,1906.1182344109295,4,0,184,79,1997-06-22
37191,period_1641,G 1960,activity_2955,2025-01-15T00:00:00Z,Central Back,null,1801.6133378143174,8,2.2086779245208903,184,79,1997-06-22
37191,period_95,TAC 7848,activity_4655,2025-04-06T00:00:00Z,Central Back,null,1857.2690862249422,7,0,184,79,1997-06-22
37191,period_576,BP 8346,activity_4764,2025-04-14T00:00:00Z,Central Back,null,622.374157360295,2,0,184,79,1997-06-22
37191,period_2341,TAC 7525,activity_4454,2024-12-13T00:00:00Z,Central Back,null,1661.3377035005133,12,0,184,79,1997-06-22
37191,period_2831,G 5931,activity_4299,2025-04-11T00:00:00Z,Central Back,null,2473.415076933864,4,0,184,79,1997-06-22
37191,period_2644,G 7940,activity_202,2025-03-30T00:00:00Z,Central Back,null,875.0557364053254,1,51.953158261443285,184,79,1997-06-22
37191,period_4717,G 1960,activity_2593,2024-10-18T00:00:00Z,Central Back,null,2245.665028989595,9,36.88124778571724,184,79,1997-06-22
37191,period_4665,G 8963,activity_1554,2025-03-27T00:00:00Z,Central Back,null,981.7631189499857,3,1.3293334562152268,184,79,1997-06-22
37191,period_3070,G 1960,activity_3532,2024-09-16T00:00:00Z,Central Back,null,1708.6127284013498,3,0,184,79,1997-06-22
37191,period_4187,TAC 7525,activity_2877,2025-04-22T00:00:00Z,Central Back,null,1611.184569774309,4,0,184,79,1997-06-22
37191,period_1061,TAC 0133,activity_3623,2024-09-27T00:00:00Z,Central Back,null,5401.080750670959,0,0,184,79,1997-06-22
37191,period_3261,G 3863,activity_477,2025-04-30T00:00:00Z,Central Back,null,931.3291071020268,9,0,184,79,1997-06-22
37191,period_4122,G 1960,activity_3357,2025-04-25T00:00:00Z,Central Back,null,1151.1096522530163,3,12.08756224192163,184,79,1997-06-22
37191,period_3285,BP 2351,activity_1554,2025-03-27T00:00:00Z,Central Back,null,426.4496681690533,9,0,184,79,1997-06-22
37191,period_783,BP 2351,activity_2148,2024-07-16T00:00:00Z,Central Back,null,473.9509393429217,4,0,184,79,1997-06-22
37191,period_865,TAC 0133,activity_2955,2025-01-15T00:00:00Z,Central Back,null,2062.565380940466,0,45.495935847646656,184,79,1997-06-22
37191,period_4834,G 3164,activity_3516,2025-04-24T00:00:00Z,Central Back,null,1782.7438851298627,1,62.906016286980616,184,79,1997-06-22
37191,period_4147,TAC 7525,activity_3357,2025-04-25T00:00:00Z,Central Back,null,924.8935255320789,8,48.32169698303432,184,79,1997-06-22
37191,period_3636,G 7242,activity_1589,2025-04-09T00:00:00Z,Central Back,null,2001.9566025452962,6,0,184,79,1997-06-22
37191,period_2337,TEC 9696,activity_3493,2025-05-10T00:00:00Z,Central Back,null,363.00962021042363,0,0,184,79,1997-06-22
37191,period_4233,TAC 0133,activity_2366,2025-03-28T00:00:00Z,Central Back,null,639.5717321808122,9,0,184,79,1997-06-22
37191,period_3221,TAC 5940,activity_874,2024-11-03T00:00:00Z,Central Back,null,925.7012712081516,2,0,184,79,1997-06-22
37191,period_523,G 1669,activity_1431,2025-01-30T00:00:00Z,Central Back,null,1226.57526684101,9,0,184,79,1997-06-22
37191,period_1768,TAC 1326,activity_4299,2025-04-11T00:00:00Z,Central Back,null,1996.4289377277607,2,3.8352167206084147,184,79,1997-06-22
37191,period_390,BP 2351,activity_1061,2024-12-31T00:00:00Z,Central Back,null,356.94171139063945,7,0.9131856063468131,184,79,1997-06-22
37191,period_146,G 3164,activity_2423,2025-01-01T00:00:00Z,Central Back,null,5264.511818503747,3,55.83151230104219,184,79,1997-06-22
37191,period_2424,BP 6474,activity_3030,2024-12-08T00:00:00Z,Central Back,null,977.1006577920061,6,0,184,79,1997-06-22
37191,period_4037,G 7015,activity_486,2024-08-11T00:00:00Z,Central Back,null,2816.123200946693,10,0,184,79,1997-06-22
37191,period_3707,G 1960,activity_4304,2024-09-13T00:00:00Z,Central Back,null,3237.77387162856,5,0,184,79,1997-06-22
37191,period_1893,G 0260,activity_958,2024-07-26T00:00:00Z,Central Back,null,1046.543336468558,12,23.376799495078618,184,79,1997-06-22
37191,period_425,G 1960,activity_3385,2025-02-14T00:00:00Z,Central Back,null,1098.6119645076499,3,0,184,79,1997-06-22
37191,period_4400,TEC 7376,activity_1415,2025-05-07T00:00:00Z,Central Back,null,517.7587381524442,0,0,184,79,1997-06-22
37191,period_522,BP 1822,activity_1389,2024-12-16T00:00:00Z,Central Back,null,523.505565820628,3,0,184,79,1997-06-22
37191,period_3834,G 3473,activity_1951,2025-04-19T00:00:00Z,Central Back,null,1058.7283621846693,1,23.866350074398156,184,79,1997-06-22
37191,period_1607,G 3218,activity_2423,2025-01-01T00:00:00Z,Central Back,null,1565.826543645399,4,0,184,79,1997-06-22
37191,period_2586,TAC 5940,activity_3532,2024-09-16T00:00:00Z,Central Back,null,855.7766629210862,0,0,184,79,1997-06-22
37191,period_4318,G 8095,activity_2210,2025-05-16T00:00:00Z,Central Back,null,2871.545881328236,8,0,184,79,1997-06-22
37191,period_233,BP 2351,activity_1060,2025-02-21T00:00:00Z,Central Back,null,1553.4345473295602,4,0,184,79,1997-06-22
37191,period_2152,G 0106,activity_4655,2025-04-06T00:00:00Z,Central Back,null,583.8865800903648,4,0,184,79,1997-06-22
37191,period_483,BP 2654,activity_2160,2024-07-29T00:00:00Z,Central Back,null,794.4300548324646,8,0,184,79,1997-06-22
37191,period_3163,TAC 7525,activity_3243,2024-10-17T00:00:00Z,Central Back,null,1191.3157825155097,0,0,184,79,1997-06-22
37191,period_4782,TAC 0133,activity_3638,2024-08-17T00:00:00Z,Central Back,null,628.1192647368975,5,8.64557336233753,184,79,1997-06-22
37191,period_4354,TEC 5341,activity_4655,2025-04-06T00:00:00Z,Central Back,null,220.77162218639376,2,0,184,79,1997-06-22
37191,period_944,TAC 7848,activity_4744,2025-05-09T00:00:00Z,Central Back,null,1792.3978732262026,5,0,184,79,1997-06-22
37191,period_525,TAC 7525,activity_4208,2025-05-02T00:00:00Z,Central Back,null,562.0585399618257,6,23.55799990844884,184,79,1997-06-22
37191,period_1724,TEC 5328,activity_1431,2025-01-30T00:00:00Z,Central Back,null,249.99584755103908,0,0,184,79,1997-06-22
37191,period_4270,G 7015,activity_486,2024-08-11T00:00:00Z,Central Back,null,1295.6792529753884,3,0,184,79,1997-06-22
37191,period_2228,G 1960,activity_1473,2025-05-17T00:00:00Z,Central Back,null,1485.4088248150083,8,0,184,79,1997-06-22
37191,period_1370,G 8963,activity_1415,2025-05-07T00:00:00Z,Central Back,null,770.6369279394587,9,0,184,79,1997-06-22
37191,period_1683,G 5931,activity_2060,2025-05-22T00:00:00Z,Central Back,null,2641.769484068836,1,0,184,79,1997-06-22
37191,period_4602,G 7242,activity_3516,2025-04-24T00:00:00Z,Central Back,null,1142.919430845927,7,0,184,79,1997-06-22
37191,period_2149,TEC 5098,activity_2210,2025-05-16T00:00:00Z,Central Back,null,392.3954926431255,3,0,184,79,1997-06-22
37191,period_1334,BP 2351,activity_1501,2024-10-07T00:00:00Z,Central Back,null,466.9669662222578,7,0,184,79,1997-06-22
37191,period_1456,BP 2351,activity_1951,2025-04-19T00:00:00Z,Central Back,null,570.7028267269169,0,0,184,79,1997-06-22
37191,period_3701,G 3872,activity_2148,2024-07-16T00:00:00Z,Central Back,null,963.1991297779332,1,0,184,79,1997-06-22
37191,period_2438,BP 2351,activity_2516,2025-04-10T00:00:00Z,Central Back,null,1286.600267890468,6,0,184,79,1997-06-22
37191,period_2583,TEC 5341,activity_1501,2024-10-07T00:00:00Z,Central Back,null,696.8021706881859,0,0,184,79,1997-06-22
37191,period_4753,BP 1849,activity_2516,2025-04-10T00:00:00Z,Central Back,null,286.9861636645791,0,0,184,79,1997-06-22
37191,period_3614,G 5931,activity_109,2024-11-30T00:00:00Z,Central Back,null,738.9001179934606,4,0,184,79,1997-06-22
37191,period_2894,TAC 0133,activity_4699,2024-07-30T00:00:00Z,Central Back,null,2031.29287864085,4,25.896074034852578,184,79,1997-06-22
37191,period_3585,TAC 7525,activity_2601,2024-12-21T00:00:00Z,Central Back,null,931.6358576721491,1,13.410708884581263,184,79,1997-06-22
37191,period_1471,TAC 3056,activity_2423,2025-01-01T00:00:00Z,Central Back,null,696.6978877179905,0,0,184,79,1997-06-22
37191,period_64,BP 5376,activity_4651,2024-07-19T00:00:00Z,Central Back,null,787.0216636791688,0,0,184,79,1997-06-22
37191,period_4438,G 3164,activity_202,2025-03-30T00:00:00Z,Central Back,null,2898.391996575329,6,0,184,79,1997-06-22
37191,period_2300,BP 2704,activity_1589,2025-04-09T00:00:00Z,Central Back,null,816.9293516618221,4,0,184,79,1997-06-22
37191,period_473,TEC 7376,activity_911,2025-04-03T00:00:00Z,Central Back,null,187.81518767627375,0,0,184,79,1997-06-22
37191,period_1872,TAC 7525,activity_4335,2025-05-03T00:00:00Z,Central Back,null,735.5530940268862,3,0,184,79,1997-06-22
37191,period_830,TAC 2528,activity_477,2025-04-30T00:00:00Z,Central Back,null,815.4769282214165,7,0,184,79,1997-06-22
37191,period_3077,TAC 0133,activity_599,2025-04-15T00:00:00Z,Central Back,null,593.9392889179761,2,21.07800128497215,184,79,1997-06-22
37191,period_4443,BP 2351,activity_1555,2024-08-02T00:00:00Z,Central Back,null,733.0767065917412,2,0,184,79,1997-06-22
37191,period_3582,G 5931,activity_3243,2024-10-17T00:00:00Z,Central Back,null,649.1645845874447,0,0,184,79,1997-06-22
37191,period_4369,G 3164,activity_823,2025-05-01T00:00:00Z,Central Back,null,1382.9417625198055,7,8.40296680252022,184,79,1997-06-22
37191,period_3578,G 1960,activity_3638,2024-08-17T00:00:00Z,Central Back,null,1297.930734741611,7,2.048899504210214,184,79,1997-06-22
37191,period_1693,BP 8346,activity_477,2025-04-30T00:00:00Z,Central Back,null,582.9300179074164,2,0,184,79,1997-06-22
37191,period_1778,G 1960,activity_3623,2024-09-27T00:00:00Z,Central Back,null,957.2854624872608,5,10.384501136683705,184,79,1997-06-22
37191,period_2770,G 1960,activity_958,2024-07-26T00:00:00Z,Central Back,null,1607.4980558246652,5,16.903147651148178,184,79,1997-06-22
37191,period_4754,G 1960,activity_2366,2025-03-28T00:00:00Z,Central Back,null,1870.3656222970515,3,0,184,79,1997-06-22
37191,period_3087,BP 3930,activity_4067,2024-09-26T00:00:00Z,Central Back,null,921.8518662920558,1,0,184,79,1997-06-22
37191,period_174,BP 1031,activity_3243,2024-10-17T00:00:00Z,Central Back,null,542.4498151711755,0,0,184,79,1997-06-22
37191,period_4703,TAC 0133,activity_2574,2025-02-07T00:00:00Z,Central Back,null,1243.3295961125655,3,0,184,79,1997-06-22
37191,period_4611,TAC 0133,activity_1859,2025-03-31T00:00:00Z,Central Back,null,1423.5810516887723,2,0,184,79,1997-06-22
37191,period_3988,BP 8299,activity_3516,2025-04-24T00:00:00Z,Central Back,null,479.8582375788944,0,0,184,79,1997-06-22
37191,period_2175,BP 2351,activity_2366,2025-03-28T00:00:00Z,Central Back,null,299.2693924604215,1,0,184,79,1997-06-22
37191,period_3678,G 1960,activity_3907,2025-05-08T00:00:00Z,Central Back,null,1985.5353628812074,4,0,184,79,1997-06-22
37191,period_439,BP 3178,activity_1022,2025-04-18T00:00:00Z,Central Back,null,1320.2400774803152,3,0,184,79,1997-06-22
37191,period_4366,G 1960,activity_4407,2025-04-04T00:00:00Z,Central Back,null,896.088855898332,3,43.18815378079517,184,79,1997-06-22
37191,period_2155,TAC 0133,activity_3105,2025-01-18T00:00:00Z,Central Back,null,3062.7773253062783,7,0,184,79,1997-06-22
37191,period_2331,BP 7816,activity_1389,2024-12-16T00:00:00Z,Central Back,null,570.0994946354176,2,49.20546251038678,184,79,1997-06-22
37191,period_1945,G 1960,activity_4651,2024-07-19T00:00:00Z,Central Back,null,2387.089293194683,4,43.58697536060877,184,79,1997-06-22
37191,period_315,BP 3884,activity_1431,2025-01-30T00:00:00Z,Central Back,null,1097.7221745025947,2,0,184,79,1997-06-22
37191,period_1962,TEC 1080,activity_958,2024-07-26T00:00:00Z,Central Back,null,472.2673520723978,0,0,184,79,1997-06-22
37191,period_1585,TAC 0133,activity_2593,2024-10-18T00:00:00Z,Central Back,null,1711.2625319585395,1,0,184,79,1997-06-22
37191,period_4247,G 3164,activity_3907,2025-05-08T00:00:00Z,Central Back,null,1432.3983626098739,3,0,184,79,1997-06-22
37191,period_1230,null,activity_939,2025-05-24T00:00:00Z,Central Back,1,1448.15710647698,3,0,184,79,1997-06-22
37191,period_465,null,activity_1565,2025-05-14T00:00:00Z,Central Back,1,400.6268673643464,1,0,184,79,1997-06-22
37191,period_4744,null,activity_461,2025-05-18T00:00:00Z,Central Back,1,792.4439077229359,5,0,184,79,1997-06-22
37191,period_2516,null,activity_830,2024-08-01T00:00:00Z,Central Back,1,1202.1560702629158,3,0,184,79,1997-06-22
37191,period_789,null,activity_4496,2024-09-24T00:00:00Z,Central Back,1,534.2052773661675,4,0,184,79,1997-06-22
37191,period_1866,G 3218,activity_1501,2024-10-07T00:00:00Z,Central Back,null,1160.0386794645149,12,6.141524401803296,184,79,1997-06-22
37191,period_4800,G 4139,activity_1431,2025-01-30T00:00:00Z,Central Back,null,1338.2147714630323,6,0,184,79,1997-06-22
37191,period_1093,G 1960,activity_599,2025-04-15T00:00:00Z,Central Back,null,3576.669788560831,2,0,184,79,1997-06-22
37191,period_3564,G 3218,activity_1061,2024-12-31T00:00:00Z,Central Back,null,1326.6913072477646,6,18.547934079664405,184,79,1997-06-22
37191,period_2876,TAC 0133,activity_486,2024-08-11T00:00:00Z,Central Back,null,1479.0548647452408,3,17.56074477064109,184,79,1997-06-22
37191,period_2758,TAC 7525,activity_4744,2025-05-09T00:00:00Z,Central Back,null,1134.850099411773,0,6.418651219612763,184,79,1997-06-22
37191,period_551,BP 1849,activity_1501,2024-10-07T00:00:00Z,Central Back,null,430.6872961692286,2,0,184,79,1997-06-22
37191,period_4489,G 8281,activity_4067,2024-09-26T00:00:00Z,Central Back,null,1934.8298786677126,1,2.1256626357114987,184,79,1997-06-22
37191,period_298,BP 5787,activity_4251,2025-05-21T00:00:00Z,Central Back,null,1847.95590938662,0,3.270499492623368,184,79,1997-06-22
37191,period_4249,TEC 5341,activity_1060,2025-02-21T00:00:00Z,Central Back,null,304.7088065262789,3,0,184,79,1997-06-22
37191,period_1612,G 9283,activity_3073,2025-05-06T00:00:00Z,Central Back,null,559.269983203495,10,0,184,79,1997-06-22
37191,period_4157,G 1960,activity_4699,2024-07-30T00:00:00Z,Central Back,null,1278.8045618879437,7,0,184,79,1997-06-22
37191,period_1682,TEC 5667,activity_202,2025-03-30T00:00:00Z,Central Back,null,209.7929718171104,0,0,184,79,1997-06-22
37191,period_464,G 7940,activity_4655,2025-04-06T00:00:00Z,Central Back,null,2141.9943104139697,4,0.0016670561420284134,184,79,1997-06-22
37191,period_4726,G 3218,activity_1022,2025-04-18T00:00:00Z,Central Back,null,828.5714608819004,6,26.191974966756103,184,79,1997-06-22
37191,period_2558,G 1960,activity_3040,2025-05-13T00:00:00Z,Central Back,null,1010.2186952446032,5,9.530353195804372,184,79,1997-06-22
37191,period_3206,BP 1615,activity_1061,2024-12-31T00:00:00Z,Central Back,null,473.6767261794464,2,0,184,79,1997-06-22
37191,period_1415,TAC 5940,activity_1415,2025-05-07T00:00:00Z,Central Back,null,699.3943770950242,12,0,184,79,1997-06-22
37191,period_934,TAC 2764,activity_3073,2025-05-06T00:00:00Z,Central Back,null,1410.744879324982,3,13.555460102242757,184,79,1997-06-22
37191,period_650,TAC 0133,activity_3357,2025-04-25T00:00:00Z,Central Back,null,1035.5875771931494,6,0,184,79,1997-06-22
37191,period_2158,G 1960,activity_1859,2025-03-31T00:00:00Z,Central Back,null,697.5526764244502,3,0,184,79,1997-06-22
37191,period_2896,G 5146,activity_4764,2025-04-14T00:00:00Z,Central Back,null,1693.7730751321942,12,45.31604755032085,184,79,1997-06-22
37191,period_3250,G 1960,activity_2877,2025-04-22T00:00:00Z,Central Back,null,972.6669638555288,7,0,184,79,1997-06-22
37191,period_1708,G 1960,activity_2574,2025-02-07T00:00:00Z,Central Back,null,1163.48572683639,8,0,184,79,1997-06-22
37191,period_3309,G 8095,activity_4690,2025-04-21T00:00:00Z,Central Back,null,673.5337845181665,11,10.641551753750003,184,79,1997-06-22
37191,period_3308,TEC 5341,activity_1589,2025-04-09T00:00:00Z,Central Back,null,330.1021389468831,1,0,184,79,1997-06-22
37191,period_3591,BP 2351,activity_599,2025-04-15T00:00:00Z,Central Back,null,789.7068838954058,0,22.662436428227156,184,79,1997-06-22
37191,period_2614,TAC 0133,activity_96,2025-02-25T00:00:00Z,Central Back,null,1257.9275603696278,1,27.270545556937634,184,79,1997-06-22
37191,period_4590,BP 5787,activity_1554,2025-03-27T00:00:00Z,Central Back,null,337.6561512135355,3,0,184,79,1997-06-22
37191,period_2985,BP 4893,activity_3943,2024-08-10T00:00:00Z,Central Back,null,712.3059495042958,5,0,184,79,1997-06-22
37191,period_4208,BP 1331,activity_4690,2025-04-21T00:00:00Z,Central Back,null,1036.7614915411536,1,0,184,79,1997-06-22
37191,period_75,TEC 9696,activity_4208,2025-05-02T00:00:00Z,Central Back,null,216.13433625092105,4,0,184,79,1997-06-22
37191,period_2390,TAC 0133,activity_1951,2025-04-19T00:00:00Z,Central Back,null,1687.839871336851,1,0,184,79,1997-06-22
37191,period_3868,BP 5376,activity_4690,2025-04-21T00:00:00Z,Central Back,null,401.497049680057,7,0,184,79,1997-06-22
37191,period_2108,TAC 0133,activity_4407,2025-04-04T00:00:00Z,Central Back,null,5945.01847812323,0,36.30342582205833,184,79,1997-06-22
37191,period_4540,G 5931,activity_823,2025-05-01T00:00:00Z,Central Back,null,1568.9598352251535,8,1.3404376033224434,184,79,1997-06-22
37191,period_1196,TAC 7101,activity_2160,2024-07-29T00:00:00Z,Central Back,null,327.6490447647635,0,15.695041357653317,184,79,1997-06-22
37191,period_432,TEC 9696,activity_2516,2025-04-10T00:00:00Z,Central Back,null,274.24590968106753,0,0,184,79,1997-06-22
37191,period_3468,G 1960,activity_75,2025-02-22T00:00:00Z,Central Back,null,1272.487882526307,2,4.280893289669046,184,79,1997-06-22
37191,period_2180,TAC 0133,activity_1415,2025-05-07T00:00:00Z,Central Back,null,1398.5641659081998,5,0,184,79,1997-06-22
37191,period_26,G 8281,activity_1060,2025-02-21T00:00:00Z,Central Back,null,1693.0671007797107,9,2.1664751763651853,184,79,1997-06-22
37191,period_2071,G 1960,activity_3493,2025-05-10T00:00:00Z,Central Back,null,1496.0078195811975,3,31.541444068017015,184,79,1997-06-22
88732,period_350,TAC 0133,activity_3943,2024-08-10T00:00:00Z,Full Back,null,760.1418621530522,0,0,173,74,1992-03-18
88732,period_1862,BP 6247,activity_2249,2024-08-08T00:00:00Z,Full Back,null,317.6993701750825,8,8.72574515673864,173,74,1992-03-18
88732,period_1493,TAC 0133,activity_4436,2024-08-23T00:00:00Z,Full Back,null,1230.8254365301746,4,0,173,74,1992-03-18
88732,period_4489,G 8281,activity_4067,2024-09-26T00:00:00Z,Full Back,null,690.970544320529,8,12.956489217442334,173,74,1992-03-18
88732,period_3812,G 1960,activity_4436,2024-08-23T00:00:00Z,Full Back,null,1296.26468720513,10,27.096541732834588,173,74,1992-03-18
88732,period_190,G 3218,activity_4067,2024-09-26T00:00:00Z,Full Back,null,1410.7249229950896,3,25.011501565103263,173,74,1992-03-18
88732,period_4270,G 7015,activity_486,2024-08-11T00:00:00Z,Full Back,null,2263.2725716564414,2,0,173,74,1992-03-18
88732,period_2985,BP 4893,activity_3943,2024-08-10T00:00:00Z,Full Back,null,1000.1135353516916,7,0,173,74,1992-03-18
88732,period_3087,BP 3930,activity_4067,2024-09-26T00:00:00Z,Full Back,null,1699.8889416012842,4,0,173,74,1992-03-18
88732,period_3707,G 1960,activity_4304,2024-09-13T00:00:00Z,Full Back,null,2041.3257672540228,7,0,173,74,1992-03-18
88732,period_2474,TAC 3056,activity_4436,2024-08-23T00:00:00Z,Full Back,null,1159.1868318878105,5,0,173,74,1992-03-18
88732,period_1612,TEC 5341,activity_2249,2024-08-08T00:00:00Z,Full Back,null,290.79000674712813,9,0,173,74,1992-03-18
88732,period_2876,TAC 0133,activity_486,2024-08-11T00:00:00Z,Full Back,null,1488.6741381926174,5,0,173,74,1992-03-18
88732,period_1764,TAC 0133,activity_4304,2024-09-13T00:00:00Z,Full Back,null,1290.7478539463314,2,5.078878860682868,173,74,1992-03-18
88732,period_3105,null,activity_1093,2024-09-29T00:00:00Z,Full Back,1,2222.1737925190387,7,17.14713106878262,173,74,1992-03-18
88732,period_1389,null,activity_3352,2024-08-18T00:00:00Z,Full Back,1,837.4095912459502,8,37.27630818885669,173,74,1992-03-18
88732,period_2423,null,activity_4443,2024-08-25T00:00:00Z,Full Back,1,1319.8687889710784,4,20.72374263614716,173,74,1992-03-18
88732,period_4651,null,activity_1493,2024-09-01T00:00:00Z,Full Back,1,1792.3900570457804,8,22.16716773222345,173,74,1992-03-18
88732,period_4335,null,activity_2300,2024-08-29T00:00:00Z,Full Back,1,1524.8027844262033,9,0,173,74,1992-03-18
88732,period_4655,null,activity_1778,2024-09-21T00:00:00Z,Full Back,1,1386.041286200247,11,36.1780701903905,173,74,1992-03-18
88732,period_4304,null,activity_865,2024-10-05T00:00:00Z,Full Back,1,2517.5325294058575,10,41.258763246431855,173,74,1992-03-18
88732,period_4699,null,activity_929,2024-10-02T00:00:00Z,Full Back,1,322.33273388127526,8,1.946701068826479,173,74,1992-03-18
88732,period_3385,null,activity_3285,2024-09-17T00:00:00Z,Full Back,1,1140.9750183707283,6,34.730518635668965,173,74,1992-03-18
88732,period_2060,null,activity_4216,2024-09-14T00:00:00Z,Full Back,1,1195.9721201975447,7,0,173,74,1992-03-18
88732,period_3578,G 1960,activity_3638,2024-08-17T00:00:00Z,Full Back,null,1701.293026603816,3,13.589721455574042,173,74,1992-03-18
88732,period_1819,G 1960,activity_4433,2024-08-28T00:00:00Z,Full Back,null,4100.712744046179,5,0,173,74,1992-03-18
88732,period_663,G 0184,activity_2249,2024-08-08T00:00:00Z,Full Back,null,1604.5132503282464,10,0,173,74,1992-03-18
88732,period_1778,G 1960,activity_3623,2024-09-27T00:00:00Z,Full Back,null,2765.571277376109,6,10.601246483279613,173,74,1992-03-18
88732,period_3998,TAC 0133,activity_4433,2024-08-28T00:00:00Z,Full Back,null,891.0876787239421,2,27.844838307995364,173,74,1992-03-18
88732,period_1284,TAC 3056,activity_4436,2024-08-23T00:00:00Z,Full Back,null,1261.465813261318,5,35.28969373061449,173,74,1992-03-18
88732,period_2586,TAC 5940,activity_3532,2024-09-16T00:00:00Z,Full Back,null,953.6426634840442,11,33.834227766033024,173,74,1992-03-18
88732,period_362,TAC 0133,activity_4436,2024-08-23T00:00:00Z,Full Back,null,1815.7109146854727,2,0,173,74,1992-03-18
88732,period_2249,G 3863,activity_789,2024-08-22T00:00:00Z,Full Back,null,1225.6337194352188,3,0,173,74,1992-03-18
88732,period_4782,TAC 0133,activity_3638,2024-08-17T00:00:00Z,Full Back,null,1009.8617498285726,5,0,173,74,1992-03-18
88732,period_4037,G 7015,activity_486,2024-08-11T00:00:00Z,Full Back,null,963.8926096021646,4,15.64024039412868,173,74,1992-03-18
88732,period_3070,G 1960,activity_3532,2024-09-16T00:00:00Z,Full Back,null,1829.624222484545,4,60.898665718060954,173,74,1992-03-18
88732,period_1061,TAC 0133,activity_3623,2024-09-27T00:00:00Z,Full Back,null,602.9703147976163,6,86.4980871310345,173,74,1992-03-18
88732,period_1192,BP 2351,activity_789,2024-08-22T00:00:00Z,Full Back,null,226.169034166175,5,0,173,74,1992-03-18
88732,period_1923,TEC 5341,activity_4436,2024-08-23T00:00:00Z,Full Back,null,239.1382123418699,0,0,173,74,1992-03-18
82742,period_4067,G 3218,activity_2160,2024-07-29T00:00:00Z,Central Midfielder,null,1740.5261206494406,3,0,182,68,2004-09-27
82742,period_1196,TAC 7101,activity_2160,2024-07-29T00:00:00Z,Central Midfielder,null,1047.8855691190079,3,0,182,68,2004-09-27
82742,period_4216,G 0184,activity_1230,2024-07-27T00:00:00Z,Central Midfielder,null,2056.786914924696,7,0,182,68,2004-09-27
82742,period_4157,G 1960,activity_4699,2024-07-30T00:00:00Z,Central Midfielder,null,1319.6731002215902,3,9.197129285398356,182,68,2004-09-27
82742,period_483,BP 2654,activity_2160,2024-07-29T00:00:00Z,Central Midfielder,null,929.0508190199934,4,0,182,68,2004-09-27
82742,period_1247,G 0184,activity_1230,2024-07-27T00:00:00Z,Central Midfielder,null,1481.3937161652634,10,0,182,68,2004-09-27
82742,period_2894,TAC 0133,activity_4699,2024-07-30T00:00:00Z,Central Midfielder,null,469.5982692870856,0,51.42359803376485,182,68,2004-09-27
82742,period_2366,null,activity_830,2024-08-01T00:00:00Z,Central Midfielder,1,1901.3129613538158,4,94.00298749913888,182,68,2004-09-27
82742,period_4016,BP 2269,activity_1230,2024-07-27T00:00:00Z,Central Midfielder,null,1232.258999090674,10,0,182,68,2004-09-27
82742,period_562,G 0184,activity_1230,2024-07-27T00:00:00Z,Central Midfielder,null,1543.4549053377016,6,8.451514554895256,182,68,2004-09-27
82742,period_2511,BP 4893,activity_4699,2024-07-30T00:00:00Z,Central Midfielder,null,657.9175046693588,10,0,182,68,2004-09-27
82742,period_1957,G 0184,activity_1230,2024-07-27T00:00:00Z,Central Midfielder,null,2885.765699032559,4,26.140467268986693,182,68,2004-09-27
64878,period_190,G 3218,activity_4067,2024-09-26T00:00:00Z,Full Back,null,308.76406916134954,8,24.680822971530173,178,75,1995-09-02
64878,period_4270,G 7015,activity_486,2024-08-11T00:00:00Z,Full Back,null,789.4152059196867,11,39.17185836253521,178,75,1995-09-02
64878,period_99,G 7824,activity_3299,2025-02-27T00:00:00Z,Full Back,null,3019.9793329666095,9,0,178,75,1995-09-02
64878,period_948,G 3164,activity_2995,2024-08-26T00:00:00Z,Full Back,null,597.7165426898039,8,10.563564769765522,178,75,1995-09-02
64878,period_4037,G 7015,activity_486,2024-08-11T00:00:00Z,Full Back,null,1893.2494317281592,12,19.78411275416259,178,75,1995-09-02
64878,period_4128,BP 2654,activity_1945,2025-03-10T00:00:00Z,Full Back,null,720.9890327579321,9,0,178,75,1995-09-02
64878,period_1565,TAC 7525,activity_3243,2025-03-11T00:00:00Z,Full Back,null,1251.8421826990161,5,49.66478479317223,178,75,1995-09-02
64878,period_865,TAC 0133,activity_2955,2025-01-15T00:00:00Z,Full Back,null,1393.2937270580799,0,12.62458505910964,178,75,1995-09-02
64878,period_3221,TAC 5940,activity_874,2024-11-03T00:00:00Z,Full Back,null,1085.7403671970242,0,25.62885950588518,178,75,1995-09-02
64878,period_4584,G 4139,activity_1945,2025-03-10T00:00:00Z,Full Back,null,2783.2793597940286,4,64.7041133729731,178,75,1995-09-02
64878,period_3993,TAC 7525,activity_359,2025-01-07T00:00:00Z,Full Back,null,1315.9097908648546,9,4.802891813320734,178,75,1995-09-02
64878,period_1923,TEC 5341,activity_4436,2024-08-23T00:00:00Z,Full Back,null,492.09108405720036,7,0,178,75,1995-09-02
64878,period_3582,G 5931,activity_3243,2024-10-17T00:00:00Z,Full Back,null,1189.6662405270547,5,31.914735748847434,178,75,1995-09-02
64878,period_1612,TEC 5341,activity_2249,2024-08-08T00:00:00Z,Full Back,null,109.62300032912145,0,0,178,75,1995-09-02
64878,period_1819,G 1960,activity_4433,2024-08-28T00:00:00Z,Full Back,null,913.4931074143391,8,0,178,75,1995-09-02
64878,period_995,BP 8299,activity_3299,2025-02-27T00:00:00Z,Full Back,null,1061.2051949218574,12,0,178,75,1995-09-02
64878,period_362,TAC 0133,activity_4436,2024-08-23T00:00:00Z,Full Back,null,2899.3119516527263,10,7.9952021871495145,178,75,1995-09-02
64878,period_4993,G 1960,activity_3243,2025-03-11T00:00:00Z,Full Back,null,611.8801909192375,4,22.347689342885992,178,75,1995-09-02
64878,period_2972,G 0184,activity_2995,2024-08-26T00:00:00Z,Full Back,null,1465.3648912790184,5,0,178,75,1995-09-02
64878,period_334,BP 2654,activity_359,2025-01-07T00:00:00Z,Full Back,null,1676.791598656414,4,0,178,75,1995-09-02
64878,period_3468,G 1960,activity_75,2025-02-22T00:00:00Z,Full Back,null,884.2359416636609,3,14.736116198694317,178,75,1995-09-02
64878,period_578,BP 4893,activity_4122,2025-01-08T00:00:00Z,Full Back,null,397.0507477094786,0,7.827132374111652,178,75,1995-09-02
64878,period_663,G 0184,activity_2249,2024-08-08T00:00:00Z,Full Back,null,3295.6132574299104,9,35.05303997447404,178,75,1995-09-02
64878,period_3129,TEC 5341,activity_3357,2025-04-25T00:00:00Z,Full Back,null,179.57262961385513,0,0,178,75,1995-09-02
64878,period_4407,G 1669,activity_2423,2025-01-01T00:00:00Z,Full Back,null,852.5367060800986,3,31.210685102999317,178,75,1995-09-02
64878,period_4249,TEC 5341,activity_1060,2025-02-21T00:00:00Z,Full Back,null,181.43510042130532,0,0,178,75,1995-09-02
64878,period_2985,BP 4893,activity_3943,2024-08-10T00:00:00Z,Full Back,null,1034.0943583962078,5,69.287179855154,178,75,1995-09-02
64878,period_2500,G 3164,activity_1945,2025-03-10T00:00:00Z,Full Back,null,714.8501529888623,4,13.601870746992308,178,75,1995-09-02
64878,period_174,BP 1031,activity_3243,2024-10-17T00:00:00Z,Full Back,null,525.3208324297291,4,0,178,75,1995-09-02
64878,period_4084,G 3164,activity_439,2024-10-09T00:00:00Z,Full Back,null,1424.941199533397,10,16.92492956446937,178,75,1995-09-02
64878,period_2652,TEC 5341,activity_2423,2025-01-01T00:00:00Z,Full Back,null,406.3405689717047,8,0,178,75,1995-09-02
64878,period_1493,TAC 0133,activity_4436,2024-08-23T00:00:00Z,Full Back,null,1165.0923580335882,12,0,178,75,1995-09-02
64878,period_3087,BP 3930,activity_4067,2024-09-26T00:00:00Z,Full Back,null,1417.5551872275732,0,0,178,75,1995-09-02
64878,period_2586,TAC 5940,activity_3532,2024-09-16T00:00:00Z,Full Back,null,952.5103740833648,0,26.261816757305258,178,75,1995-09-02
64878,period_873,G 1960,activity_1924,2025-02-28T00:00:00Z,Full Back,null,1933.5469610962634,6,0,178,75,1995-09-02
64878,period_3070,G 1960,activity_3532,2024-09-16T00:00:00Z,Full Back,null,1709.0732099285065,4,80.63183858486067,178,75,1995-09-02
64878,period_3306,G 1960,activity_1973,2025-03-08T00:00:00Z,Full Back,null,2118.5431036681643,4,13.889765210928584,178,75,1995-09-02
64878,period_3578,G 1960,activity_3638,2024-08-17T00:00:00Z,Full Back,null,1819.2194640636994,8,38.889488010126364,178,75,1995-09-02
64878,period_1778,G 1960,activity_3623,2024-09-27T00:00:00Z,Full Back,null,2145.1009504847048,4,3.8929555495699084,178,75,1995-09-02
64878,period_3998,TAC 0133,activity_4433,2024-08-28T00:00:00Z,Full Back,null,632.7086643653579,2,67.83805125647203,178,75,1995-09-02
64878,period_4717,G 1960,activity_2593,2024-10-18T00:00:00Z,Full Back,null,461.90226302340875,7,0,178,75,1995-09-02
64878,period_1607,G 3218,activity_2423,2025-01-01T00:00:00Z,Full Back,null,1301.8085471400475,7,31.343287502122116,178,75,1995-09-02
64878,period_3001,G 1960,activity_96,2025-02-25T00:00:00Z,Full Back,null,1991.1663346368732,10,47.875444099048316,178,75,1995-09-02
64878,period_3392,G 5133,activity_2995,2024-08-26T00:00:00Z,Full Back,null,1264.3565767864468,2,0,178,75,1995-09-02
64878,period_2155,TAC 0133,activity_3105,2025-01-18T00:00:00Z,Full Back,null,2142.2610064177356,8,4.259906424108308,178,75,1995-09-02
64878,period_3317,TEC 5098,activity_2995,2024-08-26T00:00:00Z,Full Back,null,157.51784891969186,0,0,178,75,1995-09-02
64878,period_3206,BP 1615,activity_1061,2024-12-31T00:00:00Z,Full Back,null,796.2392888860495,5,0,178,75,1995-09-02
64878,period_3614,G 5931,activity_109,2024-11-30T00:00:00Z,Full Back,null,857.3069703697761,4,39.66104177147819,178,75,1995-09-02
64878,period_2628,G 1960,activity_4122,2025-01-08T00:00:00Z,Full Back,null,1268.0156836066737,1,0,178,75,1995-09-02
64878,period_2876,TAC 0133,activity_486,2024-08-11T00:00:00Z,Full Back,null,1506.469971720928,10,0,178,75,1995-09-02
64878,period_3352,TAC 0133,activity_2761,2025-03-03T00:00:00Z,Full Back,null,1554.8869899108065,7,38.18835482177947,178,75,1995-09-02
64878,period_771,TAC 7525,activity_1059,2025-03-06T00:00:00Z,Full Back,null,1159.5588289225382,1,0,178,75,1995-09-02
64878,period_390,BP 2351,activity_1061,2024-12-31T00:00:00Z,Full Back,null,712.9060060330605,7,37.68264129595293,178,75,1995-09-02
64878,period_4187,TAC 7525,activity_2877,2025-04-22T00:00:00Z,Full Back,null,1161.8072708120978,10,29.836758149632434,178,75,1995-09-02
64878,period_874,G 1960,activity_2601,2024-12-21T00:00:00Z,Full Back,null,1879.1090752470625,6,0,178,75,1995-09-02
64878,period_3585,TAC 7525,activity_2601,2024-12-21T00:00:00Z,Full Back,null,775.6180785744424,6,35.536319314302816,178,75,1995-09-02
64878,period_4147,TAC 7525,activity_3357,2025-04-25T00:00:00Z,Full Back,null,1057.2432772340223,8,14.114212433288243,178,75,1995-09-02
64878,period_1585,TAC 0133,activity_2593,2024-10-18T00:00:00Z,Full Back,null,1348.8746244305185,4,0,178,75,1995-09-02
64878,period_1916,G 1960,activity_439,2024-10-09T00:00:00Z,Full Back,null,1111.1405258462462,16,59.828841954585215,178,75,1995-09-02
64878,period_3243,null,activity_2831,2025-01-22T00:00:00Z,Full Back,1,2011.6248495443613,11,74.2434420032962,178,75,1995-09-02
64878,period_2210,null,activity_1284,2024-11-27T00:00:00Z,Full Back,1,1165.9398019167622,11,37.47840602938543,178,75,1995-09-02
64878,period_3073,null,activity_2361,2025-02-23T00:00:00Z,Full Back,1,2347.779839285936,5,17.865605779128344,178,75,1995-09-02
64878,period_4304,null,activity_865,2024-10-05T00:00:00Z,Full Back,1,6388.194367347419,7,37.1269820521176,178,75,1995-09-02
64878,period_823,null,activity_146,2024-10-26T00:00:00Z,Full Back,1,716.496602852632,9,20.665306803810797,178,75,1995-09-02
64878,period_4299,null,activity_432,2024-10-19T00:00:00Z,Full Back,1,1500.6353980150218,8,32.6206957183692,178,75,1995-09-02
64878,period_4651,null,activity_1493,2024-09-01T00:00:00Z,Full Back,1,1688.4984954255046,7,5.801541594507993,178,75,1995-09-02
64878,period_3299,null,activity_4800,2024-12-07T00:00:00Z,Full Back,1,2139.108880548029,8,75.50127314207768,178,75,1995-09-02
64878,period_4335,null,activity_2300,2024-08-29T00:00:00Z,Full Back,1,1087.3473970593152,8,37.35003840716068,178,75,1995-09-02
64878,period_3030,null,activity_2954,2025-03-01T00:00:00Z,Full Back,1,1690.886576247442,8,6.365401686539356,178,75,1995-09-02
64878,period_2060,null,activity_4216,2024-09-14T00:00:00Z,Full Back,1,2943.7510957708764,7,92.99983301018636,178,75,1995-09-02
64878,period_109,null,activity_2511,2025-02-05T00:00:00Z,Full Back,1,872.2652405041341,7,30.38388818767731,178,75,1995-09-02
64878,period_359,null,activity_944,2025-02-19T00:00:00Z,Full Back,1,2016.1851498270414,8,51.2870821438009,178,75,1995-09-02
64878,period_1951,null,activity_1585,2025-03-04T00:00:00Z,Full Back,1,1572.96773710988,6,0,178,75,1995-09-02
64878,period_3385,null,activity_3285,2024-09-17T00:00:00Z,Full Back,1,1482.7820257651663,10,74.52533945987932,178,75,1995-09-02
64878,period_2574,null,activity_2071,2025-04-26T00:00:00Z,Full Back,1,848.237242443419,3,11.609443457469455,178,75,1995-09-02
64878,period_2593,null,activity_2152,2025-01-03T00:00:00Z,Full Back,1,4325.915880481375,6,37.56843311344698,178,75,1995-09-02
64878,period_4208,null,activity_473,2025-01-09T00:00:00Z,Full Back,1,1490.8304008312186,11,6.318877191743794,178,75,1995-09-02
64878,period_3943,null,activity_2558,2025-02-11T00:00:00Z,Full Back,1,2708.247215385509,10,0,178,75,1995-09-02
64878,period_2655,null,activity_2614,2025-03-12T00:00:00Z,Full Back,1,1757.2785830911773,7,30.075922145365773,178,75,1995-09-02
64878,period_3040,null,activity_2953,2025-02-26T00:00:00Z,Full Back,1,605.725967962873,12,17.35036422347828,178,75,1995-09-02
64878,period_4436,null,activity_3206,2025-01-29T00:00:00Z,Full Back,1,2092.40317631346,8,27.848132889096025,178,75,1995-09-02
64878,period_1389,null,activity_3352,2024-08-18T00:00:00Z,Full Back,1,1326.882721946832,5,12.882394343839445,178,75,1995-09-02
64878,period_4699,null,activity_929,2024-10-02T00:00:00Z,Full Back,1,1091.3662691818997,12,31.6169836709376,178,75,1995-09-02
64878,period_3516,null,activity_3564,2025-01-12T00:00:00Z,Full Back,1,1528.6236375237447,7,33.308995782656105,178,75,1995-09-02
64878,period_789,null,activity_4496,2024-09-24T00:00:00Z,Full Back,1,1743.7211638997326,8,22.935399708547525,178,75,1995-09-02
64878,period_3105,null,activity_1093,2024-09-29T00:00:00Z,Full Back,1,3201.1800230214517,7,57.403162058696594,178,75,1995-09-02
64878,period_4690,null,activity_883,2024-12-04T00:00:00Z,Full Back,1,1592.1854977682967,8,35.48155655381988,178,75,1995-09-02
64878,period_4137,null,activity_2405,2024-10-22T00:00:00Z,Full Back,1,1379.701542801182,8,18.404135261135572,178,75,1995-09-02
64878,period_1431,null,activity_1456,2024-11-05T00:00:00Z,Full Back,1,801.1842928425957,8,37.793732566902094,178,75,1995-09-02
64878,period_939,TAC 0133,activity_4137,2025-03-07T00:00:00Z,Full Back,null,740.3555057310869,6,68.0527857659927,178,75,1995-09-02
64878,period_1192,BP 2351,activity_789,2024-08-22T00:00:00Z,Full Back,null,357.88152925578817,3,0,178,75,1995-09-02
64878,period_4650,BP 2351,activity_439,2024-10-09T00:00:00Z,Full Back,null,1176.553124801656,2,0,178,75,1995-09-02
64878,period_1641,G 1960,activity_2955,2025-01-15T00:00:00Z,Full Back,null,1550.1297169345637,2,4.621671520719441,178,75,1995-09-02
64878,period_4602,G 7242,activity_3516,2025-04-24T00:00:00Z,Full Back,null,801.2909594132808,4,0,178,75,1995-09-02
64878,period_2405,G 5146,activity_359,2025-01-07T00:00:00Z,Full Back,null,497.9129215974255,1,15.612249198349643,178,75,1995-09-02
64878,period_4703,TAC 0133,activity_2574,2025-02-07T00:00:00Z,Full Back,null,604.5715750319209,3,15.187246491948198,178,75,1995-09-02
64878,period_425,G 1960,activity_3385,2025-02-14T00:00:00Z,Full Back,null,1758.2571509716313,11,0,178,75,1995-09-02
64878,period_3988,BP 8299,activity_3516,2025-04-24T00:00:00Z,Full Back,null,971.2234991142144,7,0,178,75,1995-09-02
64878,period_233,BP 2351,activity_1060,2025-02-21T00:00:00Z,Full Back,null,563.7995489148879,3,0,178,75,1995-09-02
64878,period_1061,TAC 0133,activity_3623,2024-09-27T00:00:00Z,Full Back,null,1851.2600596961624,3,7.144474911083395,178,75,1995-09-02
64878,period_4617,G 8908,activity_1059,2025-03-06T00:00:00Z,Full Back,null,1483.0074568995146,5,71.48585954543681,178,75,1995-09-02
64878,period_4834,G 3164,activity_3516,2025-04-24T00:00:00Z,Full Back,null,733.385534648671,12,28.20919736427342,178,75,1995-09-02
64878,period_3564,G 3218,activity_1061,2024-12-31T00:00:00Z,Full Back,null,2952.9778604342,10,22.292463496994664,178,75,1995-09-02
64878,period_4067,G 1960,activity_4137,2025-03-07T00:00:00Z,Full Back,null,534.0193716403187,12,24.65180070048457,178,75,1995-09-02
64878,period_1589,TAC 3056,activity_4436,2024-08-23T00:00:00Z,Full Back,null,695.163376444112,3,22.447544550146837,178,75,1995-09-02
64878,period_1708,G 1960,activity_2574,2025-02-07T00:00:00Z,Full Back,null,3880.407742647426,2,17.11242299557696,178,75,1995-09-02
64878,period_2920,BP 3884,activity_3243,2024-10-17T00:00:00Z,Full Back,null,601.3358785559118,3,1.9565908285242566,178,75,1995-09-02
64878,period_3812,G 1960,activity_4436,2024-08-23T00:00:00Z,Full Back,null,1280.8331946695948,10,24.895024585283224,178,75,1995-09-02
64878,period_625,TAC 0133,activity_2655,2025-02-04T00:00:00Z,Full Back,null,691.0017236397848,7,10.365228193119183,178,75,1995-09-02
64878,period_350,TAC 0133,activity_3943,2024-08-10T00:00:00Z,Full Back,null,1006.5546975550617,3,21.12688317300557,178,75,1995-09-02
64878,period_2614,TAC 0133,activity_96,2025-02-25T00:00:00Z,Full Back,null,2741.4313364687996,19,4.61322041753871,178,75,1995-09-02
64878,period_3707,G 1960,activity_4304,2024-09-13T00:00:00Z,Full Back,null,1321.3542880980438,2,3.5235559157204093,178,75,1995-09-02
64878,period_1862,BP 6247,activity_2249,2024-08-08T00:00:00Z,Full Back,null,702.1772702573828,2,0,178,75,1995-09-02
64878,period_4122,G 1960,activity_3357,2025-04-25T00:00:00Z,Full Back,null,1554.700487594696,12,0,178,75,1995-09-02
64878,period_1526,BP 2351,activity_1973,2025-03-08T00:00:00Z,Full Back,null,1794.0204222561354,0,0,178,75,1995-09-02
64878,period_4782,TAC 0133,activity_3638,2024-08-17T00:00:00Z,Full Back,null,1671.366030248297,7,39.68901703338249,178,75,1995-09-02
64878,period_650,TAC 0133,activity_3357,2025-04-25T00:00:00Z,Full Back,null,1341.143065790285,7,5.64741277113196,178,75,1995-09-02
64878,period_1764,TAC 0133,activity_4304,2024-09-13T00:00:00Z,Full Back,null,1006.6622916200755,4,45.04235850061152,178,75,1995-09-02
64878,period_2758,TAC 3056,activity_4436,2024-08-23T00:00:00Z,Full Back,null,1054.972893020289,6,28.778315839727842,178,75,1995-09-02
64878,period_1106,G 7940,activity_3299,2025-02-27T00:00:00Z,Full Back,null,1607.8240995628937,2,7.271722486702829,178,75,1995-09-02
64878,period_4155,BP 1822,activity_1060,2025-02-21T00:00:00Z,Full Back,null,473.5639382193033,7,0,178,75,1995-09-02
42978,period_4067,G 3218,activity_2160,2024-07-29T00:00:00Z,Central Midfielder,null,645.0089048031455,2,0,180,200,1969-01-16
42978,period_1247,G 0184,activity_1230,2024-07-27T00:00:00Z,Central Midfielder,null,2724.629644561307,5,1.2993997696983648,180,200,1969-01-16
42978,period_3226,G 1960,activity_1555,2024-08-02T00:00:00Z,Central Midfielder,null,2545.6457921277492,4,3.2754316911926007,180,200,1969-01-16
42978,period_1196,TAC 7101,activity_2160,2024-07-29T00:00:00Z,Central Midfielder,null,1227.1549177203453,1,0,180,200,1969-01-16
42978,period_2102,TAC 5940,activity_1555,2024-08-02T00:00:00Z,Central Midfielder,null,304.55590944643205,5,19.76025746698638,180,200,1969-01-16
42978,period_4216,G 0184,activity_1230,2024-07-27T00:00:00Z,Central Midfielder,null,1810.4372969683868,3,1.4665550265898626,180,200,1969-01-16
42978,period_1957,G 0184,activity_1230,2024-07-27T00:00:00Z,Central Midfielder,null,2138.0794487116113,4,66.85611363318345,180,200,1969-01-16
42978,period_4443,BP 2351,activity_1555,2024-08-02T00:00:00Z,Central Midfielder,null,232.65356236458476,0,0,180,200,1969-01-16
42978,period_4157,G 1960,activity_4699,2024-07-30T00:00:00Z,Central Midfielder,null,641.4266813763903,3,0,180,200,1969-01-16
42978,period_2894,TAC 0133,activity_4699,2024-07-30T00:00:00Z,Central Midfielder,null,2076.3076121505014,7,19.474227638844415,180,200,1969-01-16
42978,period_3243,null,activity_4016,2024-08-06T00:00:00Z,Central Midfielder,1,1524.0758199853012,6,47.517158518576814,180,200,1969-01-16
42978,period_2516,null,activity_830,2024-08-01T00:00:00Z,Central Midfielder,1,1394.3726010839107,8,0.14029631750859178,180,200,1969-01-16
42978,period_3532,null,activity_625,2024-08-04T00:00:00Z,Central Midfielder,1,2802.2078478404633,8,3.697269047251812,180,200,1969-01-16
42978,period_2148,null,activity_4016,2024-08-07T00:00:00Z,Central Midfielder,1,1458.1980075417766,5,7.536486513521321,180,200,1969-01-16
42978,period_2366,null,activity_830,2024-08-01T00:00:00Z,Central Midfielder,1,2619.1879023467195,7,17.502538135279558,180,200,1969-01-16
42978,period_2877,null,activity_625,2024-08-03T00:00:00Z,Central Midfielder,1,5710.250824563306,4,15.228882599648177,180,200,1969-01-16
42978,period_2601,null,activity_625,2024-08-04T00:00:00Z,Central Midfielder,1,1838.8117672110986,6,9.59799527414565,180,200,1969-01-16
42978,period_483,BP 2654,activity_2160,2024-07-29T00:00:00Z,Central Midfielder,null,1456.6999484637056,6,0,180,200,1969-01-16
42978,period_562,G 0184,activity_1230,2024-07-27T00:00:00Z,Central Midfielder,null,1041.9702631842058,3,3.305905746643912,180,200,1969-01-16
42978,period_4016,BP 2269,activity_1230,2024-07-27T00:00:00Z,Central Midfielder,null,1260.693807925006,3,0,180,200,1969-01-16
42978,period_2511,BP 4893,activity_4699,2024-07-30T00:00:00Z,Central Midfielder,null,463.18870589068086,0,0,180,200,1969-01-16
53111,period_2894,TAC 0133,activity_4699,2024-07-30T00:00:00Z,Central Midfielder,null,1138.5842744763193,5,27.595394545315106,185,70,2004-12-23
53111,period_562,G 0184,activity_1230,2024-07-27T00:00:00Z,Central Midfielder,null,1066.6665950685988,5,3.4018808288047975,185,70,2004-12-23
53111,period_2102,TAC 5940,activity_1555,2024-08-02T00:00:00Z,Central Midfielder,null,2000.1871239020472,10,0,185,70,2004-12-23
53111,period_4067,G 3218,activity_2160,2024-07-29T00:00:00Z,Central Midfielder,null,2030.7014222615949,8,15.891023515184848,185,70,2004-12-23
53111,period_1196,TAC 7101,activity_2160,2024-07-29T00:00:00Z,Central Midfielder,null,2778.9710768578525,5,0,185,70,2004-12-23
53111,period_2511,BP 4893,activity_4699,2024-07-30T00:00:00Z,Central Midfielder,null,1672.1447270089357,7,0,185,70,2004-12-23
53111,period_4216,G 0184,activity_1230,2024-07-27T00:00:00Z,Central Midfielder,null,926.7272919847247,5,0,185,70,2004-12-23
53111,period_4157,G 1960,activity_4699,2024-07-30T00:00:00Z,Central Midfielder,null,1177.2547966949599,0,0,185,70,2004-12-23
53111,period_483,BP 2654,activity_2160,2024-07-29T00:00:00Z,Central Midfielder,null,1041.6633047764246,10,0,185,70,2004-12-23
53111,period_4016,BP 2269,activity_1230,2024-07-27T00:00:00Z,Central Midfielder,null,663.5019964144201,5,0,185,70,2004-12-23
53111,period_3532,null,activity_625,2024-08-04T00:00:00Z,Central Midfielder,1,1886.1375164974588,14,56.32961439075599,185,70,2004-12-23
53111,period_2148,null,activity_4016,2024-08-07T00:00:00Z,Central Midfielder,1,1645.9241722641336,6,9.638504724279056,185,70,2004-12-23
53111,period_2366,null,activity_830,2024-08-01T00:00:00Z,Central Midfielder,1,1514.4720489814435,5,19.764739426634033,185,70,2004-12-23
53111,period_4443,BP 2351,activity_1555,2024-08-02T00:00:00Z,Central Midfielder,null,577.0348170836795,6,0,185,70,2004-12-23
53111,period_1957,G 0184,activity_1230,2024-07-27T00:00:00Z,Central Midfielder,null,5009.555852386076,4,14.04365278597576,185,70,2004-12-23
53111,period_1247,G 0184,activity_1230,2024-07-27T00:00:00Z,Central Midfielder,null,3537.159679121478,1,14.10346823195617,185,70,2004-12-23
53111,period_3226,G 1960,activity_1555,2024-08-02T00:00:00Z,Central Midfielder,null,807.1084306173462,0,8.93548640813707,185,70,2004-12-23
31083,period_578,BP 4893,activity_4122,2025-01-08T00:00:00Z,Central Back,null,420.3411864321271,1,0,184,84,2003-11-06
31083,period_625,TAC 0133,activity_2655,2025-02-04T00:00:00Z,Central Back,null,1406.3500186681088,9,0,184,84,2003-11-06
31083,period_4155,BP 1822,activity_1060,2025-02-21T00:00:00Z,Central Back,null,606.2616282311199,3,0,184,84,2003-11-06
31083,period_771,TAC 7525,activity_1059,2025-03-06T00:00:00Z,Central Back,null,2342.0391080393515,2,0,184,84,2003-11-06
31083,period_146,G 3164,activity_2423,2025-01-01T00:00:00Z,Central Back,null,2363.2899869624775,13,24.41751877910251,184,84,2003-11-06
31083,period_4407,G 1669,activity_2423,2025-01-01T00:00:00Z,Central Back,null,1915.4009220038984,5,0,184,84,2003-11-06
31083,period_298,BP 5787,activity_4251,2025-05-21T00:00:00Z,Central Back,null,938.5323777990528,0,24.519551984216637,184,84,2003-11-06
31083,period_883,BP 4893,activity_4655,2025-04-06T00:00:00Z,Central Back,null,808.3844288321494,3,0,184,84,2003-11-06
31083,period_2390,TAC 0133,activity_1951,2025-04-19T00:00:00Z,Central Back,null,664.283580832775,5,0,184,84,2003-11-06
31083,period_4496,G 1960,activity_4335,2025-05-03T00:00:00Z,Central Back,null,1813.7283245694207,7,0,184,84,2003-11-06
31083,period_4540,G 5931,activity_823,2025-05-01T00:00:00Z,Central Back,null,1308.284559278494,4,83.42248914297775,184,84,2003-11-06
31083,period_4147,TAC 7525,activity_3357,2025-04-25T00:00:00Z,Central Back,null,680.6580506400088,10,6.572789502567507,184,84,2003-11-06
31083,period_1196,TAC 7101,activity_2160,2024-07-29T00:00:00Z,Central Back,null,1256.505271570788,3,30.25024567726757,184,84,2003-11-06
31083,period_473,TEC 7376,activity_911,2025-04-03T00:00:00Z,Central Back,null,389.8795278106163,0,0,184,84,2003-11-06
31083,period_2180,TAC 0133,activity_1415,2025-05-07T00:00:00Z,Central Back,null,1483.6617001006841,1,0,184,84,2003-11-06
31083,period_1683,BP 2351,activity_1389,2024-12-16T00:00:00Z,Central Back,null,590.090776159906,0,0,184,84,2003-11-06
31083,period_3591,BP 2351,activity_599,2025-04-15T00:00:00Z,Central Back,null,381.27814569886,5,0,184,84,2003-11-06
31083,period_1641,G 1960,activity_2955,2025-01-15T00:00:00Z,Central Back,null,1050.68205300893,5,18.78237360059142,184,84,2003-11-06
31083,period_2361,TAC 7525,activity_2877,2025-04-22T00:00:00Z,Central Back,null,1152.9243577164684,6,0,184,84,2003-11-06
31083,period_522,BP 1822,activity_1389,2024-12-16T00:00:00Z,Central Back,null,363.90046825906563,6,0,184,84,2003-11-06
31083,period_873,G 1960,activity_1924,2025-02-28T00:00:00Z,Central Back,null,847.0659313062355,2,28.156905187958458,184,84,2003-11-06
31083,period_1247,G 0184,activity_1230,2024-07-27T00:00:00Z,Central Back,null,1453.4393553173852,5,0,184,84,2003-11-06
31083,period_2954,BP 1043,activity_1022,2025-04-18T00:00:00Z,Central Back,null,463.4247709358383,2,0,184,84,2003-11-06
31083,period_2108,TAC 0133,activity_4407,2025-04-04T00:00:00Z,Central Back,null,1894.3366719843204,6,33.267578376554475,184,84,2003-11-06
31083,period_2816,TEC 5341,activity_4581,2024-08-01T00:00:00Z,Central Back,null,253.90762574906202,0,0,184,84,2003-11-06
31083,period_1093,G 1960,activity_599,2025-04-15T00:00:00Z,Central Back,null,1064.412634152303,7,18.25157711112412,184,84,2003-11-06
31083,period_4016,BP 2269,activity_1230,2024-07-27T00:00:00Z,Central Back,null,407.2304449159791,2,0,184,84,2003-11-06
31083,period_944,TAC 7848,activity_4744,2025-05-09T00:00:00Z,Central Back,null,955.3901720353617,0,5.72818942719386,184,84,2003-11-06
31083,period_2158,G 1960,activity_1859,2025-03-31T00:00:00Z,Central Back,null,1347.8549177577352,5,5.564752855119772,184,84,2003-11-06
31083,period_4067,G 1960,activity_4137,2025-03-07T00:00:00Z,Central Back,null,1910.3431681073155,5,0,184,84,2003-11-06
31083,period_1708,G 1960,activity_2574,2025-02-07T00:00:00Z,Central Back,null,617.6814356482487,0,15.68701110251492,184,84,2003-11-06
31083,period_4067,G 3218,activity_2160,2024-07-29T00:00:00Z,Central Back,null,1397.035148878356,3,0,184,84,2003-11-06
31083,period_390,BP 2351,activity_1061,2024-12-31T00:00:00Z,Central Back,null,5196.208885852189,0,0,184,84,2003-11-06
31083,period_4369,G 3164,activity_823,2025-05-01T00:00:00Z,Central Back,null,918.0005817113954,3,0,184,84,2003-11-06
31083,period_1693,BP 8346,activity_477,2025-04-30T00:00:00Z,Central Back,null,505.24696884039594,1,0,184,84,2003-11-06
31083,period_95,TAC 7848,activity_4655,2025-04-06T00:00:00Z,Central Back,null,2059.8174521847077,1,0,184,84,2003-11-06
31083,period_1612,G 9283,activity_3073,2025-05-06T00:00:00Z,Central Back,null,2212.4541044209154,5,0,184,84,2003-11-06
31083,period_1957,G 0184,activity_1230,2024-07-27T00:00:00Z,Central Back,null,960.0705956930007,5,2.5556448407198107,184,84,2003-11-06
31083,period_2041,TAC 5940,activity_823,2025-05-01T00:00:00Z,Central Back,null,627.4334281914499,8,0,184,84,2003-11-06
31083,period_1607,G 3218,activity_2423,2025-01-01T00:00:00Z,Central Back,null,1726.2284120114605,8,0,184,84,2003-11-06
31083,period_425,G 1960,activity_3385,2025-02-14T00:00:00Z,Central Back,null,857.1181975227661,6,0,184,84,2003-11-06
31083,period_75,TEC 9696,activity_4208,2025-05-02T00:00:00Z,Central Back,null,348.8272498627763,4,0,184,84,2003-11-06
31083,period_4216,G 0184,activity_1230,2024-07-27T00:00:00Z,Central Back,null,1612.3626765989436,8,0,184,84,2003-11-06
31083,period_4157,G 1960,activity_4699,2024-07-30T00:00:00Z,Central Back,null,555.4403572985636,8,0,184,84,2003-11-06
31083,period_4986,BP 3116,activity_465,2025-03-14T00:00:00Z,Central Back,null,922.701941669969,3,2.65135919031485,184,84,2003-11-06
31083,period_464,G 7940,activity_4655,2025-04-06T00:00:00Z,Central Back,null,2228.6816841771783,8,0,184,84,2003-11-06
31083,period_4122,G 1960,activity_3357,2025-04-25T00:00:00Z,Central Back,null,2576.583335644792,10,0,184,84,2003-11-06
31083,period_2155,TAC 0133,activity_3105,2025-01-18T00:00:00Z,Central Back,null,1182.8322231391237,4,0,184,84,2003-11-06
31083,period_4726,G 3218,activity_1022,2025-04-18T00:00:00Z,Central Back,null,1137.9722589307562,9,5.2756179267612575,184,84,2003-11-06
31083,period_2558,G 1960,activity_3040,2025-05-13T00:00:00Z,Central Back,null,2289.2409264697044,10,0,184,84,2003-11-06
31083,period_3614,G 5931,activity_109,2024-11-30T00:00:00Z,Central Back,null,639.5056308235645,11,0,184,84,2003-11-06
31083,period_1434,BP 4303,activity_477,2025-04-30T00:00:00Z,Central Back,null,409.5384492952821,8,0,184,84,2003-11-06
31083,period_1526,BP 2351,activity_1973,2025-03-08T00:00:00Z,Central Back,null,924.8050677013606,0,6.702270120371335,184,84,2003-11-06
31083,period_2894,TAC 0133,activity_4699,2024-07-30T00:00:00Z,Central Back,null,1162.1568550448912,9,0,184,84,2003-11-06
31083,period_934,TAC 2764,activity_3073,2025-05-06T00:00:00Z,Central Back,null,371.96898627088905,3,0,184,84,2003-11-06
31083,period_4354,TEC 5341,activity_4655,2025-04-06T00:00:00Z,Central Back,null,217.21150666395218,0,0,184,84,2003-11-06
31083,period_525,TAC 7525,activity_4208,2025-05-02T00:00:00Z,Central Back,null,1751.1056243309044,2,11.26916540433331,184,84,2003-11-06
31083,period_3352,TAC 0133,activity_2761,2025-03-03T00:00:00Z,Central Back,null,554.17143838962,2,28.20734460978691,184,84,2003-11-06
31083,period_3468,G 1960,activity_75,2025-02-22T00:00:00Z,Central Back,null,1523.109511979969,4,25.26685297786146,184,84,2003-11-06
31083,period_3077,TAC 0133,activity_599,2025-04-15T00:00:00Z,Central Back,null,1826.0846311477244,1,48.76851958121675,184,84,2003-11-06
31083,period_2558,G 1960,activity_3614,2025-04-12T00:00:00Z,Central Back,null,1452.0003044109928,3,0,184,84,2003-11-06
31083,period_4143,G 5146,activity_4581,2024-08-01T00:00:00Z,Central Back,null,2189.9413850295687,3,1.856536908423975,184,84,2003-11-06
31083,period_1683,G 5931,activity_2060,2025-05-22T00:00:00Z,Central Back,null,852.3938079888841,12,11.142620727901885,184,84,2003-11-06
31083,period_4400,TEC 7376,activity_1415,2025-05-07T00:00:00Z,Central Back,null,223.81988114570717,0,0,184,84,2003-11-06
31083,period_1565,TAC 7525,activity_3243,2025-03-11T00:00:00Z,Central Back,null,523.6126052774737,5,0,184,84,2003-11-06
31083,period_233,BP 2351,activity_1060,2025-02-21T00:00:00Z,Central Back,null,502.3774215232973,0,0,184,84,2003-11-06
31083,period_1456,BP 2351,activity_1951,2025-04-19T00:00:00Z,Central Back,null,269.2042956361599,0,0,184,84,2003-11-06
31083,period_3226,G 1960,activity_1555,2024-08-02T00:00:00Z,Central Back,null,2164.340961346573,4,1.0386592894041222,184,84,2003-11-06
31083,period_4366,G 1960,activity_4407,2025-04-04T00:00:00Z,Central Back,null,1488.1885098925602,4,26.84850412399263,184,84,2003-11-06
31083,period_2438,BP 2351,activity_2516,2025-04-10T00:00:00Z,Central Back,null,1806.5581035772175,2,3.7020312231186234,184,84,2003-11-06
31083,period_4753,BP 1849,activity_2516,2025-04-10T00:00:00Z,Central Back,null,758.4328893055335,4,0,184,84,2003-11-06
31083,period_75,G 9283,activity_911,2025-04-03T00:00:00Z,Central Back,null,1704.628189897433,2,3.111385171441232,184,84,2003-11-06
31083,period_2717,TAC 0133,activity_3907,2025-05-08T00:00:00Z,Central Back,null,787.728988140775,0,0,184,84,2003-11-06
31083,period_2628,G 1960,activity_4122,2025-01-08T00:00:00Z,Central Back,null,1056.9839477072721,4,1.194425788102214,184,84,2003-11-06
31083,period_2102,TAC 5940,activity_1555,2024-08-02T00:00:00Z,Central Back,null,3022.112940281545,4,17.38421629552557,184,84,2003-11-06
31083,period_3790,TEC 7736,activity_1554,2025-03-27T00:00:00Z,Central Back,null,357.9389052070496,0,0,184,84,2003-11-06
31083,period_3129,TEC 5341,activity_3357,2025-04-25T00:00:00Z,Central Back,null,402.42299566606033,1,0,184,84,2003-11-06
31083,period_2831,G 5931,activity_4299,2025-04-11T00:00:00Z,Central Back,null,802.6759868222003,0,27.918813355638168,184,84,2003-11-06
31083,period_2424,BP 6474,activity_3030,2024-12-08T00:00:00Z,Central Back,null,708.6894495609907,4,0,184,84,2003-11-06
31083,period_3834,G 3473,activity_1951,2025-04-19T00:00:00Z,Central Back,null,1665.5648799654355,0,0,184,84,2003-11-06
31083,period_4611,TAC 0133,activity_1859,2025-03-31T00:00:00Z,Central Back,null,1193.5802398925964,7,60.42837217286549,184,84,2003-11-06
31083,period_4617,G 8908,activity_1059,2025-03-06T00:00:00Z,Central Back,null,2196.0941639798134,5,0,184,84,2003-11-06
31083,period_874,G 1960,activity_2601,2024-12-21T00:00:00Z,Central Back,null,1528.144831352662,7,0,184,84,2003-11-06
31083,period_3585,TAC 7525,activity_2601,2024-12-21T00:00:00Z,Central Back,null,1163.7717936733263,3,0,184,84,2003-11-06
31083,period_2337,TEC 9696,activity_3493,2025-05-10T00:00:00Z,Central Back,null,245.46405258809628,0,23.1360934061669,184,84,2003-11-06
31083,period_523,G 1669,activity_1431,2025-01-30T00:00:00Z,Central Back,null,1641.9718009127507,0,0,184,84,2003-11-06
31083,period_1724,TEC 5328,activity_1431,2025-01-30T00:00:00Z,Central Back,null,243.25171202553648,1,0,184,84,2003-11-06
31083,period_1768,TAC 1326,activity_4299,2025-04-11T00:00:00Z,Central Back,null,1747.3639171589452,4,0,184,84,2003-11-06
31083,period_2955,null,activity_2985,2025-05-04T00:00:00Z,Central Back,1,1254.4798736548896,1,0,184,84,2003-11-06
31083,period_599,null,activity_2102,2025-06-18T00:00:00Z,Central Back,1,655.7649446449466,8,0,184,84,2003-11-06
31083,period_1859,null,activity_3591,2025-01-16T00:00:00Z,Central Back,1,796.1037715980171,4,0,184,84,2003-11-06
31083,period_2655,null,activity_2614,2025-03-12T00:00:00Z,Central Back,1,2659.7770876218065,2,0,184,84,2003-11-06
31083,period_202,null,activity_4208,2025-02-08T00:00:00Z,Central Back,1,1112.2494739344593,0,0,184,84,2003-11-06
31083,period_1059,null,activity_2758,2024-11-24T00:00:00Z,Central Back,1,2096.8023159973395,2,0,184,84,2003-11-06
31083,period_3943,null,activity_2558,2025-02-11T00:00:00Z,Central Back,1,946.7568875302736,4,0,184,84,2003-11-06
31083,period_3493,null,activity_1612,2024-12-10T00:00:00Z,Central Back,1,971.3668279338751,0,0,184,84,2003-11-06
31083,period_2210,null,activity_1284,2024-11-27T00:00:00Z,Central Back,1,617.4805285064546,6,0,184,84,2003-11-06
31083,period_3073,null,activity_2361,2025-02-23T00:00:00Z,Central Back,1,745.7957838839511,0,0,184,84,2003-11-06
31083,period_1022,null,activity_562,2024-12-22T00:00:00Z,Central Back,1,543.0417422397198,3,0,184,84,2003-11-06
31083,period_3907,null,activity_3834,2024-12-01T00:00:00Z,Central Back,1,573.9476757677957,2,46.491108109129456,184,84,2003-11-06
31083,period_3516,null,activity_3564,2025-01-12T00:00:00Z,Central Back,1,1740.8186132497858,11,0,184,84,2003-11-06
31083,period_3638,null,activity_2158,2025-04-01T00:00:00Z,Central Back,1,839.6639507738769,0,0,184,84,2003-11-06
31083,period_2366,null,activity_830,2024-08-01T00:00:00Z,Central Back,1,385.65602447599855,1,0,184,84,2003-11-06
31083,period_1924,null,activity_650,2024-12-18T00:00:00Z,Central Back,1,1095.1293302430022,4,0,184,84,2003-11-06
31083,period_2160,null,activity_26,2025-04-13T00:00:00Z,Central Back,1,809.7254256460839,0,0,184,84,2003-11-06
31083,period_465,null,activity_1565,2025-05-14T00:00:00Z,Central Back,1,837.6908611649641,5,0,184,84,2003-11-06
31083,period_3243,null,activity_2831,2025-01-22T00:00:00Z,Central Back,1,532.7402370125527,4,0,184,84,2003-11-06
31083,period_3623,null,activity_1872,2025-01-19T00:00:00Z,Central Back,1,1014.0638916014556,4,0,184,84,2003-11-06
31083,period_2593,null,activity_2152,2025-01-03T00:00:00Z,Central Back,1,531.1562165741468,0,0,184,84,2003-11-06
31083,period_3040,null,activity_2953,2025-02-26T00:00:00Z,Central Back,1,2012.5397512117795,6,0,184,84,2003-11-06
31083,period_1060,null,activity_1526,2025-04-23T00:00:00Z,Central Back,1,790.3102071718332,4,0,184,84,2003-11-06
31083,period_359,null,activity_944,2025-02-19T00:00:00Z,Central Back,1,750.8300416976539,1,0,184,84,2003-11-06
31083,period_477,null,activity_1862,2025-06-22T00:00:00Z,Central Back,1,787.4786789069146,5,0,184,84,2003-11-06
31083,period_1501,null,activity_3585,2025-02-15T00:00:00Z,Central Back,1,975.8160422103848,2,0,184,84,2003-11-06
31083,period_2761,null,activity_2894,2025-04-16T00:00:00Z,Central Back,1,1160.753001388068,4,0,184,84,2003-11-06
31083,period_911,null,activity_830,2024-08-01T00:00:00Z,Central Back,1,688.5365233859534,0,0,184,84,2003-11-06
31083,period_4690,null,activity_883,2024-12-04T00:00:00Z,Central Back,1,548.806302439342,5,0,184,84,2003-11-06
31083,period_4251,null,activity_2583,2025-04-20T00:00:00Z,Central Back,1,1204.372497259867,3,0,184,84,2003-11-06
31083,period_2574,null,activity_2071,2025-04-26T00:00:00Z,Central Back,1,948.3292382496976,2,0,184,84,2003-11-06
31083,period_1473,null,activity_551,2025-03-29T00:00:00Z,Central Back,1,1020.878752911336,3,0,184,84,2003-11-06
31083,period_4208,null,activity_473,2025-01-09T00:00:00Z,Central Back,1,490.54604328585725,5,0,184,84,2003-11-06
31083,period_1230,null,activity_939,2025-05-24T00:00:00Z,Central Back,1,4099.42476747651,1,0,184,84,2003-11-06
31083,period_4436,null,activity_3206,2025-01-29T00:00:00Z,Central Back,1,725.8075600960798,4,0,184,84,2003-11-06
31083,period_96,null,activity_625,2024-08-04T00:00:00Z,Central Back,1,1212.8173908291487,5,0.33131989700144493,184,84,2003-11-06
31083,period_486,null,activity_1434,2025-02-01T00:00:00Z,Central Back,1,990.0688321514718,2,0,184,84,2003-11-06
31083,period_3357,null,activity_2421,2025-05-11T00:00:00Z,Central Back,1,834.3312462338976,5,0,184,84,2003-11-06
31083,period_4764,null,activity_3506,2025-04-08T00:00:00Z,Central Back,1,812.4667827471062,5,0,184,84,2003-11-06
31083,period_958,null,activity_1106,2025-01-25T00:00:00Z,Central Back,1,791.8858002940842,1,0,184,84,2003-11-06
31083,period_109,null,activity_2511,2025-02-05T00:00:00Z,Central Back,1,1016.7267430794044,5,0,184,84,2003-11-06
31083,period_1555,null,activity_4155,2025-03-15T00:00:00Z,Central Back,1,723.1582566643202,2,0,184,84,2003-11-06
31083,period_4581,null,activity_525,2025-03-09T00:00:00Z,Central Back,1,585.304853913344,6,0,184,84,2003-11-06
31083,period_3299,null,activity_4800,2024-12-07T00:00:00Z,Central Back,1,566.6488729393475,4,0,184,84,2003-11-06
31083,period_1951,null,activity_1585,2025-03-04T00:00:00Z,Central Back,1,347.5633084393192,6,0,184,84,2003-11-06
31083,period_3206,BP 1615,activity_1061,2024-12-31T00:00:00Z,Central Back,null,885.8918567381485,0,11.512357809032778,184,84,2003-11-06
31083,period_939,TAC 0133,activity_4137,2025-03-07T00:00:00Z,Central Back,null,495.4701370699707,2,0,184,84,2003-11-06
31083,period_4233,TAC 0133,activity_2366,2025-03-28T00:00:00Z,Central Back,null,2309.1601667355458,5,54.15982967009433,184,84,2003-11-06
31083,period_2071,G 1960,activity_3493,2025-05-10T00:00:00Z,Central Back,null,837.624330615503,6,20.62377392648738,184,84,2003-11-06
31083,period_1370,G 8963,activity_1415,2025-05-07T00:00:00Z,Central Back,null,3282.7481474675974,7,16.80305533854985,184,84,2003-11-06
31083,period_4590,BP 5787,activity_1554,2025-03-27T00:00:00Z,Central Back,null,1009.8088586649557,0,0,184,84,2003-11-06
31083,period_2421,BP 0518,activity_3073,2025-05-06T00:00:00Z,Central Back,null,657.5242165720589,0,0.05980029747068137,184,84,2003-11-06
31083,period_4703,TAC 0133,activity_2574,2025-02-07T00:00:00Z,Central Back,null,1772.092720662895,2,0,184,84,2003-11-06
31083,period_2175,BP 2351,activity_2366,2025-03-28T00:00:00Z,Central Back,null,1673.9183143693065,3,0,184,84,2003-11-06
31083,period_4665,G 8963,activity_1554,2025-03-27T00:00:00Z,Central Back,null,641.5867462334538,4,0,184,84,2003-11-06
31083,period_865,TAC 0133,activity_2955,2025-01-15T00:00:00Z,Central Back,null,3156.9106330572126,2,35.12524449397894,184,84,2003-11-06
31083,period_1061,BP 8350,activity_3907,2025-05-08T00:00:00Z,Central Back,null,1326.183311101941,0,0,184,84,2003-11-06
31083,period_4800,G 4139,activity_1431,2025-01-30T00:00:00Z,Central Back,null,1338.0983838522616,0,5.638989903917462,184,84,2003-11-06
31083,period_1955,TEC 5341,activity_1022,2025-04-18T00:00:00Z,Central Back,null,267.9142494812937,0,0,184,84,2003-11-06
31083,period_650,TAC 0133,activity_3357,2025-04-25T00:00:00Z,Central Back,null,652.0224452476638,6,60.50019626307465,184,84,2003-11-06
31083,period_2758,TAC 7525,activity_4744,2025-05-09T00:00:00Z,Central Back,null,1260.7740010473885,3,0,184,84,2003-11-06
31083,period_3250,G 1960,activity_2877,2025-04-22T00:00:00Z,Central Back,null,1606.9827763621236,5,0,184,84,2003-11-06
31083,period_830,TAC 2528,activity_477,2025-04-30T00:00:00Z,Central Back,null,1265.6939553121417,8,0,184,84,2003-11-06
31083,period_2511,BP 4893,activity_4699,2024-07-30T00:00:00Z,Central Back,null,970.6913337796775,6,0,184,84,2003-11-06
31083,period_2662,BP 9117,activity_4581,2024-08-01T00:00:00Z,Central Back,null,528.2382408938718,4,0,184,84,2003-11-06
31083,period_2953,G 1960,activity_4454,2024-12-13T00:00:00Z,Central Back,null,854.643776324958,6,0,184,84,2003-11-06
31083,period_4754,G 1960,activity_2366,2025-03-28T00:00:00Z,Central Back,null,1167.8324029105338,6,0.6192996620005033,184,84,2003-11-06
31083,period_3001,G 1960,activity_96,2025-02-25T00:00:00Z,Central Back,null,2363.1134280007764,3,0,184,84,2003-11-06
31083,period_3506,TEC 5341,activity_1415,2025-05-07T00:00:00Z,Central Back,null,164.22040041731566,0,0,184,84,2003-11-06
31083,period_2152,G 0106,activity_4655,2025-04-06T00:00:00Z,Central Back,null,1544.8018955032787,3,0,184,84,2003-11-06
31083,period_3261,G 3863,activity_477,2025-04-30T00:00:00Z,Central Back,null,584.059152207725,6,10.70017284778643,184,84,2003-11-06
31083,period_3285,BP 2351,activity_1554,2025-03-27T00:00:00Z,Central Back,null,2440.089898208909,1,0,184,84,2003-11-06
31083,period_1415,TAC 5940,activity_1415,2025-05-07T00:00:00Z,Central Back,null,1228.6154698034436,4,0,184,84,2003-11-06
31083,period_483,BP 2654,activity_2160,2024-07-29T00:00:00Z,Central Back,null,1075.5667568689455,4,0,184,84,2003-11-06
31083,period_2331,BP 7816,activity_1389,2024-12-16T00:00:00Z,Central Back,null,750.372192020072,7,0,184,84,2003-11-06
31083,period_1471,TAC 3056,activity_2423,2025-01-01T00:00:00Z,Central Back,null,1924.9462034410433,5,0,184,84,2003-11-06
31083,period_315,BP 3884,activity_1431,2025-01-30T00:00:00Z,Central Back,null,1011.4629056512665,6,0,184,84,2003-11-06
31083,period_3564,G 3218,activity_1061,2024-12-31T00:00:00Z,Central Back,null,973.8068237164774,7,0,184,84,2003-11-06
31083,period_4993,G 1960,activity_3243,2025-03-11T00:00:00Z,Central Back,null,524.8284696796716,1,0,184,84,2003-11-06
31083,period_562,G 0184,activity_1230,2024-07-27T00:00:00Z,Central Back,null,1448.234816245284,2,2.9937501150724968,184,84,2003-11-06
31083,period_3306,G 1960,activity_1973,2025-03-08T00:00:00Z,Central Back,null,1519.0192686526104,3,21.897239777117854,184,84,2003-11-06
31083,period_4443,BP 2351,activity_1555,2024-08-02T00:00:00Z,Central Back,null,1045.167039205663,0,0,184,84,2003-11-06
31083,period_2614,TAC 0133,activity_96,2025-02-25T00:00:00Z,Central Back,null,1027.9955891848228,4,0,184,84,2003-11-06
31083,period_4041,TAC 2764,activity_465,2025-03-14T00:00:00Z,Central Back,null,1638.3137501853805,4,0,184,84,2003-11-06
31083,period_2341,TAC 7525,activity_4454,2024-12-13T00:00:00Z,Central Back,null,768.389408584595,8,6.727643790658364,184,84,2003-11-06
31083,period_4249,TEC 5341,activity_1060,2025-02-21T00:00:00Z,Central Back,null,332.0084204843711,0,0,184,84,2003-11-06
93025,period_190,G 3218,activity_4067,2024-09-26T00:00:00Z,Central Back,null,801.7826308414312,7,0,180,85,1993-11-01
93025,period_3790,TEC 7736,activity_1554,2025-03-27T00:00:00Z,Central Back,null,507.3874886978676,0,0,180,85,1993-11-01
93025,period_2511,BP 4893,activity_4699,2024-07-30T00:00:00Z,Central Back,null,1024.9955901344692,5,0,180,85,1993-11-01
93025,period_3582,G 5931,activity_3243,2024-10-17T00:00:00Z,Central Back,null,855.5372331142876,5,1.5827114573675813,180,85,1993-11-01
93025,period_390,BP 2351,activity_1061,2024-12-31T00:00:00Z,Central Back,null,1112.7801034699858,5,0,180,85,1993-11-01
93025,period_1819,G 1960,activity_4433,2024-08-28T00:00:00Z,Central Back,null,1072.3467386009079,3,0,180,85,1993-11-01
93025,period_1641,G 1960,activity_2955,2025-01-15T00:00:00Z,Central Back,null,1283.4487160823721,4,8.659118902900902,180,85,1993-11-01
93025,period_1778,G 1960,activity_3623,2024-09-27T00:00:00Z,Central Back,null,1004.8504309115139,6,14.329463517610947,180,85,1993-11-01
93025,period_3998,TAC 0133,activity_4433,2024-08-28T00:00:00Z,Central Back,null,1242.5674292383342,0,0,180,85,1993-11-01
93025,period_4037,G 7015,activity_486,2024-08-11T00:00:00Z,Central Back,null,1425.386329572803,4,14.559029817965888,180,85,1993-11-01
93025,period_4128,BP 2654,activity_1945,2025-03-10T00:00:00Z,Central Back,null,608.0110620655507,0,0,180,85,1993-11-01
93025,period_174,BP 1031,activity_3243,2024-10-17T00:00:00Z,Central Back,null,446.35318054337716,6,0,180,85,1993-11-01
93025,period_4113,BP 8299,activity_3790,2025-02-24T00:00:00Z,Central Back,null,631.4475602497621,6,0,180,85,1993-11-01
93025,period_1471,TAC 3056,activity_2423,2025-01-01T00:00:00Z,Central Back,null,2015.304133497673,10,0,180,85,1993-11-01
93025,period_1585,TAC 0133,activity_2593,2024-10-18T00:00:00Z,Central Back,null,1447.6916294046146,8,0,180,85,1993-11-01
93025,period_4233,TAC 0133,activity_2366,2025-03-28T00:00:00Z,Central Back,null,2098.238350221625,0,0,180,85,1993-11-01
93025,period_1589,TAC 3056,activity_4436,2024-08-23T00:00:00Z,Central Back,null,1939.9962411599477,3,0,180,85,1993-11-01
93025,period_3077,TAC 0133,activity_599,2025-04-15T00:00:00Z,Central Back,null,899.8838907306178,8,0,180,85,1993-11-01
93025,period_3578,G 1960,activity_3638,2024-08-17T00:00:00Z,Central Back,null,1531.7616790547133,5,0,180,85,1993-11-01
93025,period_3129,TEC 5341,activity_3357,2025-04-25T00:00:00Z,Central Back,null,243.30992909947884,2,0,180,85,1993-11-01
93025,period_4041,TAC 2764,activity_465,2025-03-14T00:00:00Z,Central Back,null,726.6269410656553,4,13.563538876616503,180,85,1993-11-01
93025,period_2405,G 5146,activity_359,2025-01-07T00:00:00Z,Central Back,null,1967.9262146609337,6,0,180,85,1993-11-01
93025,period_4754,G 1960,activity_2366,2025-03-28T00:00:00Z,Central Back,null,1715.0982438949732,7,1.6658433088384474,180,85,1993-11-01
93025,period_1061,TAC 0133,activity_3623,2024-09-27T00:00:00Z,Central Back,null,582.6846460675165,6,68.58174941304182,180,85,1993-11-01
93025,period_4726,G 3218,activity_1022,2025-04-18T00:00:00Z,Central Back,null,1226.8976241159526,3,0,180,85,1993-11-01
93025,period_2249,G 3863,activity_789,2024-08-22T00:00:00Z,Central Back,null,779.507194027964,10,4.597951566067258,180,85,1993-11-01
93025,period_4753,BP 1849,activity_2516,2025-04-10T00:00:00Z,Central Back,null,446.0062437369635,0,0,180,85,1993-11-01
93025,period_865,TAC 0133,activity_2955,2025-01-15T00:00:00Z,Central Back,null,868.1098578582776,12,0,180,85,1993-11-01
93025,period_2628,G 1960,activity_4122,2025-01-08T00:00:00Z,Central Back,null,1206.8511566806435,5,0,180,85,1993-11-01
93025,period_3564,G 3218,activity_1061,2024-12-31T00:00:00Z,Central Back,null,1674.0861839579768,7,20.160683368205103,180,85,1993-11-01
93025,period_3250,G 1960,activity_2877,2025-04-22T00:00:00Z,Central Back,null,652.0217209635,8,15.231801263928554,180,85,1993-11-01
93025,period_350,TAC 0133,activity_3943,2024-08-10T00:00:00Z,Central Back,null,1231.0937582048216,5,0,180,85,1993-11-01
93025,period_2614,TAC 0133,activity_96,2025-02-25T00:00:00Z,Central Back,null,1020.3411908721014,4,75.61447363587642,180,85,1993-11-01
93025,period_1607,G 3218,activity_2423,2025-01-01T00:00:00Z,Central Back,null,2274.974716839001,11,0,180,85,1993-11-01
93025,period_3070,G 1960,activity_3532,2024-09-16T00:00:00Z,Central Back,null,428.36194237375435,5,10.260820893004249,180,85,1993-11-01
93025,period_1565,TAC 7525,activity_3243,2025-03-11T00:00:00Z,Central Back,null,971.9177966063404,7,0,180,85,1993-11-01
93025,period_2390,TAC 0133,activity_1951,2025-04-19T00:00:00Z,Central Back,null,1090.1763244149888,5,2.087827508010209,180,85,1993-11-01
93025,period_3087,BP 3930,activity_4067,2024-09-26T00:00:00Z,Central Back,null,1157.9874899568176,0,0,180,85,1993-11-01
93025,period_3707,G 1960,activity_4304,2024-09-13T00:00:00Z,Central Back,null,648.5546751481014,7,0,180,85,1993-11-01
93025,period_4157,G 1960,activity_4699,2024-07-30T00:00:00Z,Central Back,null,1653.3738913555057,8,7.253690250330642,180,85,1993-11-01
93025,period_4611,TAC 0133,activity_1859,2025-03-31T00:00:00Z,Central Back,null,1834.805000766574,6,21.292042878316074,180,85,1993-11-01
93025,period_873,G 1960,activity_1924,2025-02-28T00:00:00Z,Central Back,null,648.8400407839999,7,21.14850567332982,180,85,1993-11-01
93025,period_1456,BP 2351,activity_1951,2025-04-19T00:00:00Z,Central Back,null,487.43896011312046,3,0,180,85,1993-11-01
93025,period_4617,G 8908,activity_1059,2025-03-06T00:00:00Z,Central Back,null,2733.6983251051847,9,0,180,85,1993-11-01
93025,period_2528,G 7940,activity_3790,2025-02-24T00:00:00Z,Central Back,null,1365.2636776035974,4,0,180,85,1993-11-01
93025,period_3285,BP 2351,activity_1554,2025-03-27T00:00:00Z,Central Back,null,1322.0476219888776,5,0,180,85,1993-11-01
93025,period_2438,BP 2351,activity_2516,2025-04-10T00:00:00Z,Central Back,null,507.92454635906205,5,0,180,85,1993-11-01
93025,period_3614,G 5931,activity_109,2024-11-30T00:00:00Z,Central Back,null,1216.808898385286,7,0,180,85,1993-11-01
93025,period_650,TAC 0133,activity_3357,2025-04-25T00:00:00Z,Central Back,null,1619.84490934295,3,0,180,85,1993-11-01
93025,period_3221,TAC 5940,activity_874,2024-11-03T00:00:00Z,Central Back,null,2247.010342040582,3,0,180,85,1993-11-01
93025,period_2876,TAC 0133,activity_486,2024-08-11T00:00:00Z,Central Back,null,1037.341664238806,3,14.338019272222692,180,85,1993-11-01
93025,period_2158,G 1960,activity_1859,2025-03-31T00:00:00Z,Central Back,null,2575.136289736257,2,10.054681994729727,180,85,1993-11-01
93025,period_3993,TAC 7525,activity_359,2025-01-07T00:00:00Z,Central Back,null,1481.4729503937,7,31.686371952998854,180,85,1993-11-01
93025,period_4270,G 7015,activity_486,2024-08-11T00:00:00Z,Central Back,null,1868.9573488663268,8,0,180,85,1993-11-01
93025,period_2953,G 1960,activity_4454,2024-12-13T00:00:00Z,Central Back,null,1022.7959950816348,3,148.91547931480906,180,85,1993-11-01
93025,period_4143,G 5146,activity_4581,2024-08-01T00:00:00Z,Central Back,null,3020.0750163852717,5,0,180,85,1993-11-01
93025,period_4602,G 7242,activity_3516,2025-04-24T00:00:00Z,Central Back,null,1200.166854674703,1,9.370416561750048,180,85,1993-11-01
93025,period_4249,TEC 5341,activity_1060,2025-02-21T00:00:00Z,Central Back,null,298.18517426137356,1,0,180,85,1993-11-01
93025,period_4986,BP 3116,activity_465,2025-03-14T00:00:00Z,Central Back,null,722.8714691216962,1,65.3665782276578,180,85,1993-11-01
93025,period_362,TAC 0133,activity_4436,2024-08-23T00:00:00Z,Central Back,null,1551.580777281387,0,29.008421900372973,180,85,1993-11-01
93025,period_233,BP 2351,activity_1060,2025-02-21T00:00:00Z,Central Back,null,3058.1267704503953,1,0,180,85,1993-11-01
93025,period_2102,TAC 5940,activity_1555,2024-08-02T00:00:00Z,Central Back,null,1113.9362708381886,7,0,180,85,1993-11-01
93025,period_3352,TAC 0133,activity_2761,2025-03-03T00:00:00Z,Central Back,null,2103.923552803257,4,0,180,85,1993-11-01
93025,period_1768,TAC 1326,activity_4299,2025-04-11T00:00:00Z,Central Back,null,1939.4648703432847,3,13.967255237554973,180,85,1993-11-01
93025,period_522,BP 1822,activity_1389,2024-12-16T00:00:00Z,Central Back,null,705.011566709267,5,0,180,85,1993-11-01
93025,period_4717,G 1960,activity_2593,2024-10-18T00:00:00Z,Central Back,null,4606.831040716863,4,0,180,85,1993-11-01
93025,period_3988,BP 8299,activity_3516,2025-04-24T00:00:00Z,Central Back,null,820.1065657995166,6,0,180,85,1993-11-01
93025,period_2175,BP 2351,activity_2366,2025-03-28T00:00:00Z,Central Back,null,1466.5866508119157,4,0,180,85,1993-11-01
93025,period_3226,G 1960,activity_1555,2024-08-02T00:00:00Z,Central Back,null,1443.0862893184594,4,7.811317863041884,180,85,1993-11-01
93025,period_4366,G 1960,activity_4407,2025-04-04T00:00:00Z,Central Back,null,1836.7869878558938,0,0,180,85,1993-11-01
93025,period_2155,TAC 0133,activity_3105,2025-01-18T00:00:00Z,Central Back,null,1415.5289142174245,6,0,180,85,1993-11-01
93025,period_108,G 0341,activity_3790,2025-02-24T00:00:00Z,Central Back,null,1748.1489324197169,6,0,180,85,1993-11-01
93025,period_4782,TAC 0133,activity_3638,2024-08-17T00:00:00Z,Central Back,null,783.3444519868659,2,0,180,85,1993-11-01
93025,period_1955,TEC 5341,activity_1022,2025-04-18T00:00:00Z,Central Back,null,320.20555640855656,3,0,180,85,1993-11-01
93025,period_3468,G 1960,activity_75,2025-02-22T00:00:00Z,Central Back,null,5326.169223185552,8,34.577128711446825,180,85,1993-11-01
93025,period_3105,null,activity_1093,2024-09-29T00:00:00Z,Central Back,1,517.591323420533,4,0,180,85,1993-11-01
93025,period_4690,null,activity_883,2024-12-04T00:00:00Z,Central Back,1,984.123535236175,4,0,180,85,1993-11-01
93025,period_4251,null,activity_2583,2025-04-20T00:00:00Z,Central Back,1,337.4906835902036,4,0,180,85,1993-11-01
93025,period_2877,null,activity_625,2024-08-03T00:00:00Z,Central Back,1,2865.75877758701,6,0,180,85,1993-11-01
93025,period_1973,null,activity_2390,2025-06-26T00:00:00Z,Central Back,1,755.6854767217127,4,0,180,85,1993-11-01
93025,period_3073,null,activity_2361,2025-02-23T00:00:00Z,Central Back,1,623.8398723582512,5,27.451630438231263,180,85,1993-11-01
93025,period_4651,null,activity_1493,2024-09-01T00:00:00Z,Central Back,1,817.3379034294093,3,0,180,85,1993-11-01
93025,period_2761,null,activity_2894,2025-04-16T00:00:00Z,Central Back,1,520.7658456510582,3,0,180,85,1993-11-01
93025,period_4304,null,activity_865,2024-10-05T00:00:00Z,Central Back,1,301.5495582572759,8,27.127296446427454,180,85,1993-11-01
93025,period_2060,null,activity_4216,2024-09-14T00:00:00Z,Central Back,1,390.5358631727725,8,0,180,85,1993-11-01
93025,period_4137,null,activity_2405,2024-10-22T00:00:00Z,Central Back,1,310.41282584893514,4,0,180,85,1993-11-01
93025,period_2574,null,activity_2071,2025-04-26T00:00:00Z,Central Back,1,557.0135488631339,6,0,180,85,1993-11-01
93025,period_2593,null,activity_2152,2025-01-03T00:00:00Z,Central Back,1,1314.8217408246278,3,0,180,85,1993-11-01
93025,period_958,null,activity_1106,2025-01-25T00:00:00Z,Central Back,1,626.568655613408,0,0,180,85,1993-11-01
93025,period_1924,null,activity_650,2024-12-18T00:00:00Z,Central Back,1,342.2255093220969,0,0,180,85,1993-11-01
93025,period_4208,null,activity_473,2025-01-09T00:00:00Z,Central Back,1,626.9456809456082,3,0,180,85,1993-11-01
93025,period_1555,null,activity_4155,2025-03-15T00:00:00Z,Central Back,1,1254.9703297155863,0,0,180,85,1993-11-01
93025,period_1022,null,activity_562,2024-12-22T00:00:00Z,Central Back,1,1269.6168875753579,2,0,180,85,1993-11-01
93025,period_3493,null,activity_1612,2024-12-10T00:00:00Z,Central Back,1,880.4984177043962,3,0,180,85,1993-11-01
93025,period_1951,null,activity_1585,2025-03-04T00:00:00Z,Central Back,1,408.0246445535969,2,3.744208161518647,180,85,1993-11-01
93025,period_486,null,activity_1434,2025-02-01T00:00:00Z,Central Back,1,746.0304843188596,1,0,180,85,1993-11-01
93025,period_1059,null,activity_2758,2024-11-24T00:00:00Z,Central Back,1,4183.092335737763,4,0,180,85,1993-11-01
93025,period_2995,null,activity_4037,2024-11-09T00:00:00Z,Central Back,1,801.378148311015,5,0,180,85,1993-11-01
93025,period_789,null,activity_4496,2024-09-24T00:00:00Z,Central Back,1,380.37702047325376,0,0,180,85,1993-11-01
93025,period_4433,null,activity_4602,2025-04-05T00:00:00Z,Central Back,1,656.5539105309149,6,0,180,85,1993-11-01
93025,period_2423,null,activity_4443,2024-08-25T00:00:00Z,Central Back,1,536.3277556055194,1,0,180,85,1993-11-01
93025,period_2655,null,activity_2614,2025-03-12T00:00:00Z,Central Back,1,1806.4966061992307,2,8.000145478577073,180,85,1993-11-01
93025,period_3623,null,activity_1872,2025-01-19T00:00:00Z,Central Back,1,1993.6130393401036,3,0,180,85,1993-11-01
93025,period_3243,null,activity_4016,2024-08-06T00:00:00Z,Central Back,1,861.0489727439319,1,0,180,85,1993-11-01
93025,period_1431,null,activity_1456,2024-11-05T00:00:00Z,Central Back,1,673.1801057446793,3,1.8929425190610147,180,85,1993-11-01
93025,period_2148,null,activity_4016,2024-08-07T00:00:00Z,Central Back,1,825.3741868337644,2,0,180,85,1993-11-01
93025,period_3516,null,activity_3564,2025-01-12T00:00:00Z,Central Back,1,368.4775698122961,0,0,180,85,1993-11-01
93025,period_3385,null,activity_3285,2024-09-17T00:00:00Z,Central Back,1,650.4895557246128,7,14.417380222127099,180,85,1993-11-01
93025,period_3243,null,activity_2831,2025-01-22T00:00:00Z,Central Back,1,3162.6304184235487,3,11.954867138384007,180,85,1993-11-01
93025,period_823,null,activity_146,2024-10-26T00:00:00Z,Central Back,1,937.080028899086,5,0,180,85,1993-11-01
93025,period_1859,null,activity_3591,2025-01-16T00:00:00Z,Central Back,1,502.36905034181274,5,0,180,85,1993-11-01
93025,period_1554,null,activity_830,2024-08-01T00:00:00Z,Central Back,1,387.3493485736934,2,11.579557246298851,180,85,1993-11-01
93025,period_3638,null,activity_2158,2025-04-01T00:00:00Z,Central Back,1,637.0789555270202,4,0,180,85,1993-11-01
93025,period_2160,null,activity_26,2025-04-13T00:00:00Z,Central Back,1,755.2799004410028,0,0,180,85,1993-11-01
93025,period_3299,null,activity_4800,2024-12-07T00:00:00Z,Central Back,1,880.6463866337396,6,0,180,85,1993-11-01
93025,period_2516,null,activity_830,2024-08-01T00:00:00Z,Central Back,1,889.5303126472664,2,0,180,85,1993-11-01
93025,period_4454,null,activity_4067,2024-12-14T00:00:00Z,Central Back,1,520.4152768918268,5,0,180,85,1993-11-01
93025,period_477,null,activity_1862,2025-06-22T00:00:00Z,Central Back,1,311.29333734376206,11,8.85470959881043,180,85,1993-11-01
93025,period_359,null,activity_944,2025-02-19T00:00:00Z,Central Back,1,556.5006664652972,7,0,180,85,1993-11-01
93025,period_3532,null,activity_625,2024-08-04T00:00:00Z,Central Back,1,1707.746142174097,4,4.061889239484766,180,85,1993-11-01
93025,period_4299,null,activity_432,2024-10-19T00:00:00Z,Central Back,1,1398.385826966651,4,0,180,85,1993-11-01
93025,period_2210,null,activity_1284,2024-11-27T00:00:00Z,Central Back,1,333.55578173353894,4,0,180,85,1993-11-01
93025,period_1473,null,activity_551,2025-03-29T00:00:00Z,Central Back,1,868.5781382481748,2,0,180,85,1993-11-01
93025,period_4335,null,activity_2300,2024-08-29T00:00:00Z,Central Back,1,699.3460785056752,5,0,180,85,1993-11-01
93025,period_1389,null,activity_3352,2024-08-18T00:00:00Z,Central Back,1,590.6214243507314,0,4.0096452736529375,180,85,1993-11-01
93025,period_3907,null,activity_3834,2024-12-01T00:00:00Z,Central Back,1,746.9309575308016,3,0,180,85,1993-11-01
93025,period_4764,null,activity_3506,2025-04-08T00:00:00Z,Central Back,1,316.6819640684573,7,0,180,85,1993-11-01
93025,period_3040,null,activity_2953,2025-02-26T00:00:00Z,Central Back,1,1459.2611841580451,2,0,180,85,1993-11-01
93025,period_4436,null,activity_3206,2025-01-29T00:00:00Z,Central Back,1,1570.0060073258348,4,0,180,85,1993-11-01
93025,period_2601,null,activity_625,2024-08-04T00:00:00Z,Central Back,1,772.2072231583743,2,0,180,85,1993-11-01
93025,period_4655,null,activity_1778,2024-09-21T00:00:00Z,Central Back,1,802.1568015778824,6,0,180,85,1993-11-01
93025,period_3030,null,activity_2954,2025-03-01T00:00:00Z,Central Back,1,708.3592989035543,6,24.274996881419977,180,85,1993-11-01
93025,period_4699,null,activity_929,2024-10-02T00:00:00Z,Central Back,1,1192.5624682797738,6,0,180,85,1993-11-01
93025,period_4122,G 1960,activity_3357,2025-04-25T00:00:00Z,Central Back,null,2423.4468467867746,14,8.784735294782497,180,85,1993-11-01
93025,period_2108,TAC 0133,activity_4407,2025-04-04T00:00:00Z,Central Back,null,661.2876716112864,0,26.3775640908104,180,85,1993-11-01
93025,period_3206,BP 1615,activity_1061,2024-12-31T00:00:00Z,Central Back,null,569.2247312091898,0,0,180,85,1993-11-01
93025,period_2894,TAC 0133,activity_4699,2024-07-30T00:00:00Z,Central Back,null,1666.51194877372,4,14.285700483827481,180,85,1993-11-01
93025,period_4834,G 3164,activity_3516,2025-04-24T00:00:00Z,Central Back,null,931.8137192465537,1,24.686070230471792,180,85,1993-11-01
93025,period_3585,TAC 7525,activity_2601,2024-12-21T00:00:00Z,Central Back,null,643.7124406002507,2,0,180,85,1993-11-01
93025,period_75,G 9283,activity_911,2025-04-03T00:00:00Z,Central Back,null,392.9999674453628,1,1.3014921132495039,180,85,1993-11-01
93025,period_1093,G 1960,activity_599,2025-04-15T00:00:00Z,Central Back,null,1156.2698199401689,3,17.073246321125378,180,85,1993-11-01
93025,period_1764,TAC 0133,activity_4304,2024-09-13T00:00:00Z,Central Back,null,1682.1238996957973,13,30.261341872306893,180,85,1993-11-01
93025,period_4155,BP 1822,activity_1060,2025-02-21T00:00:00Z,Central Back,null,1096.3977580402398,2,35.46905265353416,180,85,1993-11-01
93025,period_771,TAC 7525,activity_1059,2025-03-06T00:00:00Z,Central Back,null,3816.852155863924,4,0,180,85,1993-11-01
93025,period_2985,BP 4893,activity_3943,2024-08-10T00:00:00Z,Central Back,null,985.0958794831627,0,0,180,85,1993-11-01
93025,period_1790,G 3164,activity_911,2025-04-03T00:00:00Z,Central Back,null,669.9268647707415,2,15.342287193076416,180,85,1993-11-01
93025,period_1493,TAC 0133,activity_4436,2024-08-23T00:00:00Z,Central Back,null,1003.3055328435449,8,0,180,85,1993-11-01
93025,period_3834,G 3473,activity_1951,2025-04-19T00:00:00Z,Central Back,null,1410.1432245743877,3,0,180,85,1993-11-01
93025,period_4187,TAC 7525,activity_2877,2025-04-22T00:00:00Z,Central Back,null,581.6735972410906,3,44.76988045141177,180,85,1993-11-01
93025,period_3163,TAC 7525,activity_3243,2024-10-17T00:00:00Z,Central Back,null,1464.6650851339073,6,2.9168076983546225,180,85,1993-11-01
93025,period_2816,TEC 5341,activity_4581,2024-08-01T00:00:00Z,Central Back,null,406.7125617934639,3,0,180,85,1993-11-01
93025,period_4993,G 1960,activity_3243,2025-03-11T00:00:00Z,Central Back,null,954.0495145678194,10,25.973084880808354,180,85,1993-11-01
93025,period_1192,BP 2351,activity_789,2024-08-22T00:00:00Z,Central Back,null,568.5826941474347,4,0,180,85,1993-11-01
93025,period_473,TEC 7376,activity_911,2025-04-03T00:00:00Z,Central Back,null,233.6194162857227,0,0,180,85,1993-11-01
93025,period_578,BP 4893,activity_4122,2025-01-08T00:00:00Z,Central Back,null,1939.821330423298,0,0,180,85,1993-11-01
93025,period_3812,G 1960,activity_4436,2024-08-23T00:00:00Z,Central Back,null,2069.4307417413065,6,22.412951098105708,180,85,1993-11-01
93025,period_1683,BP 2351,activity_1389,2024-12-16T00:00:00Z,Central Back,null,1218.4820579875602,2,0,180,85,1993-11-01
93025,period_2341,TAC 7525,activity_4454,2024-12-13T00:00:00Z,Central Back,null,805.1265021892393,0,51.79769634774805,180,85,1993-11-01
93025,period_4590,BP 5787,activity_1554,2025-03-27T00:00:00Z,Central Back,null,477.5236209478276,1,0,180,85,1993-11-01
93025,period_2586,TAC 5940,activity_3532,2024-09-16T00:00:00Z,Central Back,null,2094.4794808817205,3,0,180,85,1993-11-01
93025,period_3001,G 1960,activity_96,2025-02-25T00:00:00Z,Central Back,null,665.1555136169588,2,3.9743130037442174,180,85,1993-11-01
93025,period_2954,BP 1043,activity_1022,2025-04-18T00:00:00Z,Central Back,null,629.0283282943642,1,0,180,85,1993-11-01
93025,period_874,G 1960,activity_2601,2024-12-21T00:00:00Z,Central Back,null,1714.0480958430467,9,29.77504826633041,180,85,1993-11-01
93025,period_483,BP 2654,activity_2160,2024-07-29T00:00:00Z,Central Back,null,530.5207044663362,0,0,180,85,1993-11-01
93025,period_2331,BP 7816,activity_1389,2024-12-16T00:00:00Z,Central Back,null,551.171464184593,2,0,180,85,1993-11-01
93025,period_4147,TAC 7525,activity_3357,2025-04-25T00:00:00Z,Central Back,null,1294.2557792906443,10,2.650554775974876,180,85,1993-11-01
93025,period_1196,TAC 7101,activity_2160,2024-07-29T00:00:00Z,Central Back,null,468.77425904245683,7,0,180,85,1993-11-01
93025,period_334,BP 2654,activity_359,2025-01-07T00:00:00Z,Central Back,null,885.5577128485917,4,0,180,85,1993-11-01
93025,period_2758,TAC 3056,activity_4436,2024-08-23T00:00:00Z,Central Back,null,1985.5348840944764,0,47.715864371207026,180,85,1993-11-01
93025,period_1923,TEC 5341,activity_4436,2024-08-23T00:00:00Z,Central Back,null,335.49596659573376,3,0,180,85,1993-11-01
93025,period_2558,G 1960,activity_3614,2025-04-12T00:00:00Z,Central Back,null,887.6576358390673,6,3.5086636493998067,180,85,1993-11-01
93025,period_4443,BP 2351,activity_1555,2024-08-02T00:00:00Z,Central Back,null,565.5605190908107,7,0,180,85,1993-11-01
93025,period_4067,G 3218,activity_2160,2024-07-29T00:00:00Z,Central Back,null,896.4725787787398,4,0,180,85,1993-11-01
93025,period_2662,BP 9117,activity_4581,2024-08-01T00:00:00Z,Central Back,null,874.5945161321694,1,0,180,85,1993-11-01
93025,period_3591,BP 2351,activity_599,2025-04-15T00:00:00Z,Central Back,null,365.23022665742263,8,0,180,85,1993-11-01
93025,period_4407,G 1669,activity_2423,2025-01-01T00:00:00Z,Central Back,null,2882.4077444330565,9,5.720116198520315,180,85,1993-11-01
93025,period_2831,G 5931,activity_4299,2025-04-11T00:00:00Z,Central Back,null,1204.5761534116823,11,0,180,85,1993-11-01
50333,period_2511,BP 4893,activity_4699,2024-07-30T00:00:00Z,null,null,688.4419482627252,1,0,null,null,null
50333,period_4143,G 5146,activity_4581,2024-08-01T00:00:00Z,null,null,3748.6456650553905,12,1.3793512098253258,null,null,null
50333,period_2894,TAC 0133,activity_4699,2024-07-30T00:00:00Z,null,null,972.6547942700696,2,30.106452602498294,null,null,null
50333,period_2816,TEC 5341,activity_4581,2024-08-01T00:00:00Z,null,null,208.1700163310724,0,0,null,null,null
50333,period_4067,G 3218,activity_2160,2024-07-29T00:00:00Z,null,null,2021.8504781714018,0,30.80269408998345,null,null,null
50333,period_4216,G 0184,activity_1230,2024-07-27T00:00:00Z,null,null,1519.8333185809379,7,0,null,null,null
50333,period_1247,G 0184,activity_1230,2024-07-27T00:00:00Z,null,null,1766.1061612156675,5,24.0617578038098,null,null,null
50333,period_4016,BP 2269,activity_1230,2024-07-27T00:00:00Z,null,null,629.4122700688125,4,0,null,null,null
50333,period_4157,G 1960,activity_4699,2024-07-30T00:00:00Z,null,null,1003.3106437310249,2,19.124586056916826,null,null,null
50333,period_1957,G 0184,activity_1230,2024-07-27T00:00:00Z,null,null,2656.7596232634373,1,0,null,null,null
50333,period_483,BP 2654,activity_2160,2024-07-29T00:00:00Z,null,null,701.5178036620842,0,0,null,null,null
50333,period_1196,TAC 7101,activity_2160,2024-07-29T00:00:00Z,null,null,836.0846405300563,4,21.933951013519597,null,null,null
50333,period_562,G 0184,activity_1230,2024-07-27T00:00:00Z,null,null,1735.3602397593158,5,0,null,null,null
50333,period_4443,BP 2351,activity_1555,2024-08-02T00:00:00Z,null,null,1587.6948576788182,1,0,null,null,null
50333,period_2102,TAC 5940,activity_1555,2024-08-02T00:00:00Z,null,null,642.1056510779339,3,30.043883564541307,null,null,null
50333,period_911,null,activity_830,2024-08-01T00:00:00Z,null,1,942.0966405778719,5,0,null,null,null
50333,period_2366,null,activity_830,2024-08-01T00:00:00Z,null,1,1341.0273903180382,4,0,null,null,null
50333,period_2662,BP 9117,activity_4581,2024-08-01T00:00:00Z,null,null,1175.6189369401652,5,0,null,null,null
50333,period_3226,G 1960,activity_1555,2024-08-02T00:00:00Z,null,null,1481.0225198088297,4,0,null,null,null
62110,period_3306,G 1960,activity_1973,2025-03-08T00:00:00Z,Central Midfielder,null,2066.775321287223,7,0,180,81,2000-08-03
62110,period_2558,G 1960,activity_3614,2025-04-12T00:00:00Z,Central Midfielder,null,1798.2579845534058,10,0,180,81,2000-08-03
62110,period_663,G 0184,activity_2249,2024-08-08T00:00:00Z,Central Midfielder,null,2199.0832373256776,10,15.049604871585805,180,81,2000-08-03
62110,period_298,BP 5787,activity_4251,2025-05-21T00:00:00Z,Central Midfielder,null,1005.8132391552522,0,0,180,81,2000-08-03
62110,period_2361,TAC 7525,activity_2877,2025-04-22T00:00:00Z,Central Midfielder,null,4249.152745421591,3,0,180,81,2000-08-03
62110,period_75,TEC 9696,activity_4208,2025-05-02T00:00:00Z,Central Midfielder,null,381.7363159648225,0,0,180,81,2000-08-03
62110,period_4703,TAC 0133,activity_2574,2025-02-07T00:00:00Z,Central Midfielder,null,2648.4253253303586,11,0,180,81,2000-08-03
62110,period_4986,BP 3116,activity_465,2025-03-14T00:00:00Z,Central Midfielder,null,409.50533712353933,4,0,180,81,2000-08-03
62110,period_4496,G 1960,activity_4335,2025-05-03T00:00:00Z,Central Midfielder,null,1588.7763400832548,5,11.592720582866217,180,81,2000-08-03
62110,period_3001,G 1960,activity_96,2025-02-25T00:00:00Z,Central Midfielder,null,931.9183381193043,4,0,180,81,2000-08-03
62110,period_3261,G 3863,activity_477,2025-04-30T00:00:00Z,Central Midfielder,null,1227.5157583645118,4,0,180,81,2000-08-03
62110,period_2558,G 1960,activity_3040,2025-05-13T00:00:00Z,Central Midfielder,null,1744.77994854659,11,0,180,81,2000-08-03
62110,period_4540,G 5931,activity_823,2025-05-01T00:00:00Z,Central Midfielder,null,805.3447733085221,14,46.839059619745065,180,81,2000-08-03
62110,period_1434,BP 4303,activity_477,2025-04-30T00:00:00Z,Central Midfielder,null,1105.8569867735403,0,0,180,81,2000-08-03
62110,period_75,G 9283,activity_911,2025-04-03T00:00:00Z,Central Midfielder,null,2304.105788434603,5,0.44444957272890984,180,81,2000-08-03
62110,period_4782,TAC 0133,activity_3638,2024-08-17T00:00:00Z,Central Midfielder,null,641.6391496301084,0,30.303062238197718,180,81,2000-08-03
62110,period_2337,TEC 9696,activity_3493,2025-05-10T00:00:00Z,Central Midfielder,null,149.42454399380242,0,0,180,81,2000-08-03
62110,period_3564,G 3218,activity_1061,2024-12-31T00:00:00Z,Central Midfielder,null,3301.6146699644473,7,0,180,81,2000-08-03
62110,period_1585,TAC 0133,activity_2593,2024-10-18T00:00:00Z,Central Midfielder,null,397.8146529982737,0,0,180,81,2000-08-03
62110,period_525,TAC 7525,activity_4208,2025-05-02T00:00:00Z,Central Midfielder,null,582.2479396363996,4,0,180,81,2000-08-03
62110,period_3250,G 1960,activity_2877,2025-04-22T00:00:00Z,Central Midfielder,null,1359.3545553500426,3,47.94520030143737,180,81,2000-08-03
62110,period_4067,G 1960,activity_4137,2025-03-07T00:00:00Z,Central Midfielder,null,1218.156116205211,7,57.082925422234055,180,81,2000-08-03
62110,period_473,TEC 7376,activity_911,2025-04-03T00:00:00Z,Central Midfielder,null,141.77863701930644,3,0,180,81,2000-08-03
62110,period_1923,TEC 5341,activity_4436,2024-08-23T00:00:00Z,Central Midfielder,null,469.5229392399228,0,0,180,81,2000-08-03
62110,period_2953,G 1960,activity_4454,2024-12-13T00:00:00Z,Central Midfielder,null,1717.5607308674441,8,28.889124869221497,180,81,2000-08-03
62110,period_146,G 3164,activity_2423,2025-01-01T00:00:00Z,Central Midfielder,null,989.5407195096475,2,65.40334938417774,180,81,2000-08-03
62110,period_2831,G 5931,activity_4299,2025-04-11T00:00:00Z,Central Midfielder,null,975.3026174775146,10,18.461101989328203,180,81,2000-08-03
62110,period_3998,TAC 0133,activity_4433,2024-08-28T00:00:00Z,Central Midfielder,null,1325.189625257642,8,0,180,81,2000-08-03
62110,period_4754,G 1960,activity_2366,2025-03-28T00:00:00Z,Central Midfielder,null,1500.671826247004,2,0,180,81,2000-08-03
62110,period_174,BP 1031,activity_3243,2024-10-17T00:00:00Z,Central Midfielder,null,389.16957455951035,5,0,180,81,2000-08-03
62110,period_2586,TAC 5940,activity_3532,2024-09-16T00:00:00Z,Central Midfielder,null,1748.9196256251985,6,0,180,81,2000-08-03
62110,period_362,TAC 0133,activity_4436,2024-08-23T00:00:00Z,Central Midfielder,null,892.2559900254116,8,54.473086772029426,180,81,2000-08-03
62110,period_233,BP 2351,activity_1060,2025-02-21T00:00:00Z,Central Midfielder,null,492.064890825533,0,0.7360890564027953,180,81,2000-08-03
62110,period_939,TAC 0133,activity_4137,2025-03-07T00:00:00Z,Central Midfielder,null,2090.5480586990802,9,21.7251009741757,180,81,2000-08-03
62110,period_4233,TAC 0133,activity_2366,2025-03-28T00:00:00Z,Central Midfielder,null,1106.552058648988,1,2.5116574471319737,180,81,2000-08-03
62110,period_944,TAC 7848,activity_4744,2025-05-09T00:00:00Z,Central Midfielder,null,1925.5900699240995,5,0,180,81,2000-08-03
62110,period_1589,TAC 3056,activity_4436,2024-08-23T00:00:00Z,Central Midfielder,null,3335.528180626476,7,0,180,81,2000-08-03
62110,period_2228,G 1960,activity_1473,2025-05-17T00:00:00Z,Central Midfielder,null,3832.2598727552386,4,19.851608273751996,180,81,2000-08-03
62110,period_1612,TEC 5341,activity_2249,2024-08-08T00:00:00Z,Central Midfielder,null,743.115767744127,0,0,180,81,2000-08-03
62110,period_3129,TEC 5341,activity_3357,2025-04-25T00:00:00Z,Central Midfielder,null,208.50860317394054,2,0,180,81,2000-08-03
62110,period_3591,BP 2351,activity_599,2025-04-15T00:00:00Z,Central Midfielder,null,770.3178167195994,1,0,180,81,2000-08-03
62110,period_4407,G 1669,activity_2423,2025-01-01T00:00:00Z,Central Midfielder,null,1891.5130974828544,8,5.583053307072528,180,81,2000-08-03
62110,period_4249,TEC 5341,activity_1060,2025-02-21T00:00:00Z,Central Midfielder,null,283.73399847216535,6,0,180,81,2000-08-03
62110,period_3834,G 3473,activity_1951,2025-04-19T00:00:00Z,Central Midfielder,null,786.7480682862964,8,0,180,81,2000-08-03
62110,period_2041,TAC 5940,activity_823,2025-05-01T00:00:00Z,Central Midfielder,null,2728.0272484269226,5,0,180,81,2000-08-03
62110,period_4611,TAC 0133,activity_1859,2025-03-31T00:00:00Z,Central Midfielder,null,913.9284996989882,8,19.523900441828175,180,81,2000-08-03
62110,period_1456,BP 2351,activity_1951,2025-04-19T00:00:00Z,Central Midfielder,null,1072.8596487650775,0,0,180,81,2000-08-03
62110,period_2644,G 7940,activity_202,2025-03-30T00:00:00Z,Central Midfielder,null,2144.397566571738,10,14.767496364421747,180,81,2000-08-03
62110,period_1607,G 3218,activity_2423,2025-01-01T00:00:00Z,Central Midfielder,null,507.5168604689023,7,0,180,81,2000-08-03
62110,period_2175,BP 2351,activity_2366,2025-03-28T00:00:00Z,Central Midfielder,null,317.77662419574494,2,10.812183084862143,180,81,2000-08-03
62110,period_1682,TEC 5667,activity_202,2025-03-30T00:00:00Z,Central Midfielder,null,107.08326024684592,2,0,180,81,2000-08-03
62110,period_3506,TEC 5341,activity_1415,2025-05-07T00:00:00Z,Central Midfielder,null,199.2935742604749,0,10.442330316917536,180,81,2000-08-03
62110,period_2108,TAC 0133,activity_4407,2025-04-04T00:00:00Z,Central Midfielder,null,2288.229348392672,2,0,180,81,2000-08-03
62110,period_2438,BP 2351,activity_2516,2025-04-10T00:00:00Z,Central Midfielder,null,418.74830273797664,2,0,180,81,2000-08-03
62110,period_3163,TAC 7525,activity_3243,2024-10-17T00:00:00Z,Central Midfielder,null,1491.4390549126863,9,21.8425165051782,180,81,2000-08-03
62110,period_865,TAC 0133,activity_2955,2025-01-15T00:00:00Z,Central Midfielder,null,1699.1780181259126,3,12.907091650457527,180,81,2000-08-03
62110,period_934,TAC 2764,activity_3073,2025-05-06T00:00:00Z,Central Midfielder,null,635.4933533311239,6,22.672931354008956,180,81,2000-08-03
62110,period_1061,BP 8350,activity_3907,2025-05-08T00:00:00Z,Central Midfielder,null,440.6820392306631,4,0,180,81,2000-08-03
62110,period_2758,TAC 3056,activity_4436,2024-08-23T00:00:00Z,Central Midfielder,null,2672.8542843146056,5,0,180,81,2000-08-03
62110,period_2180,TAC 0133,activity_1415,2025-05-07T00:00:00Z,Central Midfielder,null,6499.513027911599,1,4.615821420135963,180,81,2000-08-03
62110,period_4155,BP 1822,activity_1060,2025-02-21T00:00:00Z,Central Midfielder,null,1016.318225801686,0,0,180,81,2000-08-03
62110,period_1819,G 1960,activity_4433,2024-08-28T00:00:00Z,Central Midfielder,null,1486.767273703077,5,0,180,81,2000-08-03
62110,period_1641,G 1960,activity_2955,2025-01-15T00:00:00Z,Central Midfielder,null,4474.381060798336,5,32.6906382073258,180,81,2000-08-03
62110,period_1778,G 1960,activity_3623,2024-09-27T00:00:00Z,Central Midfielder,null,1754.625845781344,4,11.724635127319008,180,81,2000-08-03
62110,period_4590,BP 5787,activity_1554,2025-03-27T00:00:00Z,Central Midfielder,null,480.6710451964266,0,0,180,81,2000-08-03
62110,period_4037,G 7015,activity_486,2024-08-11T00:00:00Z,Central Midfielder,null,1562.8141984543915,4,8.131526928980698,180,81,2000-08-03
62110,period_873,G 1960,activity_1924,2025-02-28T00:00:00Z,Central Midfielder,null,544.1875035219334,6,7.2571405509935225,180,81,2000-08-03
62110,period_4665,G 8963,activity_1554,2025-03-27T00:00:00Z,Central Midfielder,null,2216.6971125306204,0,3.7641987777827306,180,81,2000-08-03
62110,period_1862,BP 6247,activity_2249,2024-08-08T00:00:00Z,Central Midfielder,null,233.06803222514554,6,0,180,81,2000-08-03
62110,period_4122,G 1960,activity_3357,2025-04-25T00:00:00Z,Central Midfielder,null,995.2393137079306,6,22.272374407842367,180,81,2000-08-03
62110,period_2155,TAC 0133,activity_3105,2025-01-18T00:00:00Z,Central Midfielder,null,1084.6666727254749,5,25.264695461548303,180,81,2000-08-03
62110,period_2249,G 3863,activity_789,2024-08-22T00:00:00Z,Central Midfielder,null,2309.325564427967,6,8.835472898662138,180,81,2000-08-03
62110,period_3585,TAC 7525,activity_2601,2024-12-21T00:00:00Z,Central Midfielder,null,1123.7130455811841,6,54.43942722744908,180,81,2000-08-03
62110,period_650,TAC 0133,activity_3357,2025-04-25T00:00:00Z,Central Midfielder,null,1109.0639611402398,2,1.1590859877523076,180,81,2000-08-03
62110,period_3221,TAC 5940,activity_874,2024-11-03T00:00:00Z,Central Midfielder,null,1717.2507216922722,5,0,180,81,2000-08-03
62110,period_4247,G 3164,activity_3907,2025-05-08T00:00:00Z,Central Midfielder,null,513.4724134319466,7,6.6730295231708405,180,81,2000-08-03
62110,period_3468,G 1960,activity_75,2025-02-22T00:00:00Z,Central Midfielder,null,715.4459489603958,1,7.3465729319764765,180,81,2000-08-03
62110,period_1708,G 1960,activity_2574,2025-02-07T00:00:00Z,Central Midfielder,null,396.52724917794256,4,45.99587616460999,180,81,2000-08-03
62110,period_1872,TAC 7525,activity_4335,2025-05-03T00:00:00Z,Central Midfielder,null,652.1941964359736,10,0,180,81,2000-08-03
62110,period_830,TAC 2528,activity_477,2025-04-30T00:00:00Z,Central Midfielder,null,757.6689822661383,4,0,180,81,2000-08-03
62110,period_3077,TAC 0133,activity_599,2025-04-15T00:00:00Z,Central Midfielder,null,2741.159996409799,2,45.35019681837244,180,81,2000-08-03
62110,period_4714,BP 4303,activity_1589,2025-04-09T00:00:00Z,Central Midfielder,null,1159.1969050151674,3,0,180,81,2000-08-03
62110,period_3308,TEC 5341,activity_1589,2025-04-09T00:00:00Z,Central Midfielder,null,347.90033541797595,0,0,180,81,2000-08-03
62110,period_2071,G 1960,activity_3493,2025-05-10T00:00:00Z,Central Midfielder,null,886.5050290076387,5,32.922325396188775,180,81,2000-08-03
62110,period_4041,TAC 2764,activity_465,2025-03-14T00:00:00Z,Central Midfielder,null,1041.8259635301004,5,8.853950944350245,180,81,2000-08-03
62110,period_2405,G 5146,activity_359,2025-01-07T00:00:00Z,Central Midfielder,null,2599.5298092382554,6,0,180,81,2000-08-03
62110,period_522,BP 1822,activity_1389,2024-12-16T00:00:00Z,Central Midfielder,null,547.8659028459024,0,5.755202789035423,180,81,2000-08-03
62110,period_2390,TAC 0133,activity_1951,2025-04-19T00:00:00Z,Central Midfielder,null,986.8714629844244,8,45.67609491393852,180,81,2000-08-03
62110,period_2421,BP 0518,activity_3073,2025-05-06T00:00:00Z,Central Midfielder,null,745.3795808225663,0,0,180,81,2000-08-03
62110,period_1565,TAC 7525,activity_3243,2025-03-11T00:00:00Z,Central Midfielder,null,1219.5762380832255,16,39.049557400192526,180,81,2000-08-03
62110,period_1415,TAC 5940,activity_1415,2025-05-07T00:00:00Z,Central Midfielder,null,2133.346251981128,2,11.547503844339357,180,81,2000-08-03
62110,period_2758,TAC 7525,activity_4744,2025-05-09T00:00:00Z,Central Midfielder,null,331.74295355289803,6,37.97202681232789,180,81,2000-08-03
62110,period_4993,G 1960,activity_3243,2025-03-11T00:00:00Z,Central Midfielder,null,1238.0792983632907,9,0,180,81,2000-08-03
62110,period_3352,TAC 0133,activity_2761,2025-03-03T00:00:00Z,Central Midfielder,null,1343.212087207379,5,22.98801859653121,180,81,2000-08-03
62110,period_432,TEC 9696,activity_2516,2025-04-10T00:00:00Z,Central Midfielder,null,138.15502449656216,0,0,180,81,2000-08-03
62110,period_1768,TAC 1326,activity_4299,2025-04-11T00:00:00Z,Central Midfielder,null,1441.1298301077834,15,0,180,81,2000-08-03
62110,period_1473,null,activity_551,2025-03-29T00:00:00Z,Central Midfielder,1,2458.123062934641,9,1.7893469420767316,180,81,2000-08-03
62110,period_1022,null,activity_562,2024-12-22T00:00:00Z,Central Midfielder,1,220.6043122927911,3,2.7562774408861133,180,81,2000-08-03
62110,period_3299,null,activity_4800,2024-12-07T00:00:00Z,Central Midfielder,1,1511.75698346169,6,6.752590104215286,180,81,2000-08-03
62110,period_359,null,activity_944,2025-02-19T00:00:00Z,Central Midfielder,1,1140.0163107458195,3,6.468972154311343,180,81,2000-08-03
62110,period_202,null,activity_4208,2025-02-08T00:00:00Z,Central Midfielder,1,2003.6600998137387,9,84.33367851072626,180,81,2000-08-03
62110,period_109,null,activity_2511,2025-02-05T00:00:00Z,Central Midfielder,1,1211.3679004198343,3,8.527887375267527,180,81,2000-08-03
62110,period_4651,null,activity_1493,2024-09-01T00:00:00Z,Central Midfielder,1,1524.8586565302057,2,3.694740775447646,180,81,2000-08-03
62110,period_1230,null,activity_939,2025-05-24T00:00:00Z,Central Midfielder,1,1790.8365986905576,5,8.922311330723605,180,81,2000-08-03
62110,period_3040,null,activity_2953,2025-02-26T00:00:00Z,Central Midfielder,1,3069.041042595893,6,21.33570816866513,180,81,2000-08-03
62110,period_4436,null,activity_3206,2025-01-29T00:00:00Z,Central Midfielder,1,1544.605492292278,3,0,180,81,2000-08-03
62110,period_477,null,activity_1862,2025-06-22T00:00:00Z,Central Midfielder,1,1337.4018138696151,4,77.51021777900118,180,81,2000-08-03
62110,period_4335,null,activity_2300,2024-08-29T00:00:00Z,Central Midfielder,1,1524.5804946291273,6,0,180,81,2000-08-03
62110,period_3943,null,activity_2558,2025-02-11T00:00:00Z,Central Midfielder,1,1386.7106346787193,9,38.67706240526611,180,81,2000-08-03
62110,period_4655,null,activity_1778,2024-09-21T00:00:00Z,Central Midfielder,1,1207.7714439647466,6,20.254925582142132,180,81,2000-08-03
62110,period_4690,null,activity_883,2024-12-04T00:00:00Z,Central Midfielder,1,174.88057724971847,6,20.111560066276486,180,81,2000-08-03
62110,period_2423,null,activity_4443,2024-08-25T00:00:00Z,Central Midfielder,1,1631.2860050522581,6,36.36015999094067,180,81,2000-08-03
62110,period_4454,null,activity_4067,2024-12-14T00:00:00Z,Central Midfielder,1,1519.3960815631096,7,5.110177553198852,180,81,2000-08-03
62110,period_3638,null,activity_2158,2025-04-01T00:00:00Z,Central Midfielder,1,1686.0471592916517,3,16.570626991492983,180,81,2000-08-03
62110,period_1924,null,activity_650,2024-12-18T00:00:00Z,Central Midfielder,1,1448.7728941158693,7,20.411390621595046,180,81,2000-08-03
62110,period_2955,null,activity_2985,2025-05-04T00:00:00Z,Central Midfielder,1,1576.8544225865191,1,13.897149824157127,180,81,2000-08-03
62110,period_789,null,activity_4496,2024-09-24T00:00:00Z,Central Midfielder,1,1113.8219810464766,8,6.038349305670579,180,81,2000-08-03
62110,period_2593,null,activity_2152,2025-01-03T00:00:00Z,Central Midfielder,1,1972.8641401975785,10,35.800797049812736,180,81,2000-08-03
62110,period_4208,null,activity_473,2025-01-09T00:00:00Z,Central Midfielder,1,1169.038441785484,0,26.96212774773696,180,81,2000-08-03
62110,period_1555,null,activity_4155,2025-03-15T00:00:00Z,Central Midfielder,1,6180.080026540146,6,28.027790688678145,180,81,2000-08-03
62110,period_1060,null,activity_1526,2025-04-23T00:00:00Z,Central Midfielder,1,1210.9911994846595,0,17.583095154549053,180,81,2000-08-03
62110,period_1389,null,activity_3352,2024-08-18T00:00:00Z,Central Midfielder,1,1492.4147903771357,6,101.74496602120713,180,81,2000-08-03
62110,period_1951,null,activity_1585,2025-03-04T00:00:00Z,Central Midfielder,1,1329.6982557805607,5,12.170250666230125,180,81,2000-08-03
62110,period_2761,null,activity_2894,2025-04-16T00:00:00Z,Central Midfielder,1,1176.898787817471,6,44.49746817887222,180,81,2000-08-03
62110,period_486,null,activity_1434,2025-02-01T00:00:00Z,Central Midfielder,1,171.82578041698716,5,6.271779468082224,180,81,2000-08-03
62110,period_4304,null,activity_865,2024-10-05T00:00:00Z,Central Midfielder,1,192.14571912453755,7,15.231854366937357,180,81,2000-08-03
62110,period_2574,null,activity_2071,2025-04-26T00:00:00Z,Central Midfielder,1,3077.768419504556,5,28.859726300941315,180,81,2000-08-03
62110,period_1431,null,activity_1456,2024-11-05T00:00:00Z,Central Midfielder,1,1294.6465475816467,5,45.69233079031835,180,81,2000-08-03
62110,period_1973,null,activity_2390,2025-06-26T00:00:00Z,Central Midfielder,1,716.7391616850475,9,10.374964928765163,180,81,2000-08-03
62110,period_3073,null,activity_2361,2025-02-23T00:00:00Z,Central Midfielder,1,2139.6646597506565,6,47.2805357307524,180,81,2000-08-03
62110,period_3030,null,activity_2954,2025-03-01T00:00:00Z,Central Midfielder,1,583.5066986919495,6,13.927629196079469,180,81,2000-08-03
62110,period_599,null,activity_2102,2025-06-18T00:00:00Z,Central Midfielder,1,1959.3088359205087,6,1.5316006815102408,180,81,2000-08-03
62110,period_823,null,activity_146,2024-10-26T00:00:00Z,Central Midfielder,1,1858.7106949313393,5,8.144574360629031,180,81,2000-08-03
62110,period_4251,null,activity_2583,2025-04-20T00:00:00Z,Central Midfielder,1,1145.6819588454814,5,22.562983867113925,180,81,2000-08-03
62110,period_4137,null,activity_2405,2024-10-22T00:00:00Z,Central Midfielder,1,1668.2989908613577,3,26.131005067065935,180,81,2000-08-03
62110,period_3493,null,activity_1612,2024-12-10T00:00:00Z,Central Midfielder,1,1912.3111409800622,5,28.327488786294,180,81,2000-08-03
62110,period_4744,null,activity_461,2025-05-18T00:00:00Z,Central Midfielder,1,2199.0083222693634,8,91.94944298047592,180,81,2000-08-03
62110,period_3516,null,activity_3564,2025-01-12T00:00:00Z,Central Midfielder,1,1745.3004276208478,7,5.951767755770382,180,81,2000-08-03
62110,period_4433,null,activity_4602,2025-04-05T00:00:00Z,Central Midfielder,1,2617.574690622957,0,0,180,81,2000-08-03
62110,period_3105,null,activity_1093,2024-09-29T00:00:00Z,Central Midfielder,1,907.0203265670386,6,0,180,81,2000-08-03
62110,period_1859,null,activity_3591,2025-01-16T00:00:00Z,Central Midfielder,1,1596.2382939313327,5,40.102437745440966,180,81,2000-08-03
62110,period_2160,null,activity_26,2025-04-13T00:00:00Z,Central Midfielder,1,1766.6849379865757,10,52.294509569648284,180,81,2000-08-03
62110,period_4581,null,activity_525,2025-03-09T00:00:00Z,Central Midfielder,1,1613.6314786965531,3,8.778764785260273,180,81,2000-08-03
62110,period_1501,null,activity_3585,2025-02-15T00:00:00Z,Central Midfielder,1,2028.153661647072,3,1.555271735068135,180,81,2000-08-03
62110,period_3385,null,activity_3285,2024-09-17T00:00:00Z,Central Midfielder,1,5259.860048753667,4,51.555174231737105,180,81,2000-08-03
62110,period_2655,null,activity_2614,2025-03-12T00:00:00Z,Central Midfielder,1,1898.105080500601,2,59.87292869477888,180,81,2000-08-03
62110,period_3357,null,activity_2421,2025-05-11T00:00:00Z,Central Midfielder,1,1534.456417516731,4,20.06199887172485,180,81,2000-08-03
62110,period_4299,null,activity_432,2024-10-19T00:00:00Z,Central Midfielder,1,1250.478760885493,7,17.934895050494006,180,81,2000-08-03
62110,period_958,null,activity_1106,2025-01-25T00:00:00Z,Central Midfielder,1,1464.6748236567232,5,0,180,81,2000-08-03
62110,period_4699,null,activity_929,2024-10-02T00:00:00Z,Central Midfielder,1,1475.90422807604,4,45.190631590035046,180,81,2000-08-03
62110,period_4617,G 8908,activity_1059,2025-03-06T00:00:00Z,Central Midfielder,null,903.9827759218174,3,0,180,81,2000-08-03
62110,period_2331,BP 7816,activity_1389,2024-12-16T00:00:00Z,Central Midfielder,null,500.14729694103676,3,0,180,81,2000-08-03
62110,period_1526,BP 2351,activity_1973,2025-03-08T00:00:00Z,Central Midfielder,null,717.3793832981224,3,0,180,81,2000-08-03
62110,period_1093,G 1960,activity_599,2025-04-15T00:00:00Z,Central Midfielder,null,901.7398304791195,1,19.484535123069083,180,81,2000-08-03
62110,period_3993,TAC 7525,activity_359,2025-01-07T00:00:00Z,Central Midfielder,null,806.3676083539341,3,0,180,81,2000-08-03
62110,period_3582,G 5931,activity_3243,2024-10-17T00:00:00Z,Central Midfielder,null,2210.334560781619,2,0,180,81,2000-08-03
62110,period_1683,BP 2351,activity_1389,2024-12-16T00:00:00Z,Central Midfielder,null,776.7635208229744,7,0,180,81,2000-08-03
62110,period_771,TAC 7525,activity_1059,2025-03-06T00:00:00Z,Central Midfielder,null,2224.991625807715,3,0,180,81,2000-08-03
62110,period_1693,BP 8346,activity_477,2025-04-30T00:00:00Z,Central Midfielder,null,929.5077162574845,3,0,180,81,2000-08-03
62110,period_1683,G 5931,activity_2060,2025-05-22T00:00:00Z,Central Midfielder,null,2464.15301719038,1,0,180,81,2000-08-03
62110,period_2614,TAC 0133,activity_96,2025-02-25T00:00:00Z,Central Midfielder,null,1265.5018351619485,3,0,180,81,2000-08-03
62110,period_2149,TEC 5098,activity_2210,2025-05-16T00:00:00Z,Central Midfielder,null,144.3798362450169,0,0,180,81,2000-08-03
62110,period_1493,TAC 0133,activity_4436,2024-08-23T00:00:00Z,Central Midfielder,null,1928.522444828897,1,0,180,81,2000-08-03
62110,period_4717,G 1960,activity_2593,2024-10-18T00:00:00Z,Central Midfielder,null,1597.8477010930837,2,0.1626777060703131,180,81,2000-08-03
62110,period_3070,G 1960,activity_3532,2024-09-16T00:00:00Z,Central Midfielder,null,4422.754844038602,4,0,180,81,2000-08-03
62110,period_4318,G 8095,activity_2210,2025-05-16T00:00:00Z,Central Midfielder,null,1682.9097966988647,6,0,180,81,2000-08-03
62110,period_4366,G 1960,activity_4407,2025-04-04T00:00:00Z,Central Midfielder,null,5678.239222222193,2,0,180,81,2000-08-03
62110,period_3285,BP 2351,activity_1554,2025-03-27T00:00:00Z,Central Midfielder,null,249.3328717494825,2,0,180,81,2000-08-03
62110,period_874,G 1960,activity_2601,2024-12-21T00:00:00Z,Central Midfielder,null,983.2014287143253,2,0,180,81,2000-08-03
62110,period_1471,TAC 3056,activity_2423,2025-01-01T00:00:00Z,Central Midfielder,null,2611.3634679456427,7,0,180,81,2000-08-03
62110,period_3636,G 7242,activity_1589,2025-04-09T00:00:00Z,Central Midfielder,null,1501.6320435861994,12,59.90029703021235,180,81,2000-08-03
62110,period_2158,G 1960,activity_1859,2025-03-31T00:00:00Z,Central Midfielder,null,1551.5179266604607,3,0,180,81,2000-08-03
62110,period_2331,BP 5787,activity_2210,2025-05-16T00:00:00Z,Central Midfielder,null,1068.1012585899066,9,0,180,81,2000-08-03
62110,period_2300,BP 2704,activity_1589,2025-04-09T00:00:00Z,Central Midfielder,null,1676.3379511690791,0,0,180,81,2000-08-03
62110,period_3790,TEC 7736,activity_1554,2025-03-27T00:00:00Z,Central Midfielder,null,521.9302704866426,0,16.631121901206278,180,81,2000-08-03
62110,period_4270,G 7015,activity_486,2024-08-11T00:00:00Z,Central Midfielder,null,620.5119932645827,17,61.49426214834156,180,81,2000-08-03
62110,period_625,TAC 0133,activity_2655,2025-02-04T00:00:00Z,Central Midfielder,null,1786.055192853277,4,23.600094776177656,180,81,2000-08-03
62110,period_390,BP 2351,activity_1061,2024-12-31T00:00:00Z,Central Midfielder,null,2047.9417853137236,0,1.3083990069307039,180,81,2000-08-03
62110,period_4369,G 3164,activity_823,2025-05-01T00:00:00Z,Central Midfielder,null,1072.6404999714882,9,0,180,81,2000-08-03
62110,period_350,TAC 0133,activity_3943,2024-08-10T00:00:00Z,Central Midfielder,null,642.638073649716,3,4.576897898187894,180,81,2000-08-03
62110,period_2985,BP 4893,activity_3943,2024-08-10T00:00:00Z,Central Midfielder,null,1021.9878979330967,3,0,180,81,2000-08-03
62110,period_1612,G 9283,activity_3073,2025-05-06T00:00:00Z,Central Midfielder,null,953.2232161158729,6,0,180,81,2000-08-03
62110,period_425,G 1960,activity_3385,2025-02-14T00:00:00Z,Central Midfielder,null,821.5105810084741,6,0,180,81,2000-08-03
62110,period_3678,G 1960,activity_3907,2025-05-08T00:00:00Z,Central Midfielder,null,1462.8908997594674,4,6.547589138886097,180,81,2000-08-03
62110,period_1061,TAC 0133,activity_3623,2024-09-27T00:00:00Z,Central Midfielder,null,767.0696518766586,4,0,180,81,2000-08-03
62110,period_3206,BP 1615,activity_1061,2024-12-31T00:00:00Z,Central Midfielder,null,1040.1072270884708,4,0,180,81,2000-08-03
62110,period_4753,BP 1849,activity_2516,2025-04-10T00:00:00Z,Central Midfielder,null,1510.942146696317,4,0,180,81,2000-08-03
62110,period_2717,TAC 0133,activity_3907,2025-05-08T00:00:00Z,Central Midfielder,null,1907.2168654306652,0,0,180,81,2000-08-03
62110,period_4147,TAC 7525,activity_3357,2025-04-25T00:00:00Z,Central Midfielder,null,2713.8508183316676,3,20.675354740188318,180,81,2000-08-03
62110,period_2628,G 1960,activity_4122,2025-01-08T00:00:00Z,Central Midfielder,null,1789.2870669232839,6,4.099730831984811,180,81,2000-08-03
62110,period_4438,G 3164,activity_202,2025-03-30T00:00:00Z,Central Midfielder,null,1340.7714194972557,8,0,180,81,2000-08-03
62110,period_2876,TAC 0133,activity_486,2024-08-11T00:00:00Z,Central Midfielder,null,1225.4740665343309,5,34.19873174652071,180,81,2000-08-03
62110,period_334,BP 2654,activity_359,2025-01-07T00:00:00Z,Central Midfielder,null,1787.4417097079818,3,0,180,81,2000-08-03
62110,period_1192,BP 2351,activity_789,2024-08-22T00:00:00Z,Central Midfielder,null,871.7721461787356,2,0,180,81,2000-08-03
62110,period_578,BP 4893,activity_4122,2025-01-08T00:00:00Z,Central Midfielder,null,808.3196665023167,3,0,180,81,2000-08-03
62110,period_3812,G 1960,activity_4436,2024-08-23T00:00:00Z,Central Midfielder,null,2253.5669200741177,4,5.487414794132069,180,81,2000-08-03
62110,period_3578,G 1960,activity_3638,2024-08-17T00:00:00Z,Central Midfielder,null,1918.8697833029828,9,27.22128257827448,180,81,2000-08-03
62110,period_2341,TAC 7525,activity_4454,2024-12-13T00:00:00Z,Central Midfielder,null,578.811179113947,4,27.215774367442073,180,81,2000-08-03
55220,period_4067,G 3218,activity_2160,2024-07-29T00:00:00Z,Full Back,null,2039.9375288613692,0,0,177,77,2002-01-18
55220,period_483,BP 2654,activity_2160,2024-07-29T00:00:00Z,Full Back,null,657.7929080601513,6,0,177,77,2002-01-18
55220,period_4703,TAC 0133,activity_2574,2025-02-07T00:00:00Z,Full Back,null,1614.0728437402774,1,12.731510678525149,177,77,2002-01-18
55220,period_2894,TAC 0133,activity_4699,2024-07-30T00:00:00Z,Full Back,null,907.5150088629156,5,26.243406918992008,177,77,2002-01-18
55220,period_4800,G 4139,activity_1431,2025-01-30T00:00:00Z,Full Back,null,1909.3354645771662,3,90.35512411886205,177,77,2002-01-18
55220,period_1196,TAC 7101,activity_2160,2024-07-29T00:00:00Z,Full Back,null,1763.1845769100767,5,23.39837639273825,177,77,2002-01-18
55220,period_1724,TEC 5328,activity_1431,2025-01-30T00:00:00Z,Full Back,null,450.7015353866525,3,0,177,77,2002-01-18
55220,period_4443,BP 2351,activity_1555,2024-08-02T00:00:00Z,Full Back,null,2091.9638030169863,10,0,177,77,2002-01-18
55220,period_4216,G 0184,activity_1230,2024-07-27T00:00:00Z,Full Back,null,1177.6583138075964,11,78.61419114354042,177,77,2002-01-18
55220,period_4157,G 1960,activity_4699,2024-07-30T00:00:00Z,Full Back,null,1655.9556019478,8,0,177,77,2002-01-18
55220,period_1247,G 0184,activity_1230,2024-07-27T00:00:00Z,Full Back,null,1497.1976552338854,7,15.740188327193863,177,77,2002-01-18
55220,period_4016,BP 2269,activity_1230,2024-07-27T00:00:00Z,Full Back,null,541.6585194662,3,0,177,77,2002-01-18
55220,period_1957,G 0184,activity_1230,2024-07-27T00:00:00Z,Full Back,null,805.3729852343192,4,22.331936075482673,177,77,2002-01-18
55220,period_3226,G 1960,activity_1555,2024-08-02T00:00:00Z,Full Back,null,3445.781065547718,6,56.40379667526875,177,77,2002-01-18
55220,period_523,G 1669,activity_1431,2025-01-30T00:00:00Z,Full Back,null,1791.2180336351446,10,20.560400917712993,177,77,2002-01-18
55220,period_2102,TAC 5940,activity_1555,2024-08-02T00:00:00Z,Full Back,null,1705.9562346353778,2,7.941315621184122,177,77,2002-01-18
55220,period_2662,BP 9117,activity_4581,2024-08-01T00:00:00Z,Full Back,null,1009.4005197416186,0,0,177,77,2002-01-18
55220,period_2155,TAC 0133,activity_3105,2025-01-18T00:00:00Z,Full Back,null,1859.0089019642032,2,29.561373757297776,177,77,2002-01-18
55220,period_96,null,activity_625,2024-08-04T00:00:00Z,Full Back,1,1261.1417909826503,9,12.687571045103638,177,77,2002-01-18
55220,period_3532,null,activity_625,2024-08-04T00:00:00Z,Full Back,1,1743.298775295505,10,17.400606475426574,177,77,2002-01-18
55220,period_3623,null,activity_1872,2025-01-19T00:00:00Z,Full Back,1,1934.8977047335234,10,80.10649828929046,177,77,2002-01-18
55220,period_958,null,activity_1106,2025-01-25T00:00:00Z,Full Back,1,1735.5373882382241,11,3.115871560594236,177,77,2002-01-18
55220,period_315,BP 3884,activity_1431,2025-01-30T00:00:00Z,Full Back,null,558.6308288718286,0,0,177,77,2002-01-18
55220,period_625,TAC 0133,activity_2655,2025-02-04T00:00:00Z,Full Back,null,432.39842045073624,10,23.238337140985347,177,77,2002-01-18
55220,period_4143,G 5146,activity_4581,2024-08-01T00:00:00Z,Full Back,null,3997.226996612297,6,22.32203000070396,177,77,2002-01-18
55220,period_425,G 1960,activity_3385,2025-02-14T00:00:00Z,Full Back,null,3230.5021648096044,9,0,177,77,2002-01-18
55220,period_2816,TEC 5341,activity_4581,2024-08-01T00:00:00Z,Full Back,null,366.94477186943976,6,0,177,77,2002-01-18
55220,period_562,G 0184,activity_1230,2024-07-27T00:00:00Z,Full Back,null,2491.863295611043,10,9.129725289592416,177,77,2002-01-18
55220,period_1708,G 1960,activity_2574,2025-02-07T00:00:00Z,Full Back,null,2771.3977991040283,16,0,177,77,2002-01-18
55220,period_2511,BP 4893,activity_4699,2024-07-30T00:00:00Z,Full Back,null,1584.1760494546488,0,13.205401976764934,177,77,2002-01-18
93116,period_4067,G 3218,activity_2160,2024-07-29T00:00:00Z,Central Back,null,335.2395733469351,3,27.631363950839674,180,200,2007-09-02
93116,period_4143,G 5146,activity_4581,2024-08-01T00:00:00Z,Central Back,null,1922.5733282766996,5,11.708894136718463,180,200,2007-09-02
93116,period_4157,G 1960,activity_4699,2024-07-30T00:00:00Z,Central Back,null,1601.252706161139,7,73.36957862778225,180,200,2007-09-02
93116,period_2662,BP 9117,activity_4581,2024-08-01T00:00:00Z,Central Back,null,722.1080167730681,0,0,180,200,2007-09-02
93116,period_1196,TAC 7101,activity_2160,2024-07-29T00:00:00Z,Central Back,null,1043.0833022961485,5,20.88913333971504,180,200,2007-09-02
93116,period_2894,TAC 0133,activity_4699,2024-07-30T00:00:00Z,Central Back,null,1042.0047436860057,8,0,180,200,2007-09-02
93116,period_2102,TAC 5940,activity_1555,2024-08-02T00:00:00Z,Central Back,null,2435.904160380566,3,0,180,200,2007-09-02
93116,period_483,BP 2654,activity_2160,2024-07-29T00:00:00Z,Central Back,null,413.9979368311837,6,0,180,200,2007-09-02
93116,period_96,null,activity_625,2024-08-04T00:00:00Z,Central Back,1,736.1219943629864,4,0,180,200,2007-09-02
93116,period_911,null,activity_830,2024-08-01T00:00:00Z,Central Back,1,407.89793535157503,0,0,180,200,2007-09-02
93116,period_2366,null,activity_830,2024-08-01T00:00:00Z,Central Back,1,801.5553743343793,0,0,180,200,2007-09-02
93116,period_3532,null,activity_625,2024-08-04T00:00:00Z,Central Back,1,610.7344786187367,0,0,180,200,2007-09-02
93116,period_2816,TEC 5341,activity_4581,2024-08-01T00:00:00Z,Central Back,null,466.0669635410071,0,0,180,200,2007-09-02
93116,period_4443,BP 2351,activity_1555,2024-08-02T00:00:00Z,Central Back,null,1234.9773412854602,13,25.335407217453728,180,200,2007-09-02
93116,period_2511,BP 4893,activity_4699,2024-07-30T00:00:00Z,Central Back,null,906.4747335602048,0,0,180,200,2007-09-02
93116,period_3226,G 1960,activity_1555,2024-08-02T00:00:00Z,Central Back,null,1462.5432131589043,9,0,180,200,2007-09-02
39471,period_578,BP 4893,activity_4122,2025-01-08T00:00:00Z,Winger,null,858.5759844414147,1,0,177,73,2000-11-24
39471,period_190,G 3218,activity_4067,2024-09-26T00:00:00Z,Winger,null,1080.7905582196424,7,46.71617336460625,177,73,2000-11-24
39471,period_4650,BP 2351,activity_439,2024-10-09T00:00:00Z,Winger,null,573.3097214050072,4,0,177,73,2000-11-24
39471,period_2953,G 1960,activity_4454,2024-12-13T00:00:00Z,Winger,null,1932.5682138016189,3,21.247267678633968,177,73,2000-11-24
39471,period_3578,G 1960,activity_3638,2024-08-17T00:00:00Z,Winger,null,1665.0894863361123,1,0,177,73,2000-11-24
39471,period_1370,G 8963,activity_1415,2025-05-07T00:00:00Z,Winger,null,1078.594055129528,2,5.6918876945473444,177,73,2000-11-24
39471,period_2614,TAC 0133,activity_96,2025-02-25T00:00:00Z,Winger,null,1009.1085612298463,2,10.208277713910892,177,73,2000-11-24
39471,period_2985,BP 4893,activity_3943,2024-08-10T00:00:00Z,Winger,null,362.6087813340756,2,0,177,73,2000-11-24
39471,period_1607,G 3218,activity_2423,2025-01-01T00:00:00Z,Winger,null,2314.21555758482,0,12.943393226253532,177,73,2000-11-24
39471,period_362,TAC 0133,activity_4436,2024-08-23T00:00:00Z,Winger,null,843.2185412904638,0,0,177,73,2000-11-24
39471,period_2249,G 3863,activity_789,2024-08-22T00:00:00Z,Winger,null,959.5083300013539,4,69.45300238988648,177,73,2000-11-24
39471,period_2331,BP 7816,activity_1389,2024-12-16T00:00:00Z,Winger,null,1061.4902124288312,0,0,177,73,2000-11-24
39471,period_4753,BP 1849,activity_2516,2025-04-10T00:00:00Z,Winger,null,911.4717674667799,2,34.12632024465355,177,73,2000-11-24
39471,period_4782,TAC 0133,activity_3638,2024-08-17T00:00:00Z,Winger,null,1140.1414351479996,5,0,177,73,2000-11-24
39471,period_315,BP 3884,activity_1431,2025-01-30T00:00:00Z,Winger,null,1401.3242525606986,0,0,177,73,2000-11-24
39471,period_1093,G 1960,activity_599,2025-04-15T00:00:00Z,Winger,null,2186.8670742005133,17,10.471540071138651,177,73,2000-11-24
39471,period_939,TAC 0133,activity_4137,2025-03-07T00:00:00Z,Winger,null,2783.010850877151,4,14.358983112637778,177,73,2000-11-24
39471,period_650,TAC 0133,activity_3357,2025-04-25T00:00:00Z,Winger,null,521.0988595489829,0,0,177,73,2000-11-24
39471,period_3221,TAC 5940,activity_874,2024-11-03T00:00:00Z,Winger,null,552.727691987512,3,18.453787837753783,177,73,2000-11-24
39471,period_1764,TAC 0133,activity_4304,2024-09-13T00:00:00Z,Winger,null,1382.8001564724857,0,0,177,73,2000-11-24
39471,period_551,BP 1849,activity_1501,2024-10-07T00:00:00Z,Winger,null,517.1584377312568,9,0,177,73,2000-11-24
39471,period_1192,BP 2351,activity_789,2024-08-22T00:00:00Z,Winger,null,697.0875236657319,1,0,177,73,2000-11-24
39471,period_4443,BP 2351,activity_1555,2024-08-02T00:00:00Z,Winger,null,657.023979172928,4,0,177,73,2000-11-24
39471,period_146,G 3164,activity_2423,2025-01-01T00:00:00Z,Winger,null,764.1889644897561,7,1.7709677639805677,177,73,2000-11-24
39471,period_3591,BP 2351,activity_599,2025-04-15T00:00:00Z,Winger,null,1971.1215336813184,17,0,177,73,2000-11-24
39471,period_1641,G 1960,activity_2955,2025-01-15T00:00:00Z,Winger,null,2254.6634175421877,4,28.887501997824714,177,73,2000-11-24
39471,period_576,BP 8346,activity_4764,2025-04-14T00:00:00Z,Winger,null,1761.6126526823143,0,0,177,73,2000-11-24
39471,period_4037,G 7015,activity_486,2024-08-11T00:00:00Z,Winger,null,1077.6277127378087,8,0,177,73,2000-11-24
39471,period_2644,G 7940,activity_202,2025-03-30T00:00:00Z,Winger,null,3053.8759344539067,8,24.635715695536035,177,73,2000-11-24
39471,period_1612,G 9283,activity_3073,2025-05-06T00:00:00Z,Winger,null,783.979440585789,0,78.49147146035465,177,73,2000-11-24
39471,period_425,G 1960,activity_3385,2025-02-14T00:00:00Z,Winger,null,1303.1428269779885,4,0,177,73,2000-11-24
39471,period_4400,TEC 7376,activity_1415,2025-05-07T00:00:00Z,Winger,null,1321.9169921812056,0,0,177,73,2000-11-24
39471,period_233,BP 2351,activity_1060,2025-02-21T00:00:00Z,Winger,null,1418.525061085729,0,0,177,73,2000-11-24
39471,period_3678,G 1960,activity_3907,2025-05-08T00:00:00Z,Winger,null,1755.6408862093363,9,35.35208348646694,177,73,2000-11-24
39471,period_4726,G 3218,activity_1022,2025-04-18T00:00:00Z,Winger,null,788.346473504395,8,6.050627401962976,177,73,2000-11-24
39471,period_2717,TAC 0133,activity_3907,2025-05-08T00:00:00Z,Winger,null,641.2501195787763,2,64.32516680635307,177,73,2000-11-24
39471,period_2337,TEC 9696,activity_3493,2025-05-10T00:00:00Z,Winger,null,99.51520283673017,0,0,177,73,2000-11-24
39471,period_1585,TAC 0133,activity_2593,2024-10-18T00:00:00Z,Winger,null,906.3941054365696,8,0,177,73,2000-11-24
39471,period_4233,TAC 0133,activity_2366,2025-03-28T00:00:00Z,Winger,null,1034.6647747256054,13,21.923098373749852,177,73,2000-11-24
39471,period_4247,G 3164,activity_3907,2025-05-08T00:00:00Z,Winger,null,2357.9294749472774,15,3.3593594580052812,177,73,2000-11-24
39471,period_3352,TAC 0133,activity_2761,2025-03-03T00:00:00Z,Winger,null,1053.0064436551008,1,0,177,73,2000-11-24
39471,period_4067,G 1960,activity_4137,2025-03-07T00:00:00Z,Winger,null,561.4255632047305,4,41.08716642834244,177,73,2000-11-24
39471,period_1724,TEC 5328,activity_1431,2025-01-30T00:00:00Z,Winger,null,287.85347305085736,0,0,177,73,2000-11-24
39471,period_1768,TAC 1326,activity_4299,2025-04-11T00:00:00Z,Winger,null,640.9241863851388,4,0,177,73,2000-11-24
39471,period_3993,TAC 7525,activity_359,2025-01-07T00:00:00Z,Winger,null,2862.21242814844,4,20.49671127433939,177,73,2000-11-24
39471,period_3468,G 1960,activity_75,2025-02-22T00:00:00Z,Winger,null,3282.0135028515197,14,0,177,73,2000-11-24
39471,period_4270,G 7015,activity_486,2024-08-11T00:00:00Z,Winger,null,1678.4744695779789,4,0,177,73,2000-11-24
39471,period_2558,G 1960,activity_3614,2025-04-12T00:00:00Z,Winger,null,1798.9940458633628,4,0,177,73,2000-11-24
39471,period_4369,G 3164,activity_823,2025-05-01T00:00:00Z,Winger,null,1085.0340448553093,8,0,177,73,2000-11-24
39471,period_4143,G 5146,activity_4581,2024-08-01T00:00:00Z,Winger,null,1167.3675725153405,6,0,177,73,2000-11-24
39471,period_3087,BP 3930,activity_4067,2024-09-26T00:00:00Z,Winger,null,284.35609892401425,5,0,177,73,2000-11-24
39471,period_4703,TAC 0133,activity_2574,2025-02-07T00:00:00Z,Winger,null,563.1274984473357,9,16.932216462230414,177,73,2000-11-24
39471,period_3834,G 3473,activity_1951,2025-04-19T00:00:00Z,Winger,null,1266.3100662922102,10,0,177,73,2000-11-24
39471,period_2424,BP 6474,activity_3030,2024-12-08T00:00:00Z,Winger,null,1058.2009041825884,1,0,177,73,2000-11-24
39471,period_2390,TAC 0133,activity_1951,2025-04-19T00:00:00Z,Winger,null,755.5305467389737,2,27.750032099833728,177,73,2000-11-24
39471,period_4717,G 1960,activity_2593,2024-10-18T00:00:00Z,Winger,null,3433.2972319011296,8,13.775903495785018,177,73,2000-11-24
39471,period_3707,G 1960,activity_4304,2024-09-13T00:00:00Z,Winger,null,2736.8982851201345,5,5.2142227058930075,177,73,2000-11-24
39471,period_1682,TEC 5667,activity_202,2025-03-30T00:00:00Z,Winger,null,239.42532585942814,0,0,177,73,2000-11-24
39471,period_3226,G 1960,activity_1555,2024-08-02T00:00:00Z,Winger,null,5034.069184077152,6,15.950523031095756,177,73,2000-11-24
39471,period_3206,BP 1615,activity_1061,2024-12-31T00:00:00Z,Winger,null,845.6286585884022,10,0,177,73,2000-11-24
39471,period_1415,TAC 5940,activity_1415,2025-05-07T00:00:00Z,Winger,null,714.1843563176229,9,16.90467272690062,177,73,2000-11-24
39471,period_4540,G 5931,activity_823,2025-05-01T00:00:00Z,Winger,null,825.2529893196395,11,0,177,73,2000-11-24
39471,period_1526,BP 2351,activity_1973,2025-03-08T00:00:00Z,Winger,null,931.2589817031334,3,0,177,73,2000-11-24
39471,period_75,G 9283,activity_911,2025-04-03T00:00:00Z,Winger,null,1116.3015557644542,8,15.385364718681723,177,73,2000-11-24
39471,period_334,BP 2654,activity_359,2025-01-07T00:00:00Z,Winger,null,590.0649935034904,2,0,177,73,2000-11-24
39471,period_473,TEC 7376,activity_911,2025-04-03T00:00:00Z,Winger,null,308.6008385556341,0,0,177,73,2000-11-24
39471,period_3077,TAC 0133,activity_599,2025-04-15T00:00:00Z,Winger,null,2272.917107292878,0,0,177,73,2000-11-24
39471,period_1778,G 1960,activity_3623,2024-09-27T00:00:00Z,Winger,null,1075.1186776607965,7,0,177,73,2000-11-24
39471,period_4407,G 1669,activity_2423,2025-01-01T00:00:00Z,Winger,null,1239.800595470963,9,0,177,73,2000-11-24
39471,period_1493,TAC 0133,activity_4436,2024-08-23T00:00:00Z,Winger,null,1088.0238194889123,6,12.619962422425628,177,73,2000-11-24
39471,period_1334,BP 2351,activity_1501,2024-10-07T00:00:00Z,Winger,null,817.6847627478779,10,0,177,73,2000-11-24
39471,period_2175,BP 2351,activity_2366,2025-03-28T00:00:00Z,Winger,null,1337.7942905314085,6,0,177,73,2000-11-24
39471,period_4496,G 1960,activity_4335,2025-05-03T00:00:00Z,Winger,null,1156.881801046692,10,0,177,73,2000-11-24
39471,period_3506,TEC 5341,activity_1415,2025-05-07T00:00:00Z,Winger,null,307.05556787014234,0,0,177,73,2000-11-24
39471,period_1866,G 3218,activity_1501,2024-10-07T00:00:00Z,Winger,null,948.9598618591266,15,0,177,73,2000-11-24
39471,period_4366,G 1960,activity_4407,2025-04-04T00:00:00Z,Winger,null,538.4377618394753,7,0,177,73,2000-11-24
39471,period_2155,TAC 0133,activity_3105,2025-01-18T00:00:00Z,Winger,null,1012.2766838011429,5,81.99435244740977,177,73,2000-11-24
39471,period_2583,TEC 5341,activity_1501,2024-10-07T00:00:00Z,Winger,null,147.08024974491397,0,0,177,73,2000-11-24
39471,period_4147,TAC 7525,activity_3357,2025-04-25T00:00:00Z,Winger,null,2582.495673346128,10,0,177,73,2000-11-24
39471,period_3564,G 3218,activity_1061,2024-12-31T00:00:00Z,Winger,null,967.8576019644958,9,36.08150333542706,177,73,2000-11-24
39471,period_1955,TEC 5341,activity_1022,2025-04-18T00:00:00Z,Winger,null,94.23305289337186,0,14.5273577634864,177,73,2000-11-24
39471,period_523,G 1669,activity_1431,2025-01-30T00:00:00Z,Winger,null,972.1997054060441,7,0,177,73,2000-11-24
39471,period_2896,G 5146,activity_4764,2025-04-14T00:00:00Z,Winger,null,1942.7291604264706,6,17.508537335971365,177,73,2000-11-24
39471,period_3306,G 1960,activity_1973,2025-03-08T00:00:00Z,Winger,null,2284.9298973500145,5,0,177,73,2000-11-24
39471,period_3812,G 1960,activity_4436,2024-08-23T00:00:00Z,Winger,null,1732.9780814075316,2,0,177,73,2000-11-24
39471,period_4155,BP 1822,activity_1060,2025-02-21T00:00:00Z,Winger,null,400.125342870471,5,0,177,73,2000-11-24
39471,period_2341,TAC 7525,activity_4454,2024-12-13T00:00:00Z,Winger,null,1373.6633783329892,1,0,177,73,2000-11-24
39471,period_4249,TEC 5341,activity_1060,2025-02-21T00:00:00Z,Winger,null,378.70386010221,0,0,177,73,2000-11-24
39471,period_4754,G 1960,activity_2366,2025-03-28T00:00:00Z,Winger,null,757.5202294060738,4,12.148030107450744,177,73,2000-11-24
39471,period_2652,TEC 5341,activity_2423,2025-01-01T00:00:00Z,Winger,null,149.72224326886464,0,0,177,73,2000-11-24
39471,period_2421,BP 0518,activity_3073,2025-05-06T00:00:00Z,Winger,null,437.8291541742168,4,0,177,73,2000-11-24
39471,period_873,G 1960,activity_1924,2025-02-28T00:00:00Z,Winger,null,538.1182449486164,6,0,177,73,2000-11-24
39471,period_3070,G 1960,activity_3532,2024-09-16T00:00:00Z,Winger,null,6979.727364530298,3,26.25406159996696,177,73,2000-11-24
39471,period_2474,TAC 3056,activity_4436,2024-08-23T00:00:00Z,Winger,null,867.5415444062759,2,35.387767420481225,177,73,2000-11-24
39471,period_4617,G 8908,activity_1059,2025-03-06T00:00:00Z,Winger,null,809.1637393946423,6,20.896410973193113,177,73,2000-11-24
39471,period_2438,BP 2351,activity_2516,2025-04-10T00:00:00Z,Winger,null,1311.2966936258556,11,0.7440172667535414,177,73,2000-11-24
39471,period_865,TAC 0133,activity_2955,2025-01-15T00:00:00Z,Winger,null,1195.866051742266,3,0,177,73,2000-11-24
39471,period_1061,BP 8350,activity_3907,2025-05-08T00:00:00Z,Winger,null,344.59682076391505,2,0,177,73,2000-11-24
39471,period_2628,G 1960,activity_4122,2025-01-08T00:00:00Z,Winger,null,1564.1344484517954,1,21.780895044860475,177,73,2000-11-24
39471,period_4800,G 4139,activity_1431,2025-01-30T00:00:00Z,Winger,null,1700.188855140682,13,0,177,73,2000-11-24
39471,period_2955,null,activity_2985,2025-05-04T00:00:00Z,Winger,1,1244.995589171247,6,33.85226844984106,177,73,2000-11-24
39471,period_3357,null,activity_2421,2025-05-11T00:00:00Z,Winger,1,791.7257382533711,8,14.814985912028794,177,73,2000-11-24
39471,period_3638,null,activity_2158,2025-04-01T00:00:00Z,Winger,1,2538.585825759156,7,33.72330764656327,177,73,2000-11-24
39471,period_1973,null,activity_2390,2025-06-26T00:00:00Z,Winger,1,1574.5850267134222,6,3.767531186137241,177,73,2000-11-24
39471,period_4208,null,activity_473,2025-01-09T00:00:00Z,Winger,1,1534.199096843364,9,14.432279014643518,177,73,2000-11-24
39471,period_1555,null,activity_4155,2025-03-15T00:00:00Z,Winger,1,2716.649023161975,10,61.17044663276565,177,73,2000-11-24
39471,period_1951,null,activity_1585,2025-03-04T00:00:00Z,Winger,1,1904.5963339278694,6,23.27782439047568,177,73,2000-11-24
39471,period_3030,null,activity_2954,2025-03-01T00:00:00Z,Winger,1,1828.4973200786642,11,23.001154242705635,177,73,2000-11-24
39471,period_823,null,activity_146,2024-10-26T00:00:00Z,Winger,1,873.8637883612379,10,0,177,73,2000-11-24
39471,period_4764,null,activity_3506,2025-04-08T00:00:00Z,Winger,1,829.649765015211,11,10.40677182461837,177,73,2000-11-24
39471,period_1230,null,activity_939,2025-05-24T00:00:00Z,Winger,1,1626.002336022086,7,0,177,73,2000-11-24
39471,period_4581,null,activity_525,2025-03-09T00:00:00Z,Winger,1,1259.3019792410635,11,79.45120681246875,177,73,2000-11-24
39471,period_789,null,activity_4496,2024-09-24T00:00:00Z,Winger,1,1348.7483381858235,7,29.428920396255357,177,73,2000-11-24
39471,period_3105,null,activity_1093,2024-09-29T00:00:00Z,Winger,1,1359.9510936571494,4,37.97151992796358,177,73,2000-11-24
39471,period_2060,null,activity_4216,2024-09-14T00:00:00Z,Winger,1,1460.0088513868918,6,4.059420739857116,177,73,2000-11-24
39471,period_2593,null,activity_2152,2025-01-03T00:00:00Z,Winger,1,1310.9455581351478,4,37.81083715136676,177,73,2000-11-24
39471,period_2160,null,activity_26,2025-04-13T00:00:00Z,Winger,1,1394.2934452834477,8,22.78857569469134,177,73,2000-11-24
39471,period_2995,null,activity_4037,2024-11-09T00:00:00Z,Winger,1,1624.4864879815332,1,13.346979701771751,177,73,2000-11-24
39471,period_1060,null,activity_1526,2025-04-23T00:00:00Z,Winger,1,1218.3095227925096,7,28.606259415061746,177,73,2000-11-24
39471,period_1389,null,activity_3352,2024-08-18T00:00:00Z,Winger,1,1519.022326249608,7,49.50381639022781,177,73,2000-11-24
39471,period_4304,null,activity_865,2024-10-05T00:00:00Z,Winger,1,1690.3278360391112,9,56.40144453091531,177,73,2000-11-24
39471,period_3243,null,activity_2831,2025-01-22T00:00:00Z,Winger,1,2121.83752378631,4,30.908024246768843,177,73,2000-11-24
39471,period_2655,null,activity_2614,2025-03-12T00:00:00Z,Winger,1,898.1874485282724,9,6.281190506650985,177,73,2000-11-24
39471,period_3623,null,activity_1872,2025-01-19T00:00:00Z,Winger,1,1550.910155973821,10,5.381213732488487,177,73,2000-11-24
39471,period_4137,null,activity_2405,2024-10-22T00:00:00Z,Winger,1,1461.6123340405338,9,5.90589918951655,177,73,2000-11-24
39471,period_4299,null,activity_432,2024-10-19T00:00:00Z,Winger,1,1400.2121720117188,7,24.148926593601423,177,73,2000-11-24
39471,period_3532,null,activity_625,2024-08-04T00:00:00Z,Winger,1,872.1603508873545,8,9.597953380756994,177,73,2000-11-24
39471,period_2574,null,activity_2071,2025-04-26T00:00:00Z,Winger,1,695.0924819318753,1,4.597302992205997,177,73,2000-11-24
39471,period_202,null,activity_4208,2025-02-08T00:00:00Z,Winger,1,1377.7281490446371,9,14.311269421286406,177,73,2000-11-24
39471,period_1924,null,activity_650,2024-12-18T00:00:00Z,Winger,1,707.1452756981885,7,60.67922075088203,177,73,2000-11-24
39471,period_1059,null,activity_2758,2024-11-24T00:00:00Z,Winger,1,1197.1941635131936,9,0,177,73,2000-11-24
39471,period_4335,null,activity_2300,2024-08-29T00:00:00Z,Winger,1,1647.1798773832115,5,22.28922641761224,177,73,2000-11-24
39471,period_3516,null,activity_3564,2025-01-12T00:00:00Z,Winger,1,1076.9945631850371,18,5.0312643008842475,177,73,2000-11-24
39471,period_599,null,activity_2102,2025-06-18T00:00:00Z,Winger,1,2152.0724624178238,4,4.579256126690147,177,73,2000-11-24
39471,period_4251,null,activity_2583,2025-04-20T00:00:00Z,Winger,1,1479.5226530997627,7,26.021520181628432,177,73,2000-11-24
39471,period_1431,null,activity_1456,2024-11-05T00:00:00Z,Winger,1,1019.1878663648492,8,0,177,73,2000-11-24
39471,period_109,null,activity_2511,2025-02-05T00:00:00Z,Winger,1,1458.9761373873462,3,1.2815715549062552,177,73,2000-11-24
39471,period_1473,null,activity_551,2025-03-29T00:00:00Z,Winger,1,896.1472430915476,2,0,177,73,2000-11-24
39471,period_3073,null,activity_2361,2025-02-23T00:00:00Z,Winger,1,1934.3037754304323,5,12.443137215261688,177,73,2000-11-24
39471,period_2148,null,activity_4016,2024-08-07T00:00:00Z,Winger,1,982.3284311195989,9,26.851051276185025,177,73,2000-11-24
39471,period_3943,null,activity_2558,2025-02-11T00:00:00Z,Winger,1,1392.271000711254,8,65.8823973024532,177,73,2000-11-24
39471,period_4655,null,activity_1778,2024-09-21T00:00:00Z,Winger,1,2125.862008286927,5,27.149321338854538,177,73,2000-11-24
39471,period_2761,null,activity_2894,2025-04-16T00:00:00Z,Winger,1,1286.2008833000277,15,28.6288739748237,177,73,2000-11-24
39471,period_4699,null,activity_929,2024-10-02T00:00:00Z,Winger,1,1599.3781153571751,8,4.6552026125703545,177,73,2000-11-24
39471,period_486,null,activity_1434,2025-02-01T00:00:00Z,Winger,1,1432.867900652939,6,26.588044150620576,177,73,2000-11-24
39471,period_3385,null,activity_3285,2024-09-17T00:00:00Z,Winger,1,1355.1334536949223,9,55.093255362535594,177,73,2000-11-24
39471,period_4433,null,activity_4602,2025-04-05T00:00:00Z,Winger,1,1097.4204901216349,9,25.45376747715188,177,73,2000-11-24
39471,period_2423,null,activity_4443,2024-08-25T00:00:00Z,Winger,1,1060.518151995249,5,37.72604784309128,177,73,2000-11-24
39471,period_4454,null,activity_4067,2024-12-14T00:00:00Z,Winger,1,3567.573297902715,9,29.454573806631764,177,73,2000-11-24
39471,period_3243,null,activity_4016,2024-08-06T00:00:00Z,Winger,1,521.710476874257,5,0,177,73,2000-11-24
39471,period_477,null,activity_1862,2025-06-22T00:00:00Z,Winger,1,7216.869648224331,6,21.263268511761012,177,73,2000-11-24
39471,period_1501,null,activity_3585,2025-02-15T00:00:00Z,Winger,1,1749.348949440709,8,9.650034574408835,177,73,2000-11-24
39471,period_359,null,activity_944,2025-02-19T00:00:00Z,Winger,1,6195.186668210865,5,62.65443212759297,177,73,2000-11-24
39471,period_1859,null,activity_3591,2025-01-16T00:00:00Z,Winger,1,2271.9691040951943,3,8.556249606846212,177,73,2000-11-24
39471,period_4651,null,activity_1493,2024-09-01T00:00:00Z,Winger,1,4149.206313369591,8,0,177,73,2000-11-24
39471,period_3040,null,activity_2953,2025-02-26T00:00:00Z,Winger,1,1417.5482489624019,8,13.984930519934139,177,73,2000-11-24
39471,period_3493,null,activity_1612,2024-12-10T00:00:00Z,Winger,1,2027.0822231628015,11,13.718475877957559,177,73,2000-11-24
39471,period_934,TAC 2764,activity_3073,2025-05-06T00:00:00Z,Winger,null,2646.831857208731,3,0,177,73,2000-11-24
39471,period_2876,TAC 0133,activity_486,2024-08-11T00:00:00Z,Winger,null,1026.2751957463609,1,0,177,73,2000-11-24
39471,period_2158,G 1960,activity_1859,2025-03-31T00:00:00Z,Winger,null,1246.9559612840435,5,7.1954714666554835,177,73,2000-11-24
39471,period_2102,TAC 5940,activity_1555,2024-08-02T00:00:00Z,Winger,null,1075.5988261806986,2,0,177,73,2000-11-24
39471,period_2920,BP 3884,activity_3243,2024-10-17T00:00:00Z,Winger,null,270.70290780580245,5,2.435587401499462,177,73,2000-11-24
39471,period_3582,G 5931,activity_3243,2024-10-17T00:00:00Z,Winger,null,1160.339438440332,15,6.622221743302917,177,73,2000-11-24
39471,period_3129,TEC 5341,activity_3357,2025-04-25T00:00:00Z,Winger,null,439.9514994899088,0,42.73529111520367,177,73,2000-11-24
39471,period_2831,G 5931,activity_4299,2025-04-11T00:00:00Z,Winger,null,4031.1220460282457,6,8.03163052035329,177,73,2000-11-24
39471,period_3998,TAC 0133,activity_4433,2024-08-28T00:00:00Z,Winger,null,360.39416924422954,8,23.39857111733011,177,73,2000-11-24
39471,period_522,BP 1822,activity_1389,2024-12-16T00:00:00Z,Winger,null,1004.3029773439009,1,0,177,73,2000-11-24
39471,period_2041,TAC 5940,activity_823,2025-05-01T00:00:00Z,Winger,null,2326.7156950711937,2,0,177,73,2000-11-24
39471,period_4611,TAC 0133,activity_1859,2025-03-31T00:00:00Z,Winger,null,1550.0194655678586,3,5.27454294216625,177,73,2000-11-24
39471,period_4084,G 3164,activity_439,2024-10-09T00:00:00Z,Winger,null,1890.7421124562743,20,27.581150544139994,177,73,2000-11-24
39471,period_1565,TAC 7525,activity_3243,2025-03-11T00:00:00Z,Winger,null,2137.1038545061638,3,0,177,73,2000-11-24
39471,period_3001,G 1960,activity_96,2025-02-25T00:00:00Z,Winger,null,532.0237705492727,5,3.077773532887975,177,73,2000-11-24
39471,period_1456,BP 2351,activity_1951,2025-04-19T00:00:00Z,Winger,null,422.64255216395713,4,0,177,73,2000-11-24
39471,period_2954,BP 1043,activity_1022,2025-04-18T00:00:00Z,Winger,null,622.0027606388319,2,2.0150470487289094,177,73,2000-11-24
39471,period_1061,TAC 0133,activity_3623,2024-09-27T00:00:00Z,Winger,null,557.6724812756395,2,31.830230511974854,177,73,2000-11-24
39471,period_4122,G 1960,activity_3357,2025-04-25T00:00:00Z,Winger,null,802.2247193614511,3,0,177,73,2000-11-24
39471,period_2108,TAC 0133,activity_4407,2025-04-04T00:00:00Z,Winger,null,1301.018406882723,3,2.930900982533523,177,73,2000-11-24
39471,period_2816,TEC 5341,activity_4581,2024-08-01T00:00:00Z,Winger,null,183.11866008818964,2,0,177,73,2000-11-24
39471,period_4438,G 3164,activity_202,2025-03-30T00:00:00Z,Winger,null,1028.054280430243,0,22.977305393086766,177,73,2000-11-24
39471,period_1916,G 1960,activity_439,2024-10-09T00:00:00Z,Winger,null,1134.341387929553,6,53.81493555741649,177,73,2000-11-24
39471,period_1708,G 1960,activity_2574,2025-02-07T00:00:00Z,Winger,null,2418.01232585434,24,4.971657699690639,177,73,2000-11-24
39471,period_1923,TEC 5341,activity_4436,2024-08-23T00:00:00Z,Winger,null,873.0051774911075,2,0,177,73,2000-11-24
39471,period_2180,TAC 0133,activity_1415,2025-05-07T00:00:00Z,Winger,null,1660.7364849928397,5,0,177,73,2000-11-24
39471,period_1683,BP 2351,activity_1389,2024-12-16T00:00:00Z,Winger,null,388.44396385866065,3,0,177,73,2000-11-24
39471,period_771,TAC 7525,activity_1059,2025-03-06T00:00:00Z,Winger,null,1557.5411395287285,8,34.99830019229965,177,73,2000-11-24
39471,period_390,BP 2351,activity_1061,2024-12-31T00:00:00Z,Winger,null,865.4457255531158,1,0,177,73,2000-11-24
39471,period_1819,G 1960,activity_4433,2024-08-28T00:00:00Z,Winger,null,866.4475819106207,10,0,177,73,2000-11-24
39471,period_2405,G 5146,activity_359,2025-01-07T00:00:00Z,Winger,null,5604.977052176324,7,0,177,73,2000-11-24
39471,period_2361,TAC 7525,activity_2877,2025-04-22T00:00:00Z,Winger,null,2471.2932655051964,1,41.21330861432582,177,73,2000-11-24
39471,period_75,TEC 9696,activity_4208,2025-05-02T00:00:00Z,Winger,null,190.2307419182015,0,46.58023352106548,177,73,2000-11-24
39471,period_174,BP 1031,activity_3243,2024-10-17T00:00:00Z,Winger,null,497.0262032522947,3,0,177,73,2000-11-24
39471,period_2586,TAC 5940,activity_3532,2024-09-16T00:00:00Z,Winger,null,524.2659341328933,3,11.575387445937315,177,73,2000-11-24
39471,period_2758,TAC 7525,activity_4744,2025-05-09T00:00:00Z,Winger,null,925.7934307852405,12,33.11082910608792,177,73,2000-11-24
39471,period_944,TAC 7848,activity_4744,2025-05-09T00:00:00Z,Winger,null,1278.1461316296482,5,7.1811673585177935,177,73,2000-11-24
39471,period_525,TAC 7525,activity_4208,2025-05-02T00:00:00Z,Winger,null,1224.7879345401764,4,0,177,73,2000-11-24
39471,period_3250,G 1960,activity_2877,2025-04-22T00:00:00Z,Winger,null,1044.6801205779304,4,3.9546501420524343,177,73,2000-11-24
39471,period_1872,TAC 7525,activity_4335,2025-05-03T00:00:00Z,Winger,null,766.3776694795766,0,0,177,73,2000-11-24
39471,period_2662,BP 9117,activity_4581,2024-08-01T00:00:00Z,Winger,null,467.1051016687401,0,0,177,73,2000-11-24
39471,period_2071,G 1960,activity_3493,2025-05-10T00:00:00Z,Winger,null,1417.3501373417625,8,8.929244861093645,177,73,2000-11-24
39471,period_350,TAC 0133,activity_3943,2024-08-10T00:00:00Z,Winger,null,909.7305511180608,15,9.004958257376911,177,73,2000-11-24
39471,period_1284,TAC 3056,activity_4436,2024-08-23T00:00:00Z,Winger,null,710.969957276167,2,0,177,73,2000-11-24
16464,period_562,G 0184,activity_1230,2024-07-27T00:00:00Z,Central Back,null,3427.9745964013046,4,10.351636675343793,184,71,2004-06-07
16464,period_4067,G 3218,activity_2160,2024-07-29T00:00:00Z,Central Back,null,1888.4895287964077,1,0,184,71,2004-06-07
16464,period_4143,G 5146,activity_4581,2024-08-01T00:00:00Z,Central Back,null,1101.3973392518099,4,0,184,71,2004-06-07
16464,period_483,BP 2654,activity_2160,2024-07-29T00:00:00Z,Central Back,null,1462.0675826169058,0,0,184,71,2004-06-07
16464,period_4016,BP 2269,activity_1230,2024-07-27T00:00:00Z,Central Back,null,550.12457756929,0,0,184,71,2004-06-07
16464,period_2511,BP 4893,activity_4699,2024-07-30T00:00:00Z,Central Back,null,331.181639224192,0,0,184,71,2004-06-07
16464,period_2662,BP 9117,activity_4581,2024-08-01T00:00:00Z,Central Back,null,2236.2771846670043,5,19.506739719075895,184,71,2004-06-07
16464,period_2894,TAC 0133,activity_4699,2024-07-30T00:00:00Z,Central Back,null,1263.4953591146461,1,0,184,71,2004-06-07
16464,period_1196,TAC 7101,activity_2160,2024-07-29T00:00:00Z,Central Back,null,2038.404557223334,2,2.6464518663158123,184,71,2004-06-07
16464,period_4216,G 0184,activity_1230,2024-07-27T00:00:00Z,Central Back,null,2854.296904160111,4,25.909259922488953,184,71,2004-06-07
16464,period_4157,G 1960,activity_4699,2024-07-30T00:00:00Z,Central Back,null,1031.4698474989584,7,0,184,71,2004-06-07
16464,period_3226,G 1960,activity_1555,2024-08-02T00:00:00Z,Central Back,null,553.3418999131791,9,0.4333108652844107,184,71,2004-06-07
16464,period_911,null,activity_830,2024-08-01T00:00:00Z,Central Back,1,823.3522875012355,3,0,184,71,2004-06-07
16464,period_3532,null,activity_625,2024-08-04T00:00:00Z,Central Back,1,1185.8373699951978,8,0,184,71,2004-06-07
16464,period_96,null,activity_625,2024-08-04T00:00:00Z,Central Back,1,777.2439564188172,4,0,184,71,2004-06-07
16464,period_1957,G 0184,activity_1230,2024-07-27T00:00:00Z,Central Back,null,2548.2826597958015,2,9.21697635692801,184,71,2004-06-07
16464,period_1247,G 0184,activity_1230,2024-07-27T00:00:00Z,Central Back,null,552.8474331715231,4,13.094464370375386,184,71,2004-06-07
16464,period_2816,TEC 5341,activity_4581,2024-08-01T00:00:00Z,Central Back,null,283.1609391677077,0,0,184,71,2004-06-07
16464,period_2102,TAC 5940,activity_1555,2024-08-02T00:00:00Z,Central Back,null,1521.4418259139527,4,0,184,71,2004-06-07
16464,period_4443,BP 2351,activity_1555,2024-08-02T00:00:00Z,Central Back,null,2008.7833843932283,4,0,184,71,2004-06-07
21190,period_1708,G 1960,activity_2574,2025-02-07T00:00:00Z,Full Back,null,2208.4127539104998,11,12.627069977262574,173,71,1991-03-18
21190,period_830,TAC 2528,activity_477,2025-04-30T00:00:00Z,Full Back,null,1169.3371491743142,6,33.6075547226195,173,71,1991-03-18
21190,period_4650,BP 2351,activity_439,2024-10-09T00:00:00Z,Full Back,null,419.7669232730661,5,0,173,71,1991-03-18
21190,period_4714,BP 4303,activity_1589,2025-04-09T00:00:00Z,Full Back,null,667.4031454606815,0,0,173,71,1991-03-18
21190,period_3308,TEC 5341,activity_1589,2025-04-09T00:00:00Z,Full Back,null,151.03726258977,0,11.783004145048892,173,71,1991-03-18
21190,period_4369,G 3164,activity_823,2025-05-01T00:00:00Z,Full Back,null,2429.7755881583507,4,0,173,71,1991-03-18
21190,period_1819,G 1960,activity_4433,2024-08-28T00:00:00Z,Full Back,null,1950.1029268310067,5,9.710102566546176,173,71,1991-03-18
21190,period_1284,TAC 3056,activity_4436,2024-08-23T00:00:00Z,Full Back,null,3422.462243620849,0,0,173,71,1991-03-18
21190,period_2770,G 1960,activity_958,2024-07-26T00:00:00Z,Full Back,null,1405.8984876779987,11,0,173,71,1991-03-18
21190,period_1493,TAC 0133,activity_4436,2024-08-23T00:00:00Z,Full Back,null,667.4439038372956,3,71.39418827947667,173,71,1991-03-18
21190,period_4037,G 7015,activity_486,2024-08-11T00:00:00Z,Full Back,null,1256.5892785713615,4,0,173,71,1991-03-18
21190,period_4611,TAC 0133,activity_1859,2025-03-31T00:00:00Z,Full Back,null,2365.6239546742263,5,71.29822201012576,173,71,1991-03-18
21190,period_362,TAC 0133,activity_4436,2024-08-23T00:00:00Z,Full Back,null,903.7294250635215,9,54.73707180663183,173,71,1991-03-18
21190,period_4230,BP 6872,activity_1059,2025-03-06T00:00:00Z,Full Back,null,933.3988656136585,0,0,173,71,1991-03-18
21190,period_3226,G 1960,activity_1555,2024-08-02T00:00:00Z,Full Back,null,1519.2892008560973,8,0,173,71,1991-03-18
21190,period_1415,TAC 5940,activity_1415,2025-05-07T00:00:00Z,Full Back,null,1986.2817784058893,2,17.005533816392568,173,71,1991-03-18
21190,period_4753,BP 1849,activity_2516,2025-04-10T00:00:00Z,Full Back,null,963.0913896472812,2,0,173,71,1991-03-18
21190,period_1434,BP 4303,activity_477,2025-04-30T00:00:00Z,Full Back,null,878.4489419765653,0,0,173,71,1991-03-18
21190,period_2717,TAC 0133,activity_3907,2025-05-08T00:00:00Z,Full Back,null,501.2406722330069,7,0,173,71,1991-03-18
21190,period_1196,TAC 7101,activity_2160,2024-07-29T00:00:00Z,Full Back,null,1109.4780723564036,18,31.40140711568206,173,71,1991-03-18
21190,period_3221,TAC 5940,activity_874,2024-11-03T00:00:00Z,Full Back,null,611.6285219722677,11,0,173,71,1991-03-18
21190,period_551,BP 1849,activity_1501,2024-10-07T00:00:00Z,Full Back,null,792.2745904186129,4,0,173,71,1991-03-18
21190,period_4247,G 3164,activity_3907,2025-05-08T00:00:00Z,Full Back,null,1284.2130433589543,5,0,173,71,1991-03-18
21190,period_334,BP 2654,activity_359,2025-01-07T00:00:00Z,Full Back,null,716.0312707272275,0,0,173,71,1991-03-18
21190,period_3468,G 1960,activity_75,2025-02-22T00:00:00Z,Full Back,null,1629.4581587606174,3,0,173,71,1991-03-18
21190,period_2558,G 1960,activity_3614,2025-04-12T00:00:00Z,Full Back,null,1661.9647743895778,13,41.747288141029635,173,71,1991-03-18
21190,period_4443,BP 2351,activity_1555,2024-08-02T00:00:00Z,Full Back,null,621.3784967955384,1,0,173,71,1991-03-18
21190,period_3812,G 1960,activity_4436,2024-08-23T00:00:00Z,Full Back,null,594.5831368573728,10,0,173,71,1991-03-18
21190,period_2228,G 1960,activity_1473,2025-05-17T00:00:00Z,Full Back,null,1910.4558776054926,8,0,173,71,1991-03-18
21190,period_26,G 8281,activity_1060,2025-02-21T00:00:00Z,Full Back,null,1748.345995318192,7,7.914778921511524,173,71,1991-03-18
21190,period_4407,G 1669,activity_2423,2025-01-01T00:00:00Z,Full Back,null,1530.4554665786432,1,5.69613182470007,173,71,1991-03-18
21190,period_4249,TEC 5341,activity_1060,2025-02-21T00:00:00Z,Full Back,null,435.900357510097,2,0,173,71,1991-03-18
21190,period_2985,BP 4893,activity_3943,2024-08-10T00:00:00Z,Full Back,null,1161.1299707888134,4,0,173,71,1991-03-18
21190,period_2390,TAC 0133,activity_1951,2025-04-19T00:00:00Z,Full Back,null,2335.526113821364,0,12.770681398423747,173,71,1991-03-18
21190,period_1893,G 0260,activity_958,2024-07-26T00:00:00Z,Full Back,null,1609.473097403319,5,38.50647901196227,173,71,1991-03-18
21190,period_2041,TAC 5940,activity_823,2025-05-01T00:00:00Z,Full Back,null,1569.129506600247,2,82.88997441979261,173,71,1991-03-18
21190,period_4665,G 8963,activity_1554,2025-03-27T00:00:00Z,Full Back,null,1848.062295267286,5,20.731528644622497,173,71,1991-03-18
21190,period_3392,G 5133,activity_2995,2024-08-26T00:00:00Z,Full Back,null,2349.2015951852204,14,34.90925286864297,173,71,1991-03-18
21190,period_4122,G 1960,activity_3357,2025-04-25T00:00:00Z,Full Back,null,957.3118766896322,6,25.372436702138415,173,71,1991-03-18
21190,period_2155,TAC 0133,activity_3105,2025-01-18T00:00:00Z,Full Back,null,2105.8799080625836,7,17.128738035950672,173,71,1991-03-18
21190,period_2249,G 3863,activity_789,2024-08-22T00:00:00Z,Full Back,null,562.1972616048621,10,0,173,71,1991-03-18
21190,period_1526,BP 2351,activity_1973,2025-03-08T00:00:00Z,Full Back,null,824.7701798713794,11,0,173,71,1991-03-18
21190,period_3585,TAC 7525,activity_2601,2024-12-21T00:00:00Z,Full Back,null,1741.5427987256464,11,23.376867732523085,173,71,1991-03-18
21190,period_3636,G 7242,activity_1589,2025-04-09T00:00:00Z,Full Back,null,993.7120322408427,3,4.152469589929113,173,71,1991-03-18
21190,period_4016,BP 2269,activity_1230,2024-07-27T00:00:00Z,Full Back,null,571.6881685451449,3,0,173,71,1991-03-18
21190,period_2758,TAC 7525,activity_4744,2025-05-09T00:00:00Z,Full Back,null,3541.669445079951,4,54.81072433647166,173,71,1991-03-18
21190,period_2300,BP 2704,activity_1589,2025-04-09T00:00:00Z,Full Back,null,605.0718185605144,0,0,173,71,1991-03-18
21190,period_1768,TAC 1326,activity_4299,2025-04-11T00:00:00Z,Full Back,null,1994.8178060417247,4,0,173,71,1991-03-18
21190,period_578,BP 4893,activity_4122,2025-01-08T00:00:00Z,Full Back,null,1318.2648509293872,8,0,173,71,1991-03-18
21190,period_1923,TEC 5341,activity_4436,2024-08-23T00:00:00Z,Full Back,null,590.6687409256779,0,0,173,71,1991-03-18
21190,period_3077,TAC 0133,activity_599,2025-04-15T00:00:00Z,Full Back,null,960.5799456441706,3,72.09296382352073,173,71,1991-03-18
21190,period_3309,G 8095,activity_4690,2025-04-21T00:00:00Z,Full Back,null,1629.3223906685464,9,33.916750446017986,173,71,1991-03-18
21190,period_2511,BP 4893,activity_4699,2024-07-30T00:00:00Z,Full Back,null,1012.2584799343606,14,0,173,71,1991-03-18
21190,period_2071,G 1960,activity_3493,2025-05-10T00:00:00Z,Full Back,null,2754.9892496400125,2,10.769614749785507,173,71,1991-03-18
21190,period_461,TEC 9696,activity_4690,2025-04-21T00:00:00Z,Full Back,null,168.7961828677996,1,0,173,71,1991-03-18
21190,period_3591,BP 2351,activity_599,2025-04-15T00:00:00Z,Full Back,null,1800.5504041716076,4,0,173,71,1991-03-18
21190,period_1683,G 5931,activity_2060,2025-05-22T00:00:00Z,Full Back,null,2845.780663852281,10,18.82055698098102,173,71,1991-03-18
21190,period_2614,TAC 0133,activity_96,2025-02-25T00:00:00Z,Full Back,null,1854.7504835430611,6,57.51845701899026,173,71,1991-03-18
21190,period_3998,TAC 0133,activity_4433,2024-08-28T00:00:00Z,Full Back,null,1094.4254017241794,8,15.266070908987208,173,71,1991-03-18
21190,period_2405,G 5146,activity_359,2025-01-07T00:00:00Z,Full Back,null,2787.9500118316714,7,10.091006617395792,173,71,1991-03-18
21190,period_298,BP 5787,activity_4251,2025-05-21T00:00:00Z,Full Back,null,451.93396211843975,0,0,173,71,1991-03-18
21190,period_2361,TAC 7525,activity_2877,2025-04-22T00:00:00Z,Full Back,null,1454.4176127679127,1,40.70643904052719,173,71,1991-03-18
21190,period_2652,TEC 5341,activity_2423,2025-01-01T00:00:00Z,Full Back,null,481.69446205535263,0,0,173,71,1991-03-18
21190,period_75,TEC 9696,activity_4208,2025-05-02T00:00:00Z,Full Back,null,345.7321557391117,0,0,173,71,1991-03-18
21190,period_2175,BP 2351,activity_2366,2025-03-28T00:00:00Z,Full Back,null,852.587298265147,9,20.05623489564386,173,71,1991-03-18
21190,period_873,G 1960,activity_1924,2025-02-28T00:00:00Z,Full Back,null,2455.127108849773,7,0,173,71,1991-03-18
21190,period_2474,TAC 3056,activity_4436,2024-08-23T00:00:00Z,Full Back,null,1140.2675947276919,0,94.5350483918899,173,71,1991-03-18
21190,period_3001,G 1960,activity_96,2025-02-25T00:00:00Z,Full Back,null,1775.684781938291,2,0,173,71,1991-03-18
21190,period_522,BP 1822,activity_1389,2024-12-16T00:00:00Z,Full Back,null,808.6999879644554,0,0,173,71,1991-03-18
21190,period_4208,BP 1331,activity_4690,2025-04-21T00:00:00Z,Full Back,null,1075.51078556557,7,7.801742655452161,173,71,1991-03-18
21190,period_3087,BP 3930,activity_4067,2024-09-26T00:00:00Z,Full Back,null,696.2218573028556,7,19.817256397329032,173,71,1991-03-18
21190,period_3707,G 1960,activity_4304,2024-09-13T00:00:00Z,Full Back,null,1200.7533803341878,22,0,173,71,1991-03-18
21190,period_174,BP 1031,activity_3243,2024-10-17T00:00:00Z,Full Back,null,677.8255340918748,4,0,173,71,1991-03-18
21190,period_1247,G 0184,activity_1230,2024-07-27T00:00:00Z,Full Back,null,1438.7274630962668,5,0,173,71,1991-03-18
21190,period_233,BP 2351,activity_1060,2025-02-21T00:00:00Z,Full Back,null,905.9549699712555,4,0,173,71,1991-03-18
21190,period_1372,BP 2654,activity_2148,2024-07-16T00:00:00Z,Full Back,null,407.8087651870347,8,4.938753573369413,173,71,1991-03-18
21190,period_3285,BP 2351,activity_1554,2025-03-27T00:00:00Z,Full Back,null,386.8183852094923,4,0,173,71,1991-03-18
21190,period_4147,TAC 7525,activity_3357,2025-04-25T00:00:00Z,Full Back,null,381.5115908627158,1,159.5315301077387,173,71,1991-03-18
21190,period_3564,G 3218,activity_1061,2024-12-31T00:00:00Z,Full Back,null,2001.3853643378384,3,12.54080051404898,173,71,1991-03-18
21190,period_1955,TEC 5341,activity_1022,2025-04-18T00:00:00Z,Full Back,null,276.88694757998684,6,0,173,71,1991-03-18
21190,period_2102,TAC 5940,activity_1555,2024-08-02T00:00:00Z,Full Back,null,1216.278544394987,4,13.173217745080434,173,71,1991-03-18
21190,period_1872,TAC 7525,activity_4335,2025-05-03T00:00:00Z,Full Back,null,1090.6348441508387,6,54.678800317366324,173,71,1991-03-18
21190,period_3790,TEC 7736,activity_1554,2025-03-27T00:00:00Z,Full Back,null,627.9879490398125,0,0,173,71,1991-03-18
21190,period_3578,G 1960,activity_3638,2024-08-17T00:00:00Z,Full Back,null,1282.6713727336366,9,0,173,71,1991-03-18
21190,period_1641,G 1960,activity_2955,2025-01-15T00:00:00Z,Full Back,null,1311.4415189228162,11,0,173,71,1991-03-18
21190,period_4041,TAC 2764,activity_465,2025-03-14T00:00:00Z,Full Back,null,1355.8388710610398,3,0,173,71,1991-03-18
21190,period_4590,BP 5787,activity_1554,2025-03-27T00:00:00Z,Full Back,null,310.0364670887847,2,0,173,71,1991-03-18
21190,period_3868,BP 5376,activity_4690,2025-04-21T00:00:00Z,Full Back,null,625.5099025576357,0,0,173,71,1991-03-18
21190,period_1612,G 9283,activity_3073,2025-05-06T00:00:00Z,Full Back,null,1711.734756814643,9,78.25717056373011,173,71,1991-03-18
21190,period_2421,BP 0518,activity_3073,2025-05-06T00:00:00Z,Full Back,null,1595.7283042495253,5,0,173,71,1991-03-18
21190,period_4703,TAC 0133,activity_2574,2025-02-07T00:00:00Z,Full Back,null,1408.2923958332178,1,0,173,71,1991-03-18
21190,period_1334,BP 2351,activity_1501,2024-10-07T00:00:00Z,Full Back,null,860.0209332826337,6,0,173,71,1991-03-18
21190,period_2586,TAC 5940,activity_3532,2024-09-16T00:00:00Z,Full Back,null,731.4949532261537,8,0,173,71,1991-03-18
21190,period_4986,BP 3116,activity_465,2025-03-14T00:00:00Z,Full Back,null,465.70264366891064,0,0,173,71,1991-03-18
21190,period_3317,TEC 5098,activity_2995,2024-08-26T00:00:00Z,Full Back,null,382.7095562473294,0,0,173,71,1991-03-18
21190,period_2583,TEC 5341,activity_1501,2024-10-07T00:00:00Z,Full Back,null,292.83096746233065,0,0,173,71,1991-03-18
21190,period_1945,G 1960,activity_4651,2024-07-19T00:00:00Z,Full Back,null,1207.1749475842614,0,0,173,71,1991-03-18
21190,period_934,TAC 2764,activity_3073,2025-05-06T00:00:00Z,Full Back,null,3114.0161681535424,0,63.84461249679006,173,71,1991-03-18
21190,period_64,BP 5376,activity_4651,2024-07-19T00:00:00Z,Full Back,null,1024.3088712549647,2,0,173,71,1991-03-18
21190,period_650,TAC 0133,activity_3357,2025-04-25T00:00:00Z,Full Back,null,687.9763504328339,5,48.37020172793251,173,71,1991-03-18
21190,period_4233,TAC 0133,activity_2366,2025-03-28T00:00:00Z,Full Back,null,2731.283168476255,3,17.3953642945375,173,71,1991-03-18
21190,period_944,TAC 7848,activity_4744,2025-05-09T00:00:00Z,Full Back,null,1322.8003403707255,3,32.565537553118126,173,71,1991-03-18
21190,period_4993,G 1960,activity_3243,2025-03-11T00:00:00Z,Full Back,null,1794.355511024192,8,47.88137065999312,173,71,1991-03-18
21190,period_1192,BP 2351,activity_789,2024-08-22T00:00:00Z,Full Back,null,1494.658689358375,8,0,173,71,1991-03-18
21190,period_2920,BP 3884,activity_3243,2024-10-17T00:00:00Z,Full Back,null,537.6024454111337,4,0,173,71,1991-03-18
21190,period_625,TAC 0133,activity_2655,2025-02-04T00:00:00Z,Full Back,null,1320.8670852995037,4,0,173,71,1991-03-18
21190,period_1683,BP 2351,activity_1389,2024-12-16T00:00:00Z,Full Back,null,886.6737357741416,4,0,173,71,1991-03-18
21190,period_4155,BP 1822,activity_1060,2025-02-21T00:00:00Z,Full Back,null,2270.825312721343,1,0,173,71,1991-03-18
21190,period_350,TAC 0133,activity_3943,2024-08-10T00:00:00Z,Full Back,null,1336.525722646376,0,14.2988406322934,173,71,1991-03-18
21190,period_1778,G 1960,activity_3623,2024-09-27T00:00:00Z,Full Back,null,644.4260858035877,0,1.805313433154111,173,71,1991-03-18
21190,period_2831,G 5931,activity_4299,2025-04-11T00:00:00Z,Full Back,null,2416.5466154574965,20,0,173,71,1991-03-18
21190,period_2149,TEC 5098,activity_2210,2025-05-16T00:00:00Z,Full Back,null,156.87768577671608,0,0,173,71,1991-03-18
21190,period_3834,G 3473,activity_1951,2025-04-19T00:00:00Z,Full Back,null,5119.180331307991,15,14.941024979611175,173,71,1991-03-18
21190,period_4084,G 3164,activity_439,2024-10-09T00:00:00Z,Full Back,null,1787.392632025015,9,0,173,71,1991-03-18
21190,period_3070,G 1960,activity_3532,2024-09-16T00:00:00Z,Full Back,null,438.0870926773528,2,22.390179070121036,173,71,1991-03-18
21190,period_1061,TAC 0133,activity_3623,2024-09-27T00:00:00Z,Full Back,null,2312.877640689259,8,33.5377669443864,173,71,1991-03-18
21190,period_2331,BP 7816,activity_1389,2024-12-16T00:00:00Z,Full Back,null,534.7714991497232,8,0,173,71,1991-03-18
21190,period_939,TAC 0133,activity_4137,2025-03-07T00:00:00Z,Full Back,null,990.7470280572954,0,50.1133978175673,173,71,1991-03-18
21190,period_2972,G 0184,activity_2995,2024-08-26T00:00:00Z,Full Back,null,919.8482097981196,5,0,173,71,1991-03-18
21190,period_3250,G 1960,activity_2877,2025-04-22T00:00:00Z,Full Back,null,1379.9952087570605,1,19.563121285202143,173,71,1991-03-18
21190,period_3352,TAC 0133,activity_2761,2025-03-03T00:00:00Z,Full Back,null,1623.464678655802,4,0,173,71,1991-03-18
21190,period_3993,TAC 7525,activity_359,2025-01-07T00:00:00Z,Full Back,null,696.6104974383276,0,46.20749276747847,173,71,1991-03-18
21190,period_473,TEC 7376,activity_911,2025-04-03T00:00:00Z,Full Back,null,301.69223745380236,0,0,173,71,1991-03-18
21190,period_486,null,activity_1434,2025-02-01T00:00:00Z,Full Back,1,1793.8983831962,9,21.34710784231801,173,71,1991-03-18
21190,period_4690,null,activity_883,2024-12-04T00:00:00Z,Full Back,1,1291.908739678443,7,48.97506644512222,173,71,1991-03-18
21190,period_4251,null,activity_2583,2025-04-20T00:00:00Z,Full Back,1,3568.7193886784107,12,14.523245352939762,173,71,1991-03-18
21190,period_3357,null,activity_2421,2025-05-11T00:00:00Z,Full Back,1,2299.417848769321,10,7.116449343354024,173,71,1991-03-18
21190,period_3638,null,activity_2158,2025-04-01T00:00:00Z,Full Back,1,4107.209449931799,8,34.55002451311046,173,71,1991-03-18
21190,period_2574,null,activity_2071,2025-04-26T00:00:00Z,Full Back,1,1597.881799745322,11,44.54518557099984,173,71,1991-03-18
21190,period_1473,null,activity_551,2025-03-29T00:00:00Z,Full Back,1,1599.4732203827853,10,44.92326534069802,173,71,1991-03-18
21190,period_599,null,activity_2102,2025-06-18T00:00:00Z,Full Back,1,1144.0319027786227,8,6.088708500493236,173,71,1991-03-18
21190,period_823,null,activity_146,2024-10-26T00:00:00Z,Full Back,1,1464.153085833564,11,40.13826806642458,173,71,1991-03-18
21190,period_3623,null,activity_1872,2025-01-19T00:00:00Z,Full Back,1,1143.2237333074988,9,191.2005964427034,173,71,1991-03-18
21190,period_2877,null,activity_625,2024-08-03T00:00:00Z,Full Back,1,1514.7758000184735,8,18.451164863965023,173,71,1991-03-18
21190,period_2160,null,activity_26,2025-04-13T00:00:00Z,Full Back,1,8163.3818556580245,11,47.84180233773206,173,71,1991-03-18
21190,period_2148,null,activity_4016,2024-08-07T00:00:00Z,Full Back,1,1459.4007954562871,6,34.42067031245437,173,71,1991-03-18
21190,period_3040,null,activity_2953,2025-02-26T00:00:00Z,Full Back,1,1360.1716724680716,5,89.608969607817,173,71,1991-03-18
21190,period_3493,null,activity_1612,2024-12-10T00:00:00Z,Full Back,1,1041.4981742945474,9,96.21133247625335,173,71,1991-03-18
21190,period_3516,null,activity_3564,2025-01-12T00:00:00Z,Full Back,1,2519.5937933431246,10,25.1297394231895,173,71,1991-03-18
21190,period_4137,null,activity_2405,2024-10-22T00:00:00Z,Full Back,1,644.8926284421733,9,132.77235093889624,173,71,1991-03-18
21190,period_202,null,activity_4208,2025-02-08T00:00:00Z,Full Back,1,1118.2967947948505,3,11.502092140863807,173,71,1991-03-18
21190,period_1924,null,activity_650,2024-12-18T00:00:00Z,Full Back,1,3210.93105113697,3,15.597788559289901,173,71,1991-03-18
21190,period_1951,null,activity_1585,2025-03-04T00:00:00Z,Full Back,1,1548.4143622451195,11,45.27792187925884,173,71,1991-03-18
21190,period_4744,null,activity_461,2025-05-18T00:00:00Z,Full Back,1,1680.3014435613507,6,2.4410509607813267,173,71,1991-03-18
21190,period_3907,null,activity_3834,2024-12-01T00:00:00Z,Full Back,1,1501.760003986843,6,81.08741533028227,173,71,1991-03-18
21190,period_789,null,activity_4496,2024-09-24T00:00:00Z,Full Back,1,865.0071804218094,12,14.737597953732303,173,71,1991-03-18
21190,period_3385,null,activity_3285,2024-09-17T00:00:00Z,Full Back,1,628.0572110618315,8,20.51502723105551,173,71,1991-03-18
21190,period_3105,null,activity_1093,2024-09-29T00:00:00Z,Full Back,1,1564.8241585526594,11,34.34774355011347,173,71,1991-03-18
21190,period_2060,null,activity_4216,2024-09-14T00:00:00Z,Full Back,1,2806.5643844411725,9,14.008731992842423,173,71,1991-03-18
21190,period_2593,null,activity_2152,2025-01-03T00:00:00Z,Full Back,1,2030.5612392133098,9,11.293873672396689,173,71,1991-03-18
21190,period_1431,null,activity_1456,2024-11-05T00:00:00Z,Full Back,1,1816.3076345936236,5,62.47285508940413,173,71,1991-03-18
21190,period_3073,null,activity_2361,2025-02-23T00:00:00Z,Full Back,1,1510.9157898263957,13,38.270101646307836,173,71,1991-03-18
21190,period_2995,null,activity_4037,2024-11-09T00:00:00Z,Full Back,1,653.5291903518786,8,28.78278441439281,173,71,1991-03-18
21190,period_1859,null,activity_3591,2025-01-16T00:00:00Z,Full Back,1,1075.9863852066042,8,10.280482134774639,173,71,1991-03-18
21190,period_2210,null,activity_1284,2024-11-27T00:00:00Z,Full Back,1,1621.5014487879744,7,75.9562961770759,173,71,1991-03-18
21190,period_1230,null,activity_939,2025-05-24T00:00:00Z,Full Back,1,1752.7173165750094,10,33.32731232141408,173,71,1991-03-18
21190,period_4436,null,activity_3206,2025-01-29T00:00:00Z,Full Back,1,1549.8980159411774,6,53.42767106529332,173,71,1991-03-18
21190,period_4581,null,activity_525,2025-03-09T00:00:00Z,Full Back,1,1830.9957364862535,11,22.866323376034668,173,71,1991-03-18
21190,period_2601,null,activity_625,2024-08-04T00:00:00Z,Full Back,1,1973.9093134397926,8,8.408996074222198,173,71,1991-03-18
21190,period_4335,null,activity_2300,2024-08-29T00:00:00Z,Full Back,1,3071.5856592504774,3,42.21455519486844,173,71,1991-03-18
21190,period_1060,null,activity_1526,2025-04-23T00:00:00Z,Full Back,1,1629.9176295046539,3,34.45654873098496,173,71,1991-03-18
21190,period_4655,null,activity_1778,2024-09-21T00:00:00Z,Full Back,1,1973.896788897852,5,84.53874939201967,173,71,1991-03-18
21190,period_3030,null,activity_2954,2025-03-01T00:00:00Z,Full Back,1,1343.8528720372217,14,34.43627584007542,173,71,1991-03-18
21190,period_2761,null,activity_2894,2025-04-16T00:00:00Z,Full Back,1,1692.3816965076705,10,54.777373757391565,173,71,1991-03-18
21190,period_4433,null,activity_4602,2025-04-05T00:00:00Z,Full Back,1,1962.3356939651476,7,21.25134699162268,173,71,1991-03-18
21190,period_3532,null,activity_625,2024-08-04T00:00:00Z,Full Back,1,538.1814139222213,6,25.809529718509587,173,71,1991-03-18
21190,period_3299,null,activity_4800,2024-12-07T00:00:00Z,Full Back,1,1975.4037899903574,9,55.84292645761259,173,71,1991-03-18
21190,period_2516,null,activity_830,2024-08-01T00:00:00Z,Full Back,1,987.1281271790251,6,5.067522453985147,173,71,1991-03-18
21190,period_2955,null,activity_2985,2025-05-04T00:00:00Z,Full Back,1,1270.2711660644168,3,12.62070891691579,173,71,1991-03-18
21190,period_2655,null,activity_2614,2025-03-12T00:00:00Z,Full Back,1,1614.416167168894,10,27.520040845669804,173,71,1991-03-18
21190,period_3243,null,activity_4016,2024-08-06T00:00:00Z,Full Back,1,1287.1852601410646,5,17.54304644641016,173,71,1991-03-18
21190,period_2366,null,activity_830,2024-08-01T00:00:00Z,Full Back,1,1595.7402283634885,13,46.36595232154798,173,71,1991-03-18
21190,period_4208,null,activity_473,2025-01-09T00:00:00Z,Full Back,1,1134.7190333823219,8,89.97992813154963,173,71,1991-03-18
21190,period_1389,null,activity_3352,2024-08-18T00:00:00Z,Full Back,1,1654.814711532803,14,0,173,71,1991-03-18
21190,period_4304,null,activity_865,2024-10-05T00:00:00Z,Full Back,1,2578.2071954731837,10,11.692989882304714,173,71,1991-03-18
21190,period_4454,null,activity_4067,2024-12-14T00:00:00Z,Full Back,1,1314.0685181278054,9,61.34120131488684,173,71,1991-03-18
21190,period_4299,null,activity_432,2024-10-19T00:00:00Z,Full Back,1,2266.1852228729804,6,22.601246937143713,173,71,1991-03-18
21190,period_4764,null,activity_3506,2025-04-08T00:00:00Z,Full Back,1,1686.3070706216333,9,41.7997248427427,173,71,1991-03-18
21190,period_1555,null,activity_4155,2025-03-15T00:00:00Z,Full Back,1,566.1748627585719,11,10.067798493685606,173,71,1991-03-18
21190,period_1022,null,activity_562,2024-12-22T00:00:00Z,Full Back,1,2252.8005229974283,8,86.47741240772223,173,71,1991-03-18
21190,period_2954,BP 1043,activity_1022,2025-04-18T00:00:00Z,Full Back,null,437.4432723158653,2,10.279259327973671,173,71,1991-03-18
21190,period_1866,G 3218,activity_1501,2024-10-07T00:00:00Z,Full Back,null,1228.0732848738296,13,18.54886777402231,173,71,1991-03-18
21190,period_4366,G 1960,activity_4407,2025-04-04T00:00:00Z,Full Back,null,1371.9274356784854,5,0,173,71,1991-03-18
21190,period_3261,G 3863,activity_477,2025-04-30T00:00:00Z,Full Back,null,1540.0852398475017,17,16.153416751160684,173,71,1991-03-18
21190,period_3206,BP 1615,activity_1061,2024-12-31T00:00:00Z,Full Back,null,597.6149192648164,0,0,173,71,1991-03-18
21190,period_865,TAC 0133,activity_2955,2025-01-15T00:00:00Z,Full Back,null,1933.396421291704,7,0,173,71,1991-03-18
21190,period_75,G 9283,activity_911,2025-04-03T00:00:00Z,Full Back,null,3185.461022235395,11,33.39089471513094,173,71,1991-03-18
21190,period_1061,BP 8350,activity_3907,2025-05-08T00:00:00Z,Full Back,null,536.8133372938482,11,22.03848766125811,173,71,1991-03-18
21190,period_2628,G 1960,activity_4122,2025-01-08T00:00:00Z,Full Back,null,1607.339250896221,9,20.294731116197532,173,71,1991-03-18
21190,period_1093,G 1960,activity_599,2025-04-15T00:00:00Z,Full Back,null,1675.4106955346108,4,6.987025209876458,173,71,1991-03-18
21190,period_2337,TEC 9696,activity_3493,2025-05-10T00:00:00Z,Full Back,null,763.3333421610528,0,0,173,71,1991-03-18
21190,period_2876,TAC 0133,activity_486,2024-08-11T00:00:00Z,Full Back,null,1078.0938772385775,12,21.279327692609545,173,71,1991-03-18
21190,period_562,G 0184,activity_1230,2024-07-27T00:00:00Z,Full Back,null,1313.9061415399485,3,16.44431813049517,173,71,1991-03-18
21190,period_1764,TAC 0133,activity_4304,2024-09-13T00:00:00Z,Full Back,null,569.9619719113086,6,82.4445037121879,173,71,1991-03-18
21190,period_4067,G 1960,activity_4137,2025-03-07T00:00:00Z,Full Back,null,1632.7898155665434,8,8.94058041462155,173,71,1991-03-18
21190,period_3582,G 5931,activity_3243,2024-10-17T00:00:00Z,Full Back,null,1200.0684458415228,12,42.39123497761183,173,71,1991-03-18
21190,period_948,G 3164,activity_2995,2024-08-26T00:00:00Z,Full Back,null,6343.768108273122,0,0,173,71,1991-03-18
21190,period_1565,TAC 7525,activity_3243,2025-03-11T00:00:00Z,Full Back,null,1433.7790843255211,3,12.137439428104736,173,71,1991-03-18
21190,period_4496,G 1960,activity_4335,2025-05-03T00:00:00Z,Full Back,null,1177.3066274015414,6,33.24132417454236,173,71,1991-03-18
21190,period_3678,G 1960,activity_3907,2025-05-08T00:00:00Z,Full Back,null,1636.6714617021278,4,9.648511477057069,173,71,1991-03-18
21190,period_1456,BP 2351,activity_1951,2025-04-19T00:00:00Z,Full Back,null,524.1141810762887,7,0,173,71,1991-03-18
21190,period_3701,G 3872,activity_2148,2024-07-16T00:00:00Z,Full Back,null,2464.4643750527944,8,0,173,71,1991-03-18
21190,period_4617,G 8908,activity_1059,2025-03-06T00:00:00Z,Full Back,null,2695.4787546293605,6,0,173,71,1991-03-18
21190,period_783,BP 2351,activity_2148,2024-07-16T00:00:00Z,Full Back,null,545.6991339166369,5,0,173,71,1991-03-18
21190,period_874,G 1960,activity_2601,2024-12-21T00:00:00Z,Full Back,null,784.7271772780014,4,30.739259447645257,173,71,1991-03-18
21190,period_3614,G 5931,activity_109,2024-11-30T00:00:00Z,Full Back,null,1847.8241884146814,13,11.31824164464051,173,71,1991-03-18
21190,period_2894,TAC 0133,activity_4699,2024-07-30T00:00:00Z,Full Back,null,1810.1161771384534,2,0,173,71,1991-03-18
21190,period_2331,BP 5787,activity_2210,2025-05-16T00:00:00Z,Full Back,null,775.9611986251207,0,0,173,71,1991-03-18
21190,period_190,G 3218,activity_4067,2024-09-26T00:00:00Z,Full Back,null,812.1258332077256,5,0,173,71,1991-03-18
21190,period_3306,G 1960,activity_1973,2025-03-08T00:00:00Z,Full Back,null,1775.8180915605622,12,4.8623165766177765,173,71,1991-03-18
21190,period_4270,G 7015,activity_486,2024-08-11T00:00:00Z,Full Back,null,3487.093435403341,12,48.79172241768577,173,71,1991-03-18
21190,period_2180,TAC 0133,activity_1415,2025-05-07T00:00:00Z,Full Back,null,1210.8000770342082,1,19.13296679590952,173,71,1991-03-18
21190,period_390,BP 2351,activity_1061,2024-12-31T00:00:00Z,Full Back,null,1146.3428369066644,4,0,173,71,1991-03-18
21190,period_1370,G 8963,activity_1415,2025-05-07T00:00:00Z,Full Back,null,809.1125632007119,23,0,173,71,1991-03-18
21190,period_1693,BP 8346,activity_477,2025-04-30T00:00:00Z,Full Back,null,831.669591555656,6,57.176662779947684,173,71,1991-03-18
21190,period_4754,G 1960,activity_2366,2025-03-28T00:00:00Z,Full Back,null,2176.0796841049296,10,13.476668378799848,173,71,1991-03-18
21190,period_4216,G 0184,activity_1230,2024-07-27T00:00:00Z,Full Back,null,1862.8357426704542,15,0,173,71,1991-03-18
21190,period_4717,G 1960,activity_2593,2024-10-18T00:00:00Z,Full Back,null,882.8280498935324,7,30.00092647603323,173,71,1991-03-18
21190,period_4157,G 1960,activity_4699,2024-07-30T00:00:00Z,Full Back,null,1958.0305090037998,5,89.75266508022845,173,71,1991-03-18
21190,period_1957,G 0184,activity_1230,2024-07-27T00:00:00Z,Full Back,null,1067.11001541261,7,15.142362033828205,173,71,1991-03-18
21190,period_1607,G 3218,activity_2423,2025-01-01T00:00:00Z,Full Back,null,1244.5011450171123,9,19.395793355654448,173,71,1991-03-18
21190,period_4400,TEC 7376,activity_1415,2025-05-07T00:00:00Z,Full Back,null,436.65743209983185,0,0.09930203192761267,173,71,1991-03-18
21190,period_3506,TEC 5341,activity_1415,2025-05-07T00:00:00Z,Full Back,null,238.2900748411254,0,4.6179687089223185,173,71,1991-03-18
21190,period_4726,G 3218,activity_1022,2025-04-18T00:00:00Z,Full Back,null,2296.193965057634,6,17.732143069819667,173,71,1991-03-18
21190,period_2108,TAC 0133,activity_4407,2025-04-04T00:00:00Z,Full Back,null,1191.266131224097,4,0,173,71,1991-03-18
21190,period_2438,BP 2351,activity_2516,2025-04-10T00:00:00Z,Full Back,null,215.22098808969423,6,0,173,71,1991-03-18
21190,period_483,BP 2654,activity_2160,2024-07-29T00:00:00Z,Full Back,null,690.8583234062185,0,1.733770794919351,173,71,1991-03-18
21190,period_4540,G 5931,activity_823,2025-05-01T00:00:00Z,Full Back,null,1490.2262689436302,9,0,173,71,1991-03-18
21190,period_4782,TAC 0133,activity_3638,2024-08-17T00:00:00Z,Full Back,null,802.353543255323,4,0,173,71,1991-03-18
21190,period_1962,TEC 1080,activity_958,2024-07-26T00:00:00Z,Full Back,null,236.5890679320342,0,0,173,71,1991-03-18
21190,period_1585,TAC 0133,activity_2593,2024-10-18T00:00:00Z,Full Back,null,410.24156417232257,7,33.323938029835276,173,71,1991-03-18
21190,period_2158,G 1960,activity_1859,2025-03-31T00:00:00Z,Full Back,null,2654.4195045148113,3,0,173,71,1991-03-18
21190,period_525,TAC 7525,activity_4208,2025-05-02T00:00:00Z,Full Back,null,446.5811588461387,9,0,173,71,1991-03-18
21190,period_1916,G 1960,activity_439,2024-10-09T00:00:00Z,Full Back,null,942.6312162825586,8,2.031943692824131,173,71,1991-03-18
21190,period_432,TEC 9696,activity_2516,2025-04-10T00:00:00Z,Full Back,null,344.6772199752021,0,0,173,71,1991-03-18
21190,period_4067,G 3218,activity_2160,2024-07-29T00:00:00Z,Full Back,null,2724.0953450498355,9,35.28632593124618,173,71,1991-03-18
21190,period_3129,TEC 5341,activity_3357,2025-04-25T00:00:00Z,Full Back,null,632.9623301929587,6,11.0633375404979,173,71,1991-03-18
59105,period_2614,TAC 0133,activity_96,2025-02-25T00:00:00Z,Central Back,null,2899.0454195061884,5,58.860280161495936,180,78,1992-03-27
59105,period_4208,BP 1331,activity_4690,2025-04-21T00:00:00Z,Central Back,null,956.4006530066455,2,0,180,78,1992-03-27
59105,period_1682,TEC 5667,activity_202,2025-03-30T00:00:00Z,Central Back,null,311.7355157798812,0,0,180,78,1992-03-27
59105,period_75,G 9283,activity_911,2025-04-03T00:00:00Z,Central Back,null,3347.5291571853277,4,0,180,78,1992-03-27
59105,period_4147,TAC 7525,activity_3357,2025-04-25T00:00:00Z,Central Back,null,801.0797159178729,0,25.776245048841655,180,78,1992-03-27
59105,period_2628,G 1960,activity_4122,2025-01-08T00:00:00Z,Central Back,null,1978.3408310947336,9,4.624262563798116,180,78,1992-03-27
59105,period_315,BP 3884,activity_1431,2025-01-30T00:00:00Z,Central Back,null,700.9317401376162,0,0,180,78,1992-03-27
59105,period_4233,TAC 0133,activity_2366,2025-03-28T00:00:00Z,Central Back,null,940.0714621428152,2,0,180,78,1992-03-27
59105,period_523,G 1669,activity_1431,2025-01-30T00:00:00Z,Central Back,null,1756.3810289851394,4,5.327077686688888,180,78,1992-03-27
59105,period_4155,BP 1822,activity_1060,2025-02-21T00:00:00Z,Central Back,null,935.0141809300005,6,0,180,78,1992-03-27
59105,period_3129,TEC 5341,activity_3357,2025-04-25T00:00:00Z,Central Back,null,300.7060309828228,0,0,180,78,1992-03-27
59105,period_1641,G 1960,activity_2955,2025-01-15T00:00:00Z,Central Back,null,995.4787232730907,7,9.70373030805995,180,78,1992-03-27
59105,period_576,BP 8346,activity_4764,2025-04-14T00:00:00Z,Central Back,null,377.99289224076597,0,0,180,78,1992-03-27
59105,period_873,G 1960,activity_1924,2025-02-28T00:00:00Z,Central Back,null,1891.2898829285248,12,0,180,78,1992-03-27
59105,period_3001,G 1960,activity_96,2025-02-25T00:00:00Z,Central Back,null,2093.9446362424837,6,39.75307568546603,180,78,1992-03-27
59105,period_4800,G 4139,activity_1431,2025-01-30T00:00:00Z,Central Back,null,2180.54432696843,11,0,180,78,1992-03-27
59105,period_3250,G 1960,activity_2877,2025-04-22T00:00:00Z,Central Back,null,823.2348480108138,1,1.9751621926063112,180,78,1992-03-27
59105,period_3352,TAC 0133,activity_2761,2025-03-03T00:00:00Z,Central Back,null,1965.212891026277,3,41.015665810189645,180,78,1992-03-27
59105,period_3306,G 1960,activity_1973,2025-03-08T00:00:00Z,Central Back,null,2424.2054458355747,11,0,180,78,1992-03-27
59105,period_2558,G 1960,activity_3614,2025-04-12T00:00:00Z,Central Back,null,922.4018825110193,8,0,180,78,1992-03-27
59105,period_26,G 8281,activity_1060,2025-02-21T00:00:00Z,Central Back,null,1191.9593477730568,4,0,180,78,1992-03-27
59105,period_95,TAC 7848,activity_4655,2025-04-06T00:00:00Z,Central Back,null,1515.3040421290516,4,0,180,78,1992-03-27
59105,period_233,BP 2351,activity_1060,2025-02-21T00:00:00Z,Central Back,null,747.2226599578189,0,0,180,78,1992-03-27
59105,period_1456,BP 2351,activity_1951,2025-04-19T00:00:00Z,Central Back,null,1722.855149022312,0,0,180,78,1992-03-27
59105,period_2644,G 7940,activity_202,2025-03-30T00:00:00Z,Central Back,null,952.5679393403634,11,0,180,78,1992-03-27
59105,period_4230,BP 6872,activity_1059,2025-03-06T00:00:00Z,Central Back,null,1096.1453545253776,0,0,180,78,1992-03-27
59105,period_2155,TAC 0133,activity_3105,2025-01-18T00:00:00Z,Central Back,null,4976.483006573708,1,0,180,78,1992-03-27
59105,period_1526,BP 2351,activity_1973,2025-03-08T00:00:00Z,Central Back,null,1073.3617055565526,0,0,180,78,1992-03-27
59105,period_939,TAC 0133,activity_4137,2025-03-07T00:00:00Z,Central Back,null,1504.5213487228307,5,83.76127417027702,180,78,1992-03-27
59105,period_4067,G 1960,activity_4137,2025-03-07T00:00:00Z,Central Back,null,1533.0878622206903,1,0,180,78,1992-03-27
59105,period_578,BP 4893,activity_4122,2025-01-08T00:00:00Z,Central Back,null,337.02091871230374,2,5.935474102425569,180,78,1992-03-27
59105,period_3077,TAC 0133,activity_599,2025-04-15T00:00:00Z,Central Back,null,1154.1571150052564,1,0,180,78,1992-03-27
59105,period_4611,TAC 0133,activity_1859,2025-03-31T00:00:00Z,Central Back,null,891.7774771346023,4,0,180,78,1992-03-27
59105,period_995,BP 8299,activity_3299,2025-02-27T00:00:00Z,Central Back,null,664.3577761878446,0,0.8363555293924368,180,78,1992-03-27
59105,period_2152,G 0106,activity_4655,2025-04-06T00:00:00Z,Central Back,null,1990.3216329817076,3,0,180,78,1992-03-27
59105,period_464,G 7940,activity_4655,2025-04-06T00:00:00Z,Central Back,null,1139.0481235382763,6,0,180,78,1992-03-27
59105,period_4366,G 1960,activity_4407,2025-04-04T00:00:00Z,Central Back,null,1171.4523761325931,3,0,180,78,1992-03-27
59105,period_4617,G 8908,activity_1059,2025-03-06T00:00:00Z,Central Back,null,2475.934730290391,11,16.742134379737127,180,78,1992-03-27
59105,period_650,TAC 0133,activity_3357,2025-04-25T00:00:00Z,Central Back,null,1026.6858593234845,4,18.60087208061571,180,78,1992-03-27
59105,period_4438,G 3164,activity_202,2025-03-30T00:00:00Z,Central Back,null,1045.8760540488458,14,0.42517853525933025,180,78,1992-03-27
59105,period_3993,TAC 7525,activity_359,2025-01-07T00:00:00Z,Central Back,null,1377.4100975409956,4,4.230915513892144,180,78,1992-03-27
59105,period_3790,TEC 7736,activity_1554,2025-03-27T00:00:00Z,Central Back,null,150.5811751630542,5,0,180,78,1992-03-27
59105,period_99,G 7824,activity_3299,2025-02-27T00:00:00Z,Central Back,null,1171.8413167214583,5,0.6692657453818662,180,78,1992-03-27
59105,period_4041,TAC 2764,activity_465,2025-03-14T00:00:00Z,Central Back,null,1321.036448380118,3,0,180,78,1992-03-27
59105,period_4590,BP 5787,activity_1554,2025-03-27T00:00:00Z,Central Back,null,1276.4413708043176,0,33.85622036616594,180,78,1992-03-27
59105,period_3868,BP 5376,activity_4690,2025-04-21T00:00:00Z,Central Back,null,1110.819791939871,5,0,180,78,1992-03-27
59105,period_4986,BP 3116,activity_465,2025-03-14T00:00:00Z,Central Back,null,1008.2118666721993,0,0,180,78,1992-03-27
59105,period_4122,G 1960,activity_3357,2025-04-25T00:00:00Z,Central Back,null,796.6286911538059,5,30.69458856420449,180,78,1992-03-27
59105,period_3206,BP 1615,activity_1061,2024-12-31T00:00:00Z,Central Back,null,737.07892540334,1,0,180,78,1992-03-27
59105,period_4354,TEC 5341,activity_4655,2025-04-06T00:00:00Z,Central Back,null,236.06071385907327,0,0,180,78,1992-03-27
59105,period_334,BP 2654,activity_359,2025-01-07T00:00:00Z,Central Back,null,357.5230960290576,6,0,180,78,1992-03-27
59105,period_3073,null,activity_2361,2025-02-23T00:00:00Z,Central Back,1,888.8356843388793,3,0,180,78,1992-03-27
59105,period_3040,null,activity_2953,2025-02-26T00:00:00Z,Central Back,1,745.3375671866669,2,0,180,78,1992-03-27
59105,period_2761,null,activity_2894,2025-04-16T00:00:00Z,Central Back,1,509.60362702711984,5,0,180,78,1992-03-27
59105,period_1060,null,activity_1526,2025-04-23T00:00:00Z,Central Back,1,622.8227056162641,6,0,180,78,1992-03-27
59105,period_3638,null,activity_2158,2025-04-01T00:00:00Z,Central Back,1,53.94371346263707,10,0,180,78,1992-03-27
59105,period_958,null,activity_1106,2025-01-25T00:00:00Z,Central Back,1,929.9633385429938,0,0,180,78,1992-03-27
59105,period_4581,null,activity_525,2025-03-09T00:00:00Z,Central Back,1,900.6292836592362,6,0,180,78,1992-03-27
59105,period_359,null,activity_944,2025-02-19T00:00:00Z,Central Back,1,1046.078627466584,5,0,180,78,1992-03-27
59105,period_3243,null,activity_2831,2025-01-22T00:00:00Z,Central Back,1,1387.5622784563132,4,0,180,78,1992-03-27
59105,period_4436,null,activity_3206,2025-01-29T00:00:00Z,Central Back,1,606.7776038651878,5,0,180,78,1992-03-27
59105,period_4433,null,activity_4602,2025-04-05T00:00:00Z,Central Back,1,743.8689596678701,0,0,180,78,1992-03-27
59105,period_3623,null,activity_1872,2025-01-19T00:00:00Z,Central Back,1,2432.7799536088633,2,0,180,78,1992-03-27
59105,period_4764,null,activity_3506,2025-04-08T00:00:00Z,Central Back,1,728.4407379548268,0,1.8138752357456578,180,78,1992-03-27
59105,period_3030,null,activity_2954,2025-03-01T00:00:00Z,Central Back,1,114.77674361549266,2,0,180,78,1992-03-27
59105,period_2158,G 1960,activity_1859,2025-03-31T00:00:00Z,Central Back,null,652.619120958871,5,35.63559225518156,180,78,1992-03-27
59105,period_3309,G 8095,activity_4690,2025-04-21T00:00:00Z,Central Back,null,1416.0714059608395,5,0,180,78,1992-03-27
59105,period_3591,BP 2351,activity_599,2025-04-15T00:00:00Z,Central Back,null,414.80159373166487,4,0,180,78,1992-03-27
59105,period_2405,G 5146,activity_359,2025-01-07T00:00:00Z,Central Back,null,2143.805187643965,5,22.839178556071474,180,78,1992-03-27
59105,period_2361,TAC 7525,activity_2877,2025-04-22T00:00:00Z,Central Back,null,2001.3258834349576,1,16.089341368846863,180,78,1992-03-27
59105,period_2652,TEC 5341,activity_2423,2025-01-01T00:00:00Z,Central Back,null,277.77830588577115,0,24.257418131168475,180,78,1992-03-27
59105,period_3834,G 3473,activity_1951,2025-04-19T00:00:00Z,Central Back,null,1758.677678377256,1,31.808506423230515,180,78,1992-03-27
59105,period_2175,BP 2351,activity_2366,2025-03-28T00:00:00Z,Central Back,null,1620.1621340467707,3,0,180,78,1992-03-27
59105,period_4665,G 8963,activity_1554,2025-03-27T00:00:00Z,Central Back,null,1120.3615645123657,6,0,180,78,1992-03-27
59105,period_3285,BP 2351,activity_1554,2025-03-27T00:00:00Z,Central Back,null,655.755218323696,0,0,180,78,1992-03-27
59105,period_2108,TAC 0133,activity_4407,2025-04-04T00:00:00Z,Central Back,null,1985.1660892194218,3,0,180,78,1992-03-27
59105,period_865,TAC 0133,activity_2955,2025-01-15T00:00:00Z,Central Back,null,728.9299107670709,7,49.96995701756272,180,78,1992-03-27
59105,period_1093,G 1960,activity_599,2025-04-15T00:00:00Z,Central Back,null,895.1355069323102,4,0.3429034745091904,180,78,1992-03-27
59105,period_1724,TEC 5328,activity_1431,2025-01-30T00:00:00Z,Central Back,null,365.5031544473425,0,0,180,78,1992-03-27
59105,period_3468,G 1960,activity_75,2025-02-22T00:00:00Z,Central Back,null,1833.7078577368536,0,0,180,78,1992-03-27
59105,period_390,BP 2351,activity_1061,2024-12-31T00:00:00Z,Central Back,null,961.865049917168,2,0,180,78,1992-03-27
59105,period_4249,TEC 5341,activity_1060,2025-02-21T00:00:00Z,Central Back,null,305.5419997620826,0,0,180,78,1992-03-27
59105,period_883,BP 4893,activity_4655,2025-04-06T00:00:00Z,Central Back,null,931.7231657472585,3,0,180,78,1992-03-27
59105,period_2390,TAC 0133,activity_1951,2025-04-19T00:00:00Z,Central Back,null,630.1804957692236,17,0,180,78,1992-03-27
59105,period_3585,TAC 7525,activity_2601,2024-12-21T00:00:00Z,Central Back,null,283.94172862294914,1,0,180,78,1992-03-27
59105,period_473,TEC 7376,activity_911,2025-04-03T00:00:00Z,Central Back,null,91.49596462398772,0,0,180,78,1992-03-27
59105,period_4754,G 1960,activity_2366,2025-03-28T00:00:00Z,Central Back,null,1044.1746764895554,0,1.8321976336437673,180,78,1992-03-27
95293,period_3077,TAC 0133,activity_599,2025-04-15T00:00:00Z,Forward,null,504.55812305413014,6,0,173,67,2006-11-18
95293,period_3308,TEC 5341,activity_1589,2025-04-09T00:00:00Z,Forward,null,368.7211852982395,0,0,173,67,2006-11-18
95293,period_2953,G 1960,activity_4454,2024-12-13T00:00:00Z,Forward,null,2863.9319527643884,7,18.953245933701513,173,67,2006-11-18
95293,period_146,G 3164,activity_2423,2025-01-01T00:00:00Z,Forward,null,1443.9896150555987,4,1.6958340650876118,173,67,2006-11-18
95293,period_1819,G 1960,activity_4433,2024-08-28T00:00:00Z,Forward,null,601.4330912324388,5,0.4670216116037853,173,67,2006-11-18
95293,period_1370,G 8963,activity_1415,2025-05-07T00:00:00Z,Forward,null,6838.924839053493,1,10.010168847452432,173,67,2006-11-18
95293,period_3591,BP 2351,activity_599,2025-04-15T00:00:00Z,Forward,null,452.4780791384291,5,7.782741060905468,173,67,2006-11-18
95293,period_883,BP 4893,activity_4655,2025-04-06T00:00:00Z,Forward,null,1636.8870974885626,10,0,173,67,2006-11-18
95293,period_2421,BP 0518,activity_3073,2025-05-06T00:00:00Z,Forward,null,940.423203622413,3,0,173,67,2006-11-18
95293,period_233,BP 2351,activity_1060,2025-02-21T00:00:00Z,Forward,null,247.32763278139257,0,0,173,67,2006-11-18
95293,period_2152,G 0106,activity_4655,2025-04-06T00:00:00Z,Forward,null,1528.0429765420454,9,66.62693101231505,173,67,2006-11-18
95293,period_3392,G 5133,activity_2995,2024-08-26T00:00:00Z,Forward,null,1116.7379200492592,5,9.56585416024546,173,67,2006-11-18
95293,period_3226,G 1960,activity_1555,2024-08-02T00:00:00Z,Forward,null,1384.041568868633,4,20.51607894795583,173,67,2006-11-18
95293,period_2155,TAC 0133,activity_3105,2025-01-18T00:00:00Z,Forward,null,477.5208216312103,1,0,173,67,2006-11-18
95293,period_1415,TAC 5940,activity_1415,2025-05-07T00:00:00Z,Forward,null,675.1268881459753,12,0,173,67,2006-11-18
95293,period_3585,TAC 7525,activity_2601,2024-12-21T00:00:00Z,Forward,null,510.2184688984065,13,17.867705227119814,173,67,2006-11-18
95293,period_4800,G 4139,activity_1431,2025-01-30T00:00:00Z,Forward,null,1081.7359351568607,8,34.64779678345076,173,67,2006-11-18
95293,period_315,BP 3884,activity_1431,2025-01-30T00:00:00Z,Forward,null,499.90101059199037,8,0,173,67,2006-11-18
95293,period_4993,G 1960,activity_3243,2025-03-11T00:00:00Z,Forward,null,2735.147891407213,8,5.608935205406817,173,67,2006-11-18
95293,period_2331,BP 5787,activity_2210,2025-05-16T00:00:00Z,Forward,null,378.2163559591296,9,0,173,67,2006-11-18
95293,period_1768,TAC 1326,activity_4299,2025-04-11T00:00:00Z,Forward,null,1965.705119503131,2,0,173,67,2006-11-18
95293,period_830,TAC 2528,activity_477,2025-04-30T00:00:00Z,Forward,null,700.1015428927161,0,0,173,67,2006-11-18
95293,period_2558,G 1960,activity_3614,2025-04-12T00:00:00Z,Forward,null,665.4468545216679,6,16.273323685576436,173,67,2006-11-18
95293,period_4067,G 3218,activity_2160,2024-07-29T00:00:00Z,Forward,null,881.4748857502592,2,1.4428913234705318,173,67,2006-11-18
95293,period_2662,BP 9117,activity_4581,2024-08-01T00:00:00Z,Forward,null,414.5065225250554,4,0,173,67,2006-11-18
95293,period_4155,BP 1822,activity_1060,2025-02-21T00:00:00Z,Forward,null,1067.719032556009,5,36.89056394315976,173,67,2006-11-18
95293,period_2614,TAC 0133,activity_96,2025-02-25T00:00:00Z,Forward,null,2687.6771692562525,5,0,173,67,2006-11-18
95293,period_75,TEC 9696,activity_4208,2025-05-02T00:00:00Z,Forward,null,150.68224760369006,0,0,173,67,2006-11-18
95293,period_1493,TAC 0133,activity_4436,2024-08-23T00:00:00Z,Forward,null,688.3884149136658,3,0,173,67,2006-11-18
95293,period_3707,G 1960,activity_4304,2024-09-13T00:00:00Z,Forward,null,1107.6040065301015,4,9.637591367139443,173,67,2006-11-18
95293,period_4703,TAC 0133,activity_2574,2025-02-07T00:00:00Z,Forward,null,781.548769215183,6,61.44522085182401,173,67,2006-11-18
95293,period_4122,G 1960,activity_3357,2025-04-25T00:00:00Z,Forward,null,1577.5100546779884,7,7.02841530125671,173,67,2006-11-18
95293,period_3317,TEC 5098,activity_2995,2024-08-26T00:00:00Z,Forward,null,475.28655521763346,10,0,173,67,2006-11-18
95293,period_874,G 1960,activity_2601,2024-12-21T00:00:00Z,Forward,null,2811.1902435087104,11,0,173,67,2006-11-18
95293,period_4753,BP 1849,activity_2516,2025-04-10T00:00:00Z,Forward,null,434.23701155229656,5,0,173,67,2006-11-18
95293,period_1526,BP 2351,activity_1973,2025-03-08T00:00:00Z,Forward,null,377.08907291158107,5,0,173,67,2006-11-18
95293,period_4147,TAC 7525,activity_3357,2025-04-25T00:00:00Z,Forward,null,1226.0460251646746,5,8.507233807369085,173,67,2006-11-18
95293,period_2628,G 1960,activity_4122,2025-01-08T00:00:00Z,Forward,null,2191.2399403019244,6,57.46640378711916,173,67,2006-11-18
95293,period_1093,G 1960,activity_599,2025-04-15T00:00:00Z,Forward,null,1265.7223474810205,8,40.05085890064337,173,67,2006-11-18
95293,period_2337,TEC 9696,activity_3493,2025-05-10T00:00:00Z,Forward,null,208.5558593339546,0,0,173,67,2006-11-18
95293,period_4354,TEC 5341,activity_4655,2025-04-06T00:00:00Z,Forward,null,239.22980343541,0,9.241239269163357,173,67,2006-11-18
95293,period_4233,TAC 0133,activity_2366,2025-03-28T00:00:00Z,Forward,null,490.20336223811347,10,0,173,67,2006-11-18
95293,period_2758,TAC 7525,activity_4744,2025-05-09T00:00:00Z,Forward,null,1038.0540181452207,5,0,173,67,2006-11-18
95293,period_1764,TAC 0133,activity_4304,2024-09-13T00:00:00Z,Forward,null,752.0993600530004,1,12.75448550674033,173,67,2006-11-18
95293,period_2300,BP 2704,activity_1589,2025-04-09T00:00:00Z,Forward,null,849.1297954748339,3,0,173,67,2006-11-18
95293,period_190,G 3218,activity_4067,2024-09-26T00:00:00Z,Forward,null,2277.3523660224578,6,0,173,67,2006-11-18
95293,period_3812,G 1960,activity_4436,2024-08-23T00:00:00Z,Forward,null,1571.5238052336415,6,17.02744747395139,173,67,2006-11-18
95293,period_625,TAC 0133,activity_2655,2025-02-04T00:00:00Z,Forward,null,2761.4248393597222,4,0,173,67,2006-11-18
95293,period_26,G 8281,activity_1060,2025-02-21T00:00:00Z,Forward,null,483.1114990518004,6,23.93375580769959,173,67,2006-11-18
95293,period_4143,G 5146,activity_4581,2024-08-01T00:00:00Z,Forward,null,1498.754534636651,6,0,173,67,2006-11-18
95293,period_1641,G 1960,activity_2955,2025-01-15T00:00:00Z,Forward,null,671.1160815063918,5,0,173,67,2006-11-18
95293,period_1778,G 1960,activity_3623,2024-09-27T00:00:00Z,Forward,null,1156.1491539564595,2,11.526122610180268,173,67,2006-11-18
95293,period_95,TAC 7848,activity_4655,2025-04-06T00:00:00Z,Forward,null,1169.9657229207398,3,0,173,67,2006-11-18
95293,period_4208,BP 1331,activity_4690,2025-04-21T00:00:00Z,Forward,null,771.3917098097006,3,0,173,67,2006-11-18
95293,period_2149,TEC 5098,activity_2210,2025-05-16T00:00:00Z,Forward,null,226.93808553614562,1,0,173,67,2006-11-18
95293,period_425,G 1960,activity_3385,2025-02-14T00:00:00Z,Forward,null,579.5939563315429,11,14.804124984235745,173,67,2006-11-18
95293,period_4496,G 1960,activity_4335,2025-05-03T00:00:00Z,Forward,null,2037.3655054304643,8,4.274291259325945,173,67,2006-11-18
95293,period_3001,G 1960,activity_96,2025-02-25T00:00:00Z,Forward,null,1495.2852310413518,9,20.250680393658403,173,67,2006-11-18
95293,period_1682,TEC 5667,activity_202,2025-03-30T00:00:00Z,Forward,null,201.1093163834638,4,0,173,67,2006-11-18
95293,period_4128,BP 2654,activity_1945,2025-03-10T00:00:00Z,Forward,null,542.2940545384839,3,0,173,67,2006-11-18
95293,period_174,BP 1031,activity_3243,2024-10-17T00:00:00Z,Forward,null,439.10002000122466,4,0,173,67,2006-11-18
95293,period_3834,G 3473,activity_1951,2025-04-19T00:00:00Z,Forward,null,3229.560679544886,12,35.7198015342679,173,67,2006-11-18
95293,period_2175,BP 2351,activity_2366,2025-03-28T00:00:00Z,Forward,null,1276.038717654946,5,0,173,67,2006-11-18
95293,period_3678,G 1960,activity_3907,2025-05-08T00:00:00Z,Forward,null,1091.7783750727767,5,6.0259089575326,173,67,2006-11-18
95293,period_1456,BP 2351,activity_1951,2025-04-19T00:00:00Z,Forward,null,431.7737167759175,8,0,173,67,2006-11-18
95293,period_2438,BP 2351,activity_2516,2025-04-10T00:00:00Z,Forward,null,1347.0963865950766,0,0,173,67,2006-11-18
95293,period_108,G 0341,activity_3790,2025-02-24T00:00:00Z,Forward,null,2096.56687820046,7,3.6260985105638337,173,67,2006-11-18
95293,period_1434,BP 4303,activity_477,2025-04-30T00:00:00Z,Forward,null,866.0213948067607,0,0,173,67,2006-11-18
95293,period_2894,TAC 0133,activity_4699,2024-07-30T00:00:00Z,Forward,null,534.9198846382401,0,0,173,67,2006-11-18
95293,period_650,TAC 0133,activity_3357,2025-04-25T00:00:00Z,Forward,null,613.3000244478266,9,52.39005927043767,173,67,2006-11-18
95293,period_2876,TAC 0133,activity_486,2024-08-11T00:00:00Z,Forward,null,694.0094534070377,7,0,173,67,2006-11-18
95293,period_2102,TAC 5940,activity_1555,2024-08-02T00:00:00Z,Forward,null,1869.794607997718,5,0,173,67,2006-11-18
95293,period_2972,G 0184,activity_2995,2024-08-26T00:00:00Z,Forward,null,1981.2513680811808,22,0,173,67,2006-11-18
95293,period_1192,BP 2351,activity_789,2024-08-22T00:00:00Z,Forward,null,1265.6575776603486,9,0,173,67,2006-11-18
95293,period_3306,G 1960,activity_1973,2025-03-08T00:00:00Z,Forward,null,889.3628982647502,2,15.10611127396092,173,67,2006-11-18
95293,period_4714,BP 4303,activity_1589,2025-04-09T00:00:00Z,Forward,null,595.9732477521806,11,0,173,67,2006-11-18
95293,period_1683,BP 2351,activity_1389,2024-12-16T00:00:00Z,Forward,null,1638.0709767520939,4,0,173,67,2006-11-18
95293,period_3578,G 1960,activity_3638,2024-08-17T00:00:00Z,Forward,null,1712.1016419832702,10,0,173,67,2006-11-18
95293,period_3998,TAC 0133,activity_4433,2024-08-28T00:00:00Z,Forward,null,1188.5910470308695,4,0,173,67,2006-11-18
95293,period_1284,TAC 3056,activity_4436,2024-08-23T00:00:00Z,Forward,null,752.3166920673165,0,12.744969598063781,173,67,2006-11-18
95293,period_4249,TEC 5341,activity_1060,2025-02-21T00:00:00Z,Forward,null,1084.8401438497003,1,0,173,67,2006-11-18
95293,period_522,BP 1822,activity_1389,2024-12-16T00:00:00Z,Forward,null,982.5444416439415,2,0,173,67,2006-11-18
95293,period_2652,TEC 5341,activity_2423,2025-01-01T00:00:00Z,Forward,null,563.1004317546565,0,0,173,67,2006-11-18
95293,period_4037,G 7015,activity_486,2024-08-11T00:00:00Z,Forward,null,1494.3496399275086,1,16.79057271004761,173,67,2006-11-18
95293,period_2390,TAC 0133,activity_1951,2025-04-19T00:00:00Z,Forward,null,1065.1155321228691,4,0,173,67,2006-11-18
95293,period_4717,G 1960,activity_2593,2024-10-18T00:00:00Z,Forward,null,2069.67673371918,6,14.926366179930046,173,67,2006-11-18
95293,period_4318,G 8095,activity_2210,2025-05-16T00:00:00Z,Forward,null,840.4694751953732,15,2.9097477859192855,173,67,2006-11-18
95293,period_362,TAC 0133,activity_4436,2024-08-23T00:00:00Z,Forward,null,1352.3155916473702,10,16.25053156545817,173,67,2006-11-18
95293,period_3506,TEC 5341,activity_1415,2025-05-07T00:00:00Z,Forward,null,198.02905020398535,0,0,173,67,2006-11-18
95293,period_4230,BP 6872,activity_1059,2025-03-06T00:00:00Z,Forward,null,992.8264624970126,11,0,173,67,2006-11-18
95293,period_4617,G 8908,activity_1059,2025-03-06T00:00:00Z,Forward,null,1895.4264499658696,2,0,173,67,2006-11-18
95293,period_483,BP 2654,activity_2160,2024-07-29T00:00:00Z,Forward,null,623.5001921270722,6,0,173,67,2006-11-18
95293,period_929,TEC 5328,activity_1022,2025-04-18T00:00:00Z,Forward,null,307.31170413952736,0,0,173,67,2006-11-18
95293,period_1585,TAC 0133,activity_2593,2024-10-18T00:00:00Z,Forward,null,740.8426588749812,0,50.74271550785583,173,67,2006-11-18
95293,period_3352,TAC 0133,activity_2761,2025-03-03T00:00:00Z,Forward,null,2035.6594558003094,5,71.76613371376257,173,67,2006-11-18
95293,period_432,TEC 9696,activity_2516,2025-04-10T00:00:00Z,Forward,null,292.0852496994094,0,0,173,67,2006-11-18
95293,period_1708,G 1960,activity_2574,2025-02-07T00:00:00Z,Forward,null,1447.0515097384616,8,17.299437107102662,173,67,2006-11-18
95293,period_578,BP 4893,activity_4122,2025-01-08T00:00:00Z,Forward,null,453.9712101360064,5,0,173,67,2006-11-18
95293,period_1923,TEC 5341,activity_4436,2024-08-23T00:00:00Z,Forward,null,432.5088816922367,0,8.46352888050063,173,67,2006-11-18
95293,period_4270,G 7015,activity_486,2024-08-11T00:00:00Z,Forward,null,2393.4390948101873,11,8.01624025395716,173,67,2006-11-18
95293,period_4369,G 3164,activity_823,2025-05-01T00:00:00Z,Forward,null,1204.2599625917517,6,26.158865067715524,173,67,2006-11-18
95293,period_2500,G 3164,activity_1945,2025-03-10T00:00:00Z,Forward,null,1435.6241224413618,5,0,173,67,2006-11-18
95293,period_2644,G 7940,activity_202,2025-03-30T00:00:00Z,Forward,null,584.7282873412559,8,55.904738470983176,173,67,2006-11-18
95293,period_3087,BP 3930,activity_4067,2024-09-26T00:00:00Z,Forward,null,439.11424308221825,3,0,173,67,2006-11-18
95293,period_4611,TAC 0133,activity_1859,2025-03-31T00:00:00Z,Forward,null,1164.7143610996357,5,0,173,67,2006-11-18
95293,period_873,G 1960,activity_1924,2025-02-28T00:00:00Z,Forward,null,440.096110724696,6,45.17369096815442,173,67,2006-11-18
95293,period_464,G 7940,activity_4655,2025-04-06T00:00:00Z,Forward,null,1777.038591993649,1,0,173,67,2006-11-18
95293,period_934,TAC 2764,activity_3073,2025-05-06T00:00:00Z,Forward,null,1909.3266279770085,7,56.837493091585806,173,67,2006-11-18
95293,period_1061,BP 8350,activity_3907,2025-05-08T00:00:00Z,Forward,null,234.4084910257123,1,0,173,67,2006-11-18
95293,period_1196,TAC 7101,activity_2160,2024-07-29T00:00:00Z,Forward,null,1193.2557787153835,2,0,173,67,2006-11-18
95293,period_523,G 1669,activity_1431,2025-01-30T00:00:00Z,Forward,null,1024.5005400362334,0,13.576419322934392,173,67,2006-11-18
95293,period_525,TAC 7525,activity_4208,2025-05-02T00:00:00Z,Forward,null,955.0403930222972,12,11.053317356248868,173,67,2006-11-18
95293,period_4067,G 1960,activity_4137,2025-03-07T00:00:00Z,Forward,null,1246.0538042031149,9,0,173,67,2006-11-18
95293,period_4584,G 4139,activity_1945,2025-03-10T00:00:00Z,Forward,null,871.3397982940689,20,80.96508895496486,173,67,2006-11-18
95293,period_4489,G 8281,activity_4067,2024-09-26T00:00:00Z,Forward,null,4242.8699764200655,10,3.8608148837272807,173,67,2006-11-18
95293,period_3385,null,activity_3285,2024-09-17T00:00:00Z,Forward,1,860.4700514366139,0,24.943052641272367,173,67,2006-11-18
95293,period_1859,null,activity_3591,2025-01-16T00:00:00Z,Forward,1,2198.488800114103,11,88.79138989202835,173,67,2006-11-18
95293,period_4454,null,activity_4067,2024-12-14T00:00:00Z,Forward,1,2387.579815725532,8,96.42219328985395,173,67,2006-11-18
95293,period_2060,null,activity_4216,2024-09-14T00:00:00Z,Forward,1,1060.816028078895,6,58.72886709903933,173,67,2006-11-18
95293,period_3638,null,activity_2158,2025-04-01T00:00:00Z,Forward,1,1555.2195340405274,5,32.13400002890022,173,67,2006-11-18
95293,period_2877,null,activity_625,2024-08-03T00:00:00Z,Forward,1,723.3951990867247,7,20.27509688597393,173,67,2006-11-18
95293,period_3299,null,activity_4800,2024-12-07T00:00:00Z,Forward,1,4585.019741561535,10,27.373820919232823,173,67,2006-11-18
95293,period_2601,null,activity_625,2024-08-04T00:00:00Z,Forward,1,1063.098143879319,9,45.4052749496397,173,67,2006-11-18
95293,period_2574,null,activity_2071,2025-04-26T00:00:00Z,Forward,1,1452.4877576256958,13,5.039674752983936,173,67,2006-11-18
95293,period_109,null,activity_2511,2025-02-05T00:00:00Z,Forward,1,754.4376555875817,16,12.472229388932256,173,67,2006-11-18
95293,period_3073,null,activity_2361,2025-02-23T00:00:00Z,Forward,1,586.0442233434813,5,12.850850272962635,173,67,2006-11-18
95293,period_2995,null,activity_4037,2024-11-09T00:00:00Z,Forward,1,1218.7848618440316,9,67.7828930666173,173,67,2006-11-18
95293,period_2423,null,activity_4443,2024-08-25T00:00:00Z,Forward,1,1889.5912945417213,10,14.988578224193962,173,67,2006-11-18
95293,period_3243,null,activity_2831,2025-01-22T00:00:00Z,Forward,1,809.8837213433278,6,51.46289674196527,173,67,2006-11-18
95293,period_3357,null,activity_2421,2025-05-11T00:00:00Z,Forward,1,3473.328328046114,12,37.20176278152997,173,67,2006-11-18
95293,period_1059,null,activity_2758,2024-11-24T00:00:00Z,Forward,1,1262.8158431917489,5,24.96193023822976,173,67,2006-11-18
95293,period_4436,null,activity_3206,2025-01-29T00:00:00Z,Forward,1,2406.1307616363288,5,24.16437665398645,173,67,2006-11-18
95293,period_359,null,activity_944,2025-02-19T00:00:00Z,Forward,1,1320.0779932625087,7,13.09611886328654,173,67,2006-11-18
95293,period_3532,null,activity_625,2024-08-04T00:00:00Z,Forward,1,1698.5473577384507,11,51.64775572993725,173,67,2006-11-18
95293,period_3030,null,activity_2954,2025-03-01T00:00:00Z,Forward,1,1726.4784781762146,9,27.16134522058952,173,67,2006-11-18
95293,period_4699,null,activity_929,2024-10-02T00:00:00Z,Forward,1,2814.1365576511744,11,55.95103462641489,173,67,2006-11-18
95293,period_2516,null,activity_830,2024-08-01T00:00:00Z,Forward,1,1725.8039839159555,3,71.33928139342129,173,67,2006-11-18
95293,period_4690,null,activity_883,2024-12-04T00:00:00Z,Forward,1,2322.458708560172,7,57.47355620966884,173,67,2006-11-18
95293,period_4251,null,activity_2583,2025-04-20T00:00:00Z,Forward,1,335.4276914921788,7,19.427856312804163,173,67,2006-11-18
95293,period_2210,null,activity_1284,2024-11-27T00:00:00Z,Forward,1,1379.050848143821,5,25.11016630837421,173,67,2006-11-18
95293,period_465,null,activity_1565,2025-05-14T00:00:00Z,Forward,1,1049.063903260388,11,37.25730192272656,173,67,2006-11-18
95293,period_4655,null,activity_1778,2024-09-21T00:00:00Z,Forward,1,1158.8287012264677,7,11.699009225723335,173,67,2006-11-18
95293,period_4744,null,activity_461,2025-05-18T00:00:00Z,Forward,1,1184.987408943262,9,0,173,67,2006-11-18
95293,period_789,null,activity_4496,2024-09-24T00:00:00Z,Forward,1,1629.8077097912071,9,52.126677987144234,173,67,2006-11-18
95293,period_3623,null,activity_1872,2025-01-19T00:00:00Z,Forward,1,1103.6702278587466,0,13.198069934483422,173,67,2006-11-18
95293,period_4651,null,activity_1493,2024-09-01T00:00:00Z,Forward,1,1370.1072059888793,4,20.937628961996722,173,67,2006-11-18
95293,period_3040,null,activity_2953,2025-02-26T00:00:00Z,Forward,1,1453.795086908136,6,71.12003936288693,173,67,2006-11-18
95293,period_4335,null,activity_2300,2024-08-29T00:00:00Z,Forward,1,175.97730133630378,8,88.47761739338111,173,67,2006-11-18
95293,period_1060,null,activity_1526,2025-04-23T00:00:00Z,Forward,1,1411.8379494914639,4,0,173,67,2006-11-18
95293,period_4433,null,activity_4602,2025-04-05T00:00:00Z,Forward,1,3412.0032429617754,9,26.647025251606294,173,67,2006-11-18
95293,period_3105,null,activity_1093,2024-09-29T00:00:00Z,Forward,1,1441.7736329793574,6,49.03346855997135,173,67,2006-11-18
95293,period_2655,null,activity_2614,2025-03-12T00:00:00Z,Forward,1,1410.380919673521,3,18.201108027354046,173,67,2006-11-18
95293,period_958,null,activity_1106,2025-01-25T00:00:00Z,Forward,1,1904.0083297336967,9,23.329745996901295,173,67,2006-11-18
95293,period_1951,null,activity_1585,2025-03-04T00:00:00Z,Forward,1,1455.9294946979476,7,19.22957036571563,173,67,2006-11-18
95293,period_2761,null,activity_2894,2025-04-16T00:00:00Z,Forward,1,1360.884682711779,9,12.661237165906138,173,67,2006-11-18
95293,period_1061,TAC 0133,activity_3623,2024-09-27T00:00:00Z,Forward,null,384.33600811276574,7,124.06724743983592,173,67,2006-11-18
95293,period_3261,G 3863,activity_477,2025-04-30T00:00:00Z,Forward,null,2305.863596360206,2,0,173,67,2006-11-18
95293,period_2528,G 7940,activity_3790,2025-02-24T00:00:00Z,Forward,null,1334.0896766667988,25,0,173,67,2006-11-18
95293,period_4726,G 3218,activity_1022,2025-04-18T00:00:00Z,Forward,null,1604.4565925963275,11,0,173,67,2006-11-18
95293,period_2249,G 3863,activity_789,2024-08-22T00:00:00Z,Forward,null,1285.2790969251703,5,43.79796842309369,173,67,2006-11-18
95293,period_865,TAC 0133,activity_2955,2025-01-15T00:00:00Z,Forward,null,1826.7597149299916,5,42.13543857748093,173,67,2006-11-18
95293,period_3614,G 5931,activity_109,2024-11-30T00:00:00Z,Forward,null,2447.9549979314147,5,26.970323827039447,173,67,2006-11-18
95293,period_2717,TAC 0133,activity_3907,2025-05-08T00:00:00Z,Forward,null,1295.2610460166065,5,0,173,67,2006-11-18
95293,period_3636,G 7242,activity_1589,2025-04-09T00:00:00Z,Forward,null,539.1049105026664,5,4.257259725112876,173,67,2006-11-18
95293,period_944,TAC 7848,activity_4744,2025-05-09T00:00:00Z,Forward,null,476.4565849328812,1,72.42114505925507,173,67,2006-11-18
95293,period_2896,G 5146,activity_4764,2025-04-14T00:00:00Z,Forward,null,1618.0644039280053,4,2.551660906988051,173,67,2006-11-18
95293,period_3250,G 1960,activity_2877,2025-04-22T00:00:00Z,Forward,null,635.4580244536835,24,51.9485066858625,173,67,2006-11-18
95293,period_1724,TEC 5328,activity_1431,2025-01-30T00:00:00Z,Forward,null,174.77338228026548,0,0,173,67,2006-11-18
95293,period_3468,G 1960,activity_75,2025-02-22T00:00:00Z,Forward,null,1170.4712339776734,2,27.936289252990033,173,67,2006-11-18
95293,period_2511,BP 4893,activity_4699,2024-07-30T00:00:00Z,Forward,null,2474.293177984646,5,0,173,67,2006-11-18
95293,period_2228,G 1960,activity_1473,2025-05-17T00:00:00Z,Forward,null,1131.7121472997026,6,0,173,67,2006-11-18
95293,period_461,TEC 9696,activity_4690,2025-04-21T00:00:00Z,Forward,null,231.76827128835683,0,0,173,67,2006-11-18
95293,period_350,TAC 0133,activity_3943,2024-08-10T00:00:00Z,Forward,null,1618.009509623377,0,0,173,67,2006-11-18
95293,period_3257,TEC 9696,activity_3790,2025-02-24T00:00:00Z,Forward,null,202.35404999312414,0,0,173,67,2006-11-18
95293,period_576,BP 8346,activity_4764,2025-04-14T00:00:00Z,Forward,null,1294.3674808382991,7,0,173,67,2006-11-18
95293,period_2341,TAC 7525,activity_4454,2024-12-13T00:00:00Z,Forward,null,588.7855121880831,9,33.054738309838775,173,67,2006-11-18
95293,period_1612,G 9283,activity_3073,2025-05-06T00:00:00Z,Forward,null,652.7902963328717,3,0,173,67,2006-11-18
95293,period_4157,G 1960,activity_4699,2024-07-30T00:00:00Z,Forward,null,1159.4895224529732,7,0,173,67,2006-11-18
95293,period_4113,BP 8299,activity_3790,2025-02-24T00:00:00Z,Forward,null,1522.2084123401432,0,0,173,67,2006-11-18
95293,period_2041,TAC 5940,activity_823,2025-05-01T00:00:00Z,Forward,null,598.2867850628098,4,43.26304389529818,173,67,2006-11-18
95293,period_1607,G 3218,activity_2423,2025-01-01T00:00:00Z,Forward,null,996.0320232291898,13,0,173,67,2006-11-18
95293,period_4400,TEC 7376,activity_1415,2025-05-07T00:00:00Z,Forward,null,218.85111974466713,0,0,173,67,2006-11-18
95293,period_2474,TAC 3056,activity_4436,2024-08-23T00:00:00Z,Forward,null,2058.114150359897,13,0,173,67,2006-11-18
95293,period_439,BP 3178,activity_1022,2025-04-18T00:00:00Z,Forward,null,879.7915074561952,3,0,173,67,2006-11-18
95293,period_4366,G 1960,activity_4407,2025-04-04T00:00:00Z,Forward,null,550.1245372990736,14,0,173,67,2006-11-18
95293,period_2108,TAC 0133,activity_4407,2025-04-04T00:00:00Z,Forward,null,2206.3724461479446,0,12.040650364858298,173,67,2006-11-18
95293,period_939,TAC 0133,activity_4137,2025-03-07T00:00:00Z,Forward,null,1234.0240598138842,6,0,173,67,2006-11-18
95293,period_4438,G 3164,activity_202,2025-03-30T00:00:00Z,Forward,null,1071.1200736228834,14,68.42170376894286,173,67,2006-11-18
95293,period_3221,TAC 5940,activity_874,2024-11-03T00:00:00Z,Forward,null,1609.059740591343,10,51.028526728712286,173,67,2006-11-18
95293,period_2158,G 1960,activity_1859,2025-03-31T00:00:00Z,Forward,null,1466.8090948580013,5,6.909983654077997,173,67,2006-11-18
95293,period_4247,G 3164,activity_3907,2025-05-08T00:00:00Z,Forward,null,1142.9027003467777,8,23.681598026974545,173,67,2006-11-18
95293,period_473,TEC 7376,activity_911,2025-04-03T00:00:00Z,Forward,null,183.4626655698383,0,0,173,67,2006-11-18
95293,period_3309,G 8095,activity_4690,2025-04-21T00:00:00Z,Forward,null,3871.620365474989,4,0,173,67,2006-11-18
95293,period_2920,BP 3884,activity_3243,2024-10-17T00:00:00Z,Forward,null,977.2898603378277,6,0,173,67,2006-11-18
95293,period_4443,BP 2351,activity_1555,2024-08-02T00:00:00Z,Forward,null,978.5938175464647,9,0,173,67,2006-11-18
95293,period_2180,TAC 0133,activity_1415,2025-05-07T00:00:00Z,Forward,null,2226.4231753008144,2,17.14721893527739,173,67,2006-11-18
95293,period_3129,TEC 5341,activity_3357,2025-04-25T00:00:00Z,Forward,null,342.3265212289187,0,0,173,67,2006-11-18
95293,period_1693,BP 8346,activity_477,2025-04-30T00:00:00Z,Forward,null,536.0074980396648,0,0,173,67,2006-11-18
95293,period_4407,G 1669,activity_2423,2025-01-01T00:00:00Z,Forward,null,1183.0348660819707,9,91.67148966771225,173,67,2006-11-18
95293,period_2361,TAC 7525,activity_2877,2025-04-22T00:00:00Z,Forward,null,898.7080548601796,4,0,173,67,2006-11-18
95293,period_948,G 3164,activity_2995,2024-08-26T00:00:00Z,Forward,null,1207.9211233610856,1,5.132859805817754,173,67,2006-11-18
95293,period_3868,BP 5376,activity_4690,2025-04-21T00:00:00Z,Forward,null,1144.0216493586324,8,0,173,67,2006-11-18
95293,period_4986,BP 3116,activity_465,2025-03-14T00:00:00Z,Forward,null,584.7561608824456,0,0,173,67,2006-11-18
95293,period_2558,G 1960,activity_3040,2025-05-13T00:00:00Z,Forward,null,2740.986997541489,10,0,173,67,2006-11-18
95293,period_2331,BP 7816,activity_1389,2024-12-16T00:00:00Z,Forward,null,1615.2431745339843,2,64.72493327761013,173,67,2006-11-18
95293,period_4540,G 5931,activity_823,2025-05-01T00:00:00Z,Forward,null,4875.1193423300665,2,0,173,67,2006-11-18
95293,period_2816,TEC 5341,activity_4581,2024-08-01T00:00:00Z,Forward,null,437.48462967914963,0,18.590056748218878,173,67,2006-11-18
95293,period_75,G 9283,activity_911,2025-04-03T00:00:00Z,Forward,null,524.9586878368686,7,0,173,67,2006-11-18
95293,period_4782,TAC 0133,activity_3638,2024-08-17T00:00:00Z,Forward,null,1097.8849895871822,0,0,173,67,2006-11-18
95293,period_1872,TAC 7525,activity_4335,2025-05-03T00:00:00Z,Forward,null,1724.9477825944055,8,0,173,67,2006-11-18
95293,period_3582,G 5931,activity_3243,2024-10-17T00:00:00Z,Forward,null,1862.7966338194626,15,0,173,67,2006-11-18
95293,period_2071,G 1960,activity_3493,2025-05-10T00:00:00Z,Forward,null,2494.58809555463,9,0,173,67,2006-11-18
95293,period_4041,TAC 2764,activity_465,2025-03-14T00:00:00Z,Forward,null,1316.7072252039002,4,0,173,67,2006-11-18
95293,period_2831,G 5931,activity_4299,2025-04-11T00:00:00Z,Forward,null,1364.6016773561323,6,0,173,67,2006-11-18
95293,period_2985,BP 4893,activity_3943,2024-08-10T00:00:00Z,Forward,null,1008.8459237204452,5,0,173,67,2006-11-18
95293,period_4754,G 1960,activity_2366,2025-03-28T00:00:00Z,Forward,null,1523.1652325157763,4,0,173,67,2006-11-18
67157,period_2249,G 3863,activity_789,2024-08-22T00:00:00Z,Central Back,null,744.3483232280295,3,0,186,79,1998-07-09
67157,period_1284,TAC 3056,activity_4436,2024-08-23T00:00:00Z,Central Back,null,1424.7161784601265,2,0,186,79,1998-07-09
67157,period_3707,G 1960,activity_4304,2024-09-13T00:00:00Z,Central Back,null,1840.040368860699,2,6.061699664526418,186,79,1998-07-09
67157,period_362,TAC 0133,activity_4436,2024-08-23T00:00:00Z,Central Back,null,1397.588508827084,0,0,186,79,1998-07-09
67157,period_2816,TEC 5341,activity_4581,2024-08-01T00:00:00Z,Central Back,null,244.92139871441773,1,0,186,79,1998-07-09
67157,period_2876,TAC 0133,activity_486,2024-08-11T00:00:00Z,Central Back,null,919.5776235094561,6,4.548616233148835,186,79,1998-07-09
67157,period_190,G 3218,activity_4067,2024-09-26T00:00:00Z,Central Back,null,846.8335765569354,6,29.151372288686638,186,79,1998-07-09
67157,period_1778,G 1960,activity_3623,2024-09-27T00:00:00Z,Central Back,null,2247.0526148303034,7,3.5095971771663983,186,79,1998-07-09
67157,period_2985,BP 4893,activity_3943,2024-08-10T00:00:00Z,Central Back,null,1175.3540373268443,2,0,186,79,1998-07-09
67157,period_174,BP 1031,activity_3243,2024-10-17T00:00:00Z,Central Back,null,706.3774752031485,3,0,186,79,1998-07-09
67157,period_3087,BP 3930,activity_4067,2024-09-26T00:00:00Z,Central Back,null,487.0427067068129,8,0,186,79,1998-07-09
67157,period_1585,TAC 0133,activity_2593,2024-10-18T00:00:00Z,Central Back,null,617.2381807859614,0,31.17153276421578,186,79,1998-07-09
67157,period_3578,G 1960,activity_3638,2024-08-17T00:00:00Z,Central Back,null,2113.765351546494,5,0,186,79,1998-07-09
67157,period_3998,TAC 0133,activity_4433,2024-08-28T00:00:00Z,Central Back,null,906.570230617377,10,0,186,79,1998-07-09
67157,period_4717,G 1960,activity_2593,2024-10-18T00:00:00Z,Central Back,null,4172.906370306125,3,8.906617599198368,186,79,1998-07-09
67157,period_2474,TAC 3056,activity_4436,2024-08-23T00:00:00Z,Central Back,null,1144.7345680244068,8,36.38122086827067,186,79,1998-07-09
67157,period_1923,TEC 5341,activity_4436,2024-08-23T00:00:00Z,Central Back,null,835.7885460083755,0,0,186,79,1998-07-09
67157,period_4270,G 7015,activity_486,2024-08-11T00:00:00Z,Central Back,null,1509.9696591932604,7,31.726718866966603,186,79,1998-07-09
67157,period_2920,BP 3884,activity_3243,2024-10-17T00:00:00Z,Central Back,null,634.7046261590185,2,0,186,79,1998-07-09
67157,period_4782,TAC 0133,activity_3638,2024-08-17T00:00:00Z,Central Back,null,443.1801334534516,2,52.22502277016965,186,79,1998-07-09
67157,period_2102,TAC 5940,activity_1555,2024-08-02T00:00:00Z,Central Back,null,666.0197628587465,4,0,186,79,1998-07-09
67157,period_1192,BP 2351,activity_789,2024-08-22T00:00:00Z,Central Back,null,890.3459696059791,0,0,186,79,1998-07-09
67157,period_3105,null,activity_1093,2024-09-29T00:00:00Z,Central Back,1,708.627757723639,2,0,186,79,1998-07-09
67157,period_823,null,activity_146,2024-10-26T00:00:00Z,Central Back,1,230.3803671649885,3,0,186,79,1998-07-09
67157,period_4304,null,activity_865,2024-10-05T00:00:00Z,Central Back,1,293.02776530363724,3,0,186,79,1998-07-09
67157,period_3532,null,activity_625,2024-08-04T00:00:00Z,Central Back,1,1162.4660500855532,3,0,186,79,1998-07-09
67157,period_4335,null,activity_2300,2024-08-29T00:00:00Z,Central Back,1,784.765190475666,0,0,186,79,1998-07-09
67157,period_3385,null,activity_3285,2024-09-17T00:00:00Z,Central Back,1,549.4170136337665,0,0,186,79,1998-07-09
67157,period_789,null,activity_4496,2024-09-24T00:00:00Z,Central Back,1,1466.3841054638144,7,0.2962350624349908,186,79,1998-07-09
67157,period_3243,null,activity_4016,2024-08-06T00:00:00Z,Central Back,1,44.09397279675166,5,0,186,79,1998-07-09
67157,period_2995,null,activity_4037,2024-11-09T00:00:00Z,Central Back,1,675.1212916604394,7,0,186,79,1998-07-09
67157,period_1389,null,activity_3352,2024-08-18T00:00:00Z,Central Back,1,519.9329865186364,8,0,186,79,1998-07-09
67157,period_4699,null,activity_929,2024-10-02T00:00:00Z,Central Back,1,1741.3131056286397,1,0,186,79,1998-07-09
67157,period_2060,null,activity_4216,2024-09-14T00:00:00Z,Central Back,1,899.4181305093757,7,0,186,79,1998-07-09
67157,period_2877,null,activity_625,2024-08-03T00:00:00Z,Central Back,1,539.2119173394277,6,0,186,79,1998-07-09
67157,period_1431,null,activity_1456,2024-11-05T00:00:00Z,Central Back,1,529.100268770267,4,0,186,79,1998-07-09
67157,period_2148,null,activity_4016,2024-08-07T00:00:00Z,Central Back,1,740.7994196785365,0,0,186,79,1998-07-09
67157,period_4655,null,activity_1778,2024-09-21T00:00:00Z,Central Back,1,364.9065178269815,4,0,186,79,1998-07-09
67157,period_4137,null,activity_2405,2024-10-22T00:00:00Z,Central Back,1,746.0936348995222,4,0,186,79,1998-07-09
67157,period_2601,null,activity_625,2024-08-04T00:00:00Z,Central Back,1,833.2666279587121,5,0,186,79,1998-07-09
67157,period_2423,null,activity_4443,2024-08-25T00:00:00Z,Central Back,1,1175.8308434885964,3,0,186,79,1998-07-09
67157,period_4299,null,activity_432,2024-10-19T00:00:00Z,Central Back,1,775.3934663070303,0,0,186,79,1998-07-09
67157,period_4651,null,activity_1493,2024-09-01T00:00:00Z,Central Back,1,768.7810077452309,0,0,186,79,1998-07-09
67157,period_1061,TAC 0133,activity_3623,2024-09-27T00:00:00Z,Central Back,null,355.53250461180556,3,10.862109609357244,186,79,1998-07-09
67157,period_1764,TAC 0133,activity_4304,2024-09-13T00:00:00Z,Central Back,null,1156.4956307832335,1,0,186,79,1998-07-09
67157,period_3812,G 1960,activity_4436,2024-08-23T00:00:00Z,Central Back,null,1484.540982744923,6,52.23368031538243,186,79,1998-07-09
67157,period_2662,BP 9117,activity_4581,2024-08-01T00:00:00Z,Central Back,null,770.9869847328206,3,0,186,79,1998-07-09
67157,period_1493,TAC 0133,activity_4436,2024-08-23T00:00:00Z,Central Back,null,642.6884895319669,2,0,186,79,1998-07-09
67157,period_4037,G 7015,activity_486,2024-08-11T00:00:00Z,Central Back,null,1797.7386042506512,2,37.648083806696256,186,79,1998-07-09
67157,period_3226,G 1960,activity_1555,2024-08-02T00:00:00Z,Central Back,null,1080.2757476265463,3,0.178819989243626,186,79,1998-07-09
67157,period_3221,TAC 5940,activity_874,2024-11-03T00:00:00Z,Central Back,null,981.2004753581743,2,18.05584413753919,186,79,1998-07-09
67157,period_4443,BP 2351,activity_1555,2024-08-02T00:00:00Z,Central Back,null,262.7517462185735,6,0,186,79,1998-07-09
67157,period_1819,G 1960,activity_4433,2024-08-28T00:00:00Z,Central Back,null,1910.665760498061,6,31.384808092333444,186,79,1998-07-09
67157,period_3582,G 5931,activity_3243,2024-10-17T00:00:00Z,Central Back,null,2142.6346456925917,3,11.876184587288762,186,79,1998-07-09
67157,period_4143,G 5146,activity_4581,2024-08-01T00:00:00Z,Central Back,null,952.1675207827092,4,16.512430781931574,186,79,1998-07-09
67157,period_350,TAC 0133,activity_3943,2024-08-10T00:00:00Z,Central Back,null,2050.014706850394,9,0,186,79,1998-07-09
48463,period_1708,G 1960,activity_2574,2025-02-07T00:00:00Z,Central Midfielder,null,741.2628984040317,4,5.59772228494702,181,77,1998-03-22
48463,period_830,TAC 2528,activity_477,2025-04-30T00:00:00Z,Central Midfielder,null,1484.7301865628958,3,16.57102317145484,181,77,1998-03-22
48463,period_2558,G 1960,activity_3614,2025-04-12T00:00:00Z,Central Midfielder,null,1588.2933138969981,2,0,181,77,1998-03-22
48463,period_1641,G 1960,activity_2955,2025-01-15T00:00:00Z,Central Midfielder,null,891.4684666441002,6,13.074688200627813,181,77,1998-03-22
48463,period_522,BP 1822,activity_1389,2024-12-16T00:00:00Z,Central Midfielder,null,2281.4210764271656,1,9.985610502158861,181,77,1998-03-22
48463,period_4128,BP 2654,activity_1945,2025-03-10T00:00:00Z,Central Midfielder,null,959.1900738916505,4,0,181,77,1998-03-22
48463,period_4496,G 1960,activity_4335,2025-05-03T00:00:00Z,Central Midfielder,null,1139.5041542326676,8,14.229627343939393,181,77,1998-03-22
48463,period_2108,TAC 0133,activity_4407,2025-04-04T00:00:00Z,Central Midfielder,null,1905.749977474783,11,0,181,77,1998-03-22
48463,period_2558,G 1960,activity_3040,2025-05-13T00:00:00Z,Central Midfielder,null,635.5746120379795,6,0,181,77,1998-03-22
48463,period_1526,BP 2351,activity_1973,2025-03-08T00:00:00Z,Central Midfielder,null,404.90040278489175,0,0,181,77,1998-03-22
48463,period_3221,TAC 5940,activity_874,2024-11-03T00:00:00Z,Central Midfielder,null,1235.8248538466341,2,0,181,77,1998-03-22
48463,period_1192,BP 2351,activity_789,2024-08-22T00:00:00Z,Central Midfielder,null,697.3345906522774,4,11.51071815033119,181,77,1998-03-22
48463,period_578,BP 4893,activity_4122,2025-01-08T00:00:00Z,Central Midfielder,null,549.4792872733235,4,0,181,77,1998-03-22
48463,period_1872,TAC 7525,activity_4335,2025-05-03T00:00:00Z,Central Midfielder,null,730.1024984750812,3,0,181,77,1998-03-22
48463,period_3129,TEC 5341,activity_3357,2025-04-25T00:00:00Z,Central Midfielder,null,237.85732226547287,0,0,181,77,1998-03-22
48463,period_1778,G 1960,activity_3623,2024-09-27T00:00:00Z,Central Midfielder,null,1633.304588472012,1,0,181,77,1998-03-22
48463,period_2341,TAC 7525,activity_4454,2024-12-13T00:00:00Z,Central Midfielder,null,281.53571695677374,5,63.498156308299556,181,77,1998-03-22
48463,period_1284,TAC 3056,activity_4436,2024-08-23T00:00:00Z,Central Midfielder,null,438.64861047679415,1,0,181,77,1998-03-22
48463,period_2149,TEC 5098,activity_2210,2025-05-16T00:00:00Z,Central Midfielder,null,243.25533044102104,0,0,181,77,1998-03-22
48463,period_2390,TAC 0133,activity_1951,2025-04-19T00:00:00Z,Central Midfielder,null,507.77628242967825,7,0,181,77,1998-03-22
48463,period_1565,TAC 7525,activity_3243,2025-03-11T00:00:00Z,Central Midfielder,null,2574.0680437641536,1,40.358171773200986,181,77,1998-03-22
48463,period_2438,BP 2351,activity_2516,2025-04-10T00:00:00Z,Central Midfielder,null,1038.4701453286632,5,0,181,77,1998-03-22
48463,period_874,G 1960,activity_2601,2024-12-21T00:00:00Z,Central Midfielder,null,1080.2903918111097,6,14.745950318343413,181,77,1998-03-22
48463,period_865,TAC 0133,activity_2955,2025-01-15T00:00:00Z,Central Midfielder,null,931.2095054584951,1,89.04516375032539,181,77,1998-03-22
48463,period_1061,BP 8350,activity_3907,2025-05-08T00:00:00Z,Central Midfielder,null,2160.7232187362906,2,0,181,77,1998-03-22
48463,period_2628,G 1960,activity_4122,2025-01-08T00:00:00Z,Central Midfielder,null,1497.0090149474004,5,29.57516877814963,181,77,1998-03-22
48463,period_1585,TAC 0133,activity_2593,2024-10-18T00:00:00Z,Central Midfielder,null,2215.0515988507473,1,13.96392169458,181,77,1998-03-22
48463,period_4438,G 3164,activity_202,2025-03-30T00:00:00Z,Central Midfielder,null,1236.7434952574615,1,5.436081562447351,181,77,1998-03-22
48463,period_944,TAC 7848,activity_4744,2025-05-09T00:00:00Z,Central Midfielder,null,1922.9008222878322,1,0,181,77,1998-03-22
48463,period_4993,G 1960,activity_3243,2025-03-11T00:00:00Z,Central Midfielder,null,591.5859589774193,2,0,181,77,1998-03-22
48463,period_2953,G 1960,activity_4454,2024-12-13T00:00:00Z,Central Midfielder,null,1402.8531424913397,6,12.709400723704636,181,77,1998-03-22
48463,period_4369,G 3164,activity_823,2025-05-01T00:00:00Z,Central Midfielder,null,1071.4511930346694,7,22.85682290554596,181,77,1998-03-22
48463,period_3578,G 1960,activity_3638,2024-08-17T00:00:00Z,Central Midfielder,null,2600.5401779416206,6,52.40669780882569,181,77,1998-03-22
48463,period_2831,G 5931,activity_4299,2025-04-11T00:00:00Z,Central Midfielder,null,2069.5006112952656,6,0,181,77,1998-03-22
48463,period_3998,TAC 0133,activity_4433,2024-08-28T00:00:00Z,Central Midfielder,null,1021.0615679726834,1,7.250993880391066,181,77,1998-03-22
48463,period_2500,G 3164,activity_1945,2025-03-10T00:00:00Z,Central Midfielder,null,957.8105826908471,3,0,181,77,1998-03-22
48463,period_4611,TAC 0133,activity_1859,2025-03-31T00:00:00Z,Central Midfielder,null,2053.632866630483,1,30.76438806669473,181,77,1998-03-22
48463,period_2586,TAC 5940,activity_3532,2024-09-16T00:00:00Z,Central Midfielder,null,1949.8346359287505,0,0,181,77,1998-03-22
48463,period_3506,TEC 5341,activity_1415,2025-05-07T00:00:00Z,Central Midfielder,null,197.9523504894399,0,0,181,77,1998-03-22
48463,period_1456,BP 2351,activity_1951,2025-04-19T00:00:00Z,Central Midfielder,null,916.6667683476676,0,0,181,77,1998-03-22
48463,period_2644,G 7940,activity_202,2025-03-30T00:00:00Z,Central Midfielder,null,707.2046973988543,4,0,181,77,1998-03-22
48463,period_3707,G 1960,activity_4304,2024-09-13T00:00:00Z,Central Midfielder,null,1798.884791463025,3,0,181,77,1998-03-22
48463,period_1607,G 3218,activity_2423,2025-01-01T00:00:00Z,Central Midfielder,null,1413.860129108159,1,5.792279217970048,181,77,1998-03-22
48463,period_3070,G 1960,activity_3532,2024-09-16T00:00:00Z,Central Midfielder,null,1982.6104224715423,6,30.1618824061311,181,77,1998-03-22
48463,period_2155,TAC 0133,activity_3105,2025-01-18T00:00:00Z,Central Midfielder,null,1258.4270954770643,2,30.650437658867386,181,77,1998-03-22
48463,period_1415,TAC 5940,activity_1415,2025-05-07T00:00:00Z,Central Midfielder,null,2035.3206561901059,6,12.341864713922526,181,77,1998-03-22
48463,period_2331,BP 7816,activity_1389,2024-12-16T00:00:00Z,Central Midfielder,null,955.1952110604085,0,0,181,77,1998-03-22
48463,period_650,TAC 0133,activity_3357,2025-04-25T00:00:00Z,Central Midfielder,null,1716.0811173661182,5,54.09324807145047,181,77,1998-03-22
48463,period_3250,G 1960,activity_2877,2025-04-22T00:00:00Z,Central Midfielder,null,3117.164419540467,16,36.037824576645065,181,77,1998-03-22
48463,period_473,TEC 7376,activity_911,2025-04-03T00:00:00Z,Central Midfielder,null,364.66133261740345,3,0,181,77,1998-03-22
48463,period_3306,G 1960,activity_1973,2025-03-08T00:00:00Z,Central Midfielder,null,1735.544026202737,2,11.752313814888048,181,77,1998-03-22
48463,period_2180,TAC 0133,activity_1415,2025-05-07T00:00:00Z,Central Midfielder,null,802.5322824319936,5,0,181,77,1998-03-22
48463,period_350,TAC 0133,activity_3943,2024-08-10T00:00:00Z,Central Midfielder,null,476.92445555863657,3,0,181,77,1998-03-22
48463,period_3087,BP 3930,activity_4067,2024-09-26T00:00:00Z,Central Midfielder,null,1197.199175936018,0,0,181,77,1998-03-22
48463,period_2041,TAC 5940,activity_823,2025-05-01T00:00:00Z,Central Midfielder,null,1240.8158158223719,5,35.04731355382768,181,77,1998-03-22
48463,period_362,TAC 0133,activity_4436,2024-08-23T00:00:00Z,Central Midfielder,null,3079.5502338743618,4,61.101325761136614,181,77,1998-03-22
48463,period_1862,BP 6247,activity_2249,2024-08-08T00:00:00Z,Central Midfielder,null,294.9543785165748,0,47.60904106043523,181,77,1998-03-22
48463,period_2954,BP 1043,activity_1022,2025-04-18T00:00:00Z,Central Midfielder,null,464.93521179271755,0,0,181,77,1998-03-22
48463,period_4726,G 3218,activity_1022,2025-04-18T00:00:00Z,Central Midfielder,null,1478.516110061507,12,23.726164211871783,181,77,1998-03-22
48463,period_2249,G 3863,activity_789,2024-08-22T00:00:00Z,Central Midfielder,null,1088.1999635983807,5,0,181,77,1998-03-22
48463,period_3206,BP 1615,activity_1061,2024-12-31T00:00:00Z,Central Midfielder,null,1358.736471008264,0,0,181,77,1998-03-22
48463,period_4782,TAC 0133,activity_3638,2024-08-17T00:00:00Z,Central Midfielder,null,404.46034508368297,11,26.737203556987424,181,77,1998-03-22
48463,period_3564,G 3218,activity_1061,2024-12-31T00:00:00Z,Central Midfielder,null,1212.1512514212272,11,11.54925317109334,181,77,1998-03-22
48463,period_2758,TAC 7525,activity_4744,2025-05-09T00:00:00Z,Central Midfielder,null,1243.7565187625073,4,36.56365325922822,181,77,1998-03-22
48463,period_4584,G 4139,activity_1945,2025-03-10T00:00:00Z,Central Midfielder,null,1811.7892692553676,0,39.23944932538092,181,77,1998-03-22
48463,period_3077,TAC 0133,activity_599,2025-04-15T00:00:00Z,Central Midfielder,null,722.4491803447972,4,16.99114746559597,181,77,1998-03-22
48463,period_1683,BP 2351,activity_1389,2024-12-16T00:00:00Z,Central Midfielder,null,342.7392216340347,0,0,181,77,1998-03-22
48463,period_663,G 0184,activity_2249,2024-08-08T00:00:00Z,Central Midfielder,null,2562.793044287042,1,0,181,77,1998-03-22
48463,period_4041,TAC 2764,activity_465,2025-03-14T00:00:00Z,Central Midfielder,null,641.4102688801534,6,0,181,77,1998-03-22
48463,period_298,BP 5787,activity_4251,2025-05-21T00:00:00Z,Central Midfielder,null,387.060363567261,5,0,181,77,1998-03-22
48463,period_2361,TAC 7525,activity_2877,2025-04-22T00:00:00Z,Central Midfielder,null,1461.113071729373,4,0,181,77,1998-03-22
48463,period_1493,TAC 0133,activity_4436,2024-08-23T00:00:00Z,Central Midfielder,null,649.6284169157128,3,4.488417400026917,181,77,1998-03-22
48463,period_4037,G 7015,activity_486,2024-08-11T00:00:00Z,Central Midfielder,null,1559.7685882931644,2,55.05034300485683,181,77,1998-03-22
48463,period_4986,BP 3116,activity_465,2025-03-14T00:00:00Z,Central Midfielder,null,657.0601371887078,2,0,181,77,1998-03-22
48463,period_2175,BP 2351,activity_2366,2025-03-28T00:00:00Z,Central Midfielder,null,421.31581647446467,2,0,181,77,1998-03-22
48463,period_1682,TEC 5667,activity_202,2025-03-30T00:00:00Z,Central Midfielder,null,293.2562460722743,0,0,181,77,1998-03-22
48463,period_1434,BP 4303,activity_477,2025-04-30T00:00:00Z,Central Midfielder,null,578.7618036410822,2,19.025095159591153,181,77,1998-03-22
48463,period_3585,TAC 7525,activity_2601,2024-12-21T00:00:00Z,Central Midfielder,null,886.7696252892459,0,0,181,77,1998-03-22
48463,period_1093,G 1960,activity_599,2025-04-15T00:00:00Z,Central Midfielder,null,530.5167226272498,4,22.528908497349754,181,77,1998-03-22
48463,period_4233,TAC 0133,activity_2366,2025-03-28T00:00:00Z,Central Midfielder,null,2218.1025211154224,10,0,181,77,1998-03-22
48463,period_2876,TAC 0133,activity_486,2024-08-11T00:00:00Z,Central Midfielder,null,432.04804545811163,3,0,181,77,1998-03-22
48463,period_1764,TAC 0133,activity_4304,2024-09-13T00:00:00Z,Central Midfielder,null,522.6358649249837,0,19.098042104076338,181,77,1998-03-22
48463,period_2331,BP 5787,activity_2210,2025-05-16T00:00:00Z,Central Midfielder,null,996.3382926450342,7,0,181,77,1998-03-22
48463,period_1768,TAC 1326,activity_4299,2025-04-11T00:00:00Z,Central Midfielder,null,798.247517915245,2,0,181,77,1998-03-22
48463,period_3357,null,activity_2421,2025-05-11T00:00:00Z,Central Midfielder,1,963.6895726350137,3,35.615299928300594,181,77,1998-03-22
48463,period_2060,null,activity_4216,2024-09-14T00:00:00Z,Central Midfielder,1,1686.1531990345743,3,16.48077423039688,181,77,1998-03-22
48463,period_2574,null,activity_2071,2025-04-26T00:00:00Z,Central Midfielder,1,1542.4023017498907,9,34.83044379880384,181,77,1998-03-22
48463,period_2210,null,activity_1284,2024-11-27T00:00:00Z,Central Midfielder,1,1620.818800743514,3,44.42123046691773,181,77,1998-03-22
48463,period_958,null,activity_1106,2025-01-25T00:00:00Z,Central Midfielder,1,2107.3535580453863,6,10.229178764543212,181,77,1998-03-22
48463,period_1973,null,activity_2390,2025-06-26T00:00:00Z,Central Midfielder,1,1268.7606493156975,5,26.296558861280957,181,77,1998-03-22
48463,period_1230,null,activity_939,2025-05-24T00:00:00Z,Central Midfielder,1,1278.3173110538605,5,16.127312258669367,181,77,1998-03-22
48463,period_2995,null,activity_4037,2024-11-09T00:00:00Z,Central Midfielder,1,1519.5639759361384,7,40.622366778541,181,77,1998-03-22
48463,period_1501,null,activity_3585,2025-02-15T00:00:00Z,Central Midfielder,1,2176.3096195150406,7,52.61919827258663,181,77,1998-03-22
48463,period_1389,null,activity_3352,2024-08-18T00:00:00Z,Central Midfielder,1,1359.4817207852607,5,0,181,77,1998-03-22
48463,period_4655,null,activity_1778,2024-09-21T00:00:00Z,Central Midfielder,1,7831.834146912569,3,56.34907589324286,181,77,1998-03-22
48463,period_4744,null,activity_461,2025-05-18T00:00:00Z,Central Midfielder,1,1705.1158201436522,2,92.00190120788716,181,77,1998-03-22
48463,period_4699,null,activity_929,2024-10-02T00:00:00Z,Central Midfielder,1,2732.489312182037,6,5.703155432216318,181,77,1998-03-22
48463,period_4251,null,activity_2583,2025-04-20T00:00:00Z,Central Midfielder,1,1424.5179011721539,5,47.34756670272314,181,77,1998-03-22
48463,period_4454,null,activity_4067,2024-12-14T00:00:00Z,Central Midfielder,1,1526.1193283988036,7,3.4148403663627214,181,77,1998-03-22
48463,period_3638,null,activity_2158,2025-04-01T00:00:00Z,Central Midfielder,1,1407.7169359424795,4,34.58051052779614,181,77,1998-03-22
48463,period_4764,null,activity_3506,2025-04-08T00:00:00Z,Central Midfielder,1,1057.0689093058904,7,19.966600573351982,181,77,1998-03-22
48463,period_3299,null,activity_4800,2024-12-07T00:00:00Z,Central Midfielder,1,612.6711826047006,10,64.39081046539025,181,77,1998-03-22
48463,period_359,null,activity_944,2025-02-19T00:00:00Z,Central Midfielder,1,1510.7209584391067,8,35.50281344192907,181,77,1998-03-22
48463,period_486,null,activity_1434,2025-02-01T00:00:00Z,Central Midfielder,1,2424.328643301288,7,63.36776203528977,181,77,1998-03-22
48463,period_3516,null,activity_3564,2025-01-12T00:00:00Z,Central Midfielder,1,1505.7821960688877,5,57.129875119680605,181,77,1998-03-22
48463,period_599,null,activity_2102,2025-06-18T00:00:00Z,Central Midfielder,1,939.1678979733251,6,39.13705363119173,181,77,1998-03-22
48463,period_3243,null,activity_2831,2025-01-22T00:00:00Z,Central Midfielder,1,1538.6392150953488,8,19.387616521238925,181,77,1998-03-22
48463,period_3623,null,activity_1872,2025-01-19T00:00:00Z,Central Midfielder,1,1839.6735447563199,1,58.46505231591815,181,77,1998-03-22
48463,period_4137,null,activity_2405,2024-10-22T00:00:00Z,Central Midfielder,1,1374.5354449974502,5,5.2371915789299015,181,77,1998-03-22
48463,period_202,null,activity_4208,2025-02-08T00:00:00Z,Central Midfielder,1,1488.8518151905498,5,27.829816020746964,181,77,1998-03-22
48463,period_1473,null,activity_551,2025-03-29T00:00:00Z,Central Midfielder,1,1836.2694347362071,2,34.896030029852724,181,77,1998-03-22
48463,period_1059,null,activity_2758,2024-11-24T00:00:00Z,Central Midfielder,1,1007.3410194002646,6,6.43667003354846,181,77,1998-03-22
48463,period_4581,null,activity_525,2025-03-09T00:00:00Z,Central Midfielder,1,1123.4890052625094,4,2.990571249206976,181,77,1998-03-22
48463,period_477,null,activity_1862,2025-06-22T00:00:00Z,Central Midfielder,1,1495.130421986361,4,0,181,77,1998-03-22
48463,period_4335,null,activity_2300,2024-08-29T00:00:00Z,Central Midfielder,1,1343.7632360047894,7,29.76609344152188,181,77,1998-03-22
48463,period_1060,null,activity_1526,2025-04-23T00:00:00Z,Central Midfielder,1,1015.3646938691736,11,29.42467707094112,181,77,1998-03-22
48463,period_1951,null,activity_1585,2025-03-04T00:00:00Z,Central Midfielder,1,712.975416656864,5,54.5056548594472,181,77,1998-03-22
48463,period_1431,null,activity_1456,2024-11-05T00:00:00Z,Central Midfielder,1,1241.2001061539438,4,28.528896352521226,181,77,1998-03-22
48463,period_109,null,activity_2511,2025-02-05T00:00:00Z,Central Midfielder,1,1303.8550664228376,4,15.544320407095528,181,77,1998-03-22
48463,period_789,null,activity_4496,2024-09-24T00:00:00Z,Central Midfielder,1,1597.6983855980372,4,17.046453266159155,181,77,1998-03-22
48463,period_3105,null,activity_1093,2024-09-29T00:00:00Z,Central Midfielder,1,2018.6134612569485,5,1.630341464872539,181,77,1998-03-22
48463,period_4690,null,activity_883,2024-12-04T00:00:00Z,Central Midfielder,1,1575.5267242345258,7,16.94640148207302,181,77,1998-03-22
48463,period_1859,null,activity_3591,2025-01-16T00:00:00Z,Central Midfielder,1,1629.2417870041247,4,13.062712863694836,181,77,1998-03-22
48463,period_2160,null,activity_26,2025-04-13T00:00:00Z,Central Midfielder,1,681.2885418040642,5,21.441583599449334,181,77,1998-03-22
48463,period_1555,null,activity_4155,2025-03-15T00:00:00Z,Central Midfielder,1,1440.924975708783,5,4.496056369011559,181,77,1998-03-22
48463,period_3493,null,activity_1612,2024-12-10T00:00:00Z,Central Midfielder,1,1595.0921888183314,14,52.60193907297905,181,77,1998-03-22
48463,period_2761,null,activity_2894,2025-04-16T00:00:00Z,Central Midfielder,1,1914.5357203816839,3,0,181,77,1998-03-22
48463,period_4304,null,activity_865,2024-10-05T00:00:00Z,Central Midfielder,1,2376.8040354977347,11,7.514564494968412,181,77,1998-03-22
48463,period_3385,null,activity_3285,2024-09-17T00:00:00Z,Central Midfielder,1,1539.844444549363,5,33.36862538260076,181,77,1998-03-22
48463,period_2423,null,activity_4443,2024-08-25T00:00:00Z,Central Midfielder,1,1540.7942486233535,4,29.321329031169057,181,77,1998-03-22
48463,period_823,null,activity_146,2024-10-26T00:00:00Z,Central Midfielder,1,826.3700536897037,9,14.392587918246686,181,77,1998-03-22
48463,period_2593,null,activity_2152,2025-01-03T00:00:00Z,Central Midfielder,1,1727.834586749078,5,20.69012153230534,181,77,1998-03-22
48463,period_1924,null,activity_650,2024-12-18T00:00:00Z,Central Midfielder,1,646.2814410573036,4,105.52297851528641,181,77,1998-03-22
48463,period_4436,null,activity_3206,2025-01-29T00:00:00Z,Central Midfielder,1,1368.4069236241955,6,20.93032316191355,181,77,1998-03-22
48463,period_3943,null,activity_2558,2025-02-11T00:00:00Z,Central Midfielder,1,885.4215056908213,5,51.49640068193667,181,77,1998-03-22
48463,period_465,null,activity_1565,2025-05-14T00:00:00Z,Central Midfielder,1,565.643455864072,7,42.86737599284693,181,77,1998-03-22
48463,period_2655,null,activity_2614,2025-03-12T00:00:00Z,Central Midfielder,1,1417.0783475271546,5,17.831783245674828,181,77,1998-03-22
48463,period_4299,null,activity_432,2024-10-19T00:00:00Z,Central Midfielder,1,1022.858280738502,5,6.092159237979631,181,77,1998-03-22
48463,period_4651,null,activity_1493,2024-09-01T00:00:00Z,Central Midfielder,1,1783.4768773587398,7,13.533951462155862,181,77,1998-03-22
48463,period_4208,null,activity_473,2025-01-09T00:00:00Z,Central Midfielder,1,1568.8956185637212,4,0,181,77,1998-03-22
48463,period_1022,null,activity_562,2024-12-22T00:00:00Z,Central Midfielder,1,1517.2366282101352,10,63.14021862851051,181,77,1998-03-22
48463,period_2955,null,activity_2985,2025-05-04T00:00:00Z,Central Midfielder,1,1509.488039024959,6,35.382441934948254,181,77,1998-03-22
48463,period_4433,null,activity_4602,2025-04-05T00:00:00Z,Central Midfielder,1,897.0294462245286,7,7.427469518622898,181,77,1998-03-22
48463,period_3907,null,activity_3834,2024-12-01T00:00:00Z,Central Midfielder,1,6349.277102812735,5,13.798126508964685,181,77,1998-03-22
48463,period_4366,G 1960,activity_4407,2025-04-04T00:00:00Z,Central Midfielder,null,1153.354264962354,5,0,181,77,1998-03-22
48463,period_1061,TAC 0133,activity_3623,2024-09-27T00:00:00Z,Central Midfielder,null,1119.122090961799,2,9.489428574413003,181,77,1998-03-22
48463,period_3261,G 3863,activity_477,2025-04-30T00:00:00Z,Central Midfielder,null,1358.1270832981431,9,2.3236198596662625,181,77,1998-03-22
48463,period_4753,BP 1849,activity_2516,2025-04-10T00:00:00Z,Central Midfielder,null,1978.944660346232,0,0,181,77,1998-03-22
48463,period_4147,TAC 7525,activity_3357,2025-04-25T00:00:00Z,Central Midfielder,null,1894.2808254761326,1,6.295776750853361,181,77,1998-03-22
48463,period_1471,TAC 3056,activity_2423,2025-01-01T00:00:00Z,Central Midfielder,null,2957.2308628333567,0,0,181,77,1998-03-22
48463,period_2337,TEC 9696,activity_3493,2025-05-10T00:00:00Z,Central Midfielder,null,369.4492485297682,0,0,181,77,1998-03-22
48463,period_1955,TEC 5341,activity_1022,2025-04-18T00:00:00Z,Central Midfielder,null,209.95724554310004,2,0,181,77,1998-03-22
48463,period_3352,TAC 0133,activity_2761,2025-03-03T00:00:00Z,Central Midfielder,null,566.3169613057923,2,9.023822436567752,181,77,1998-03-22
48463,period_3468,G 1960,activity_75,2025-02-22T00:00:00Z,Central Midfielder,null,1208.6334854436911,6,31.664271781249386,181,77,1998-03-22
48463,period_3812,G 1960,activity_4436,2024-08-23T00:00:00Z,Central Midfielder,null,2245.297499164957,5,0,181,77,1998-03-22
48463,period_625,TAC 0133,activity_2655,2025-02-04T00:00:00Z,Central Midfielder,null,1376.2809609946435,4,0,181,77,1998-03-22
48463,period_390,BP 2351,activity_1061,2024-12-31T00:00:00Z,Central Midfielder,null,208.48021851828906,2,42.281676459152024,181,77,1998-03-22
48463,period_1612,TEC 5341,activity_2249,2024-08-08T00:00:00Z,Central Midfielder,null,155.75746320144012,0,0,181,77,1998-03-22
48463,period_1819,G 1960,activity_4433,2024-08-28T00:00:00Z,Central Midfielder,null,1068.49291502631,9,0,181,77,1998-03-22
48463,period_2071,G 1960,activity_3493,2025-05-10T00:00:00Z,Central Midfielder,null,4756.402231553296,2,5.362929365993873,181,77,1998-03-22
48463,period_1693,BP 8346,activity_477,2025-04-30T00:00:00Z,Central Midfielder,null,522.8242039606029,3,0,181,77,1998-03-22
48463,period_4407,G 1669,activity_2423,2025-01-01T00:00:00Z,Central Midfielder,null,537.320430852753,9,42.91855480790586,181,77,1998-03-22
48463,period_4754,G 1960,activity_2366,2025-03-28T00:00:00Z,Central Midfielder,null,1346.3710104470088,9,11.63322087953773,181,77,1998-03-22
48463,period_4717,G 1960,activity_2593,2024-10-18T00:00:00Z,Central Midfielder,null,3440.246754018866,7,32.93323242756981,181,77,1998-03-22
48463,period_3834,G 3473,activity_1951,2025-04-19T00:00:00Z,Central Midfielder,null,1203.9452585301901,11,0,181,77,1998-03-22
48463,period_425,G 1960,activity_3385,2025-02-14T00:00:00Z,Central Midfielder,null,1195.6809002339448,15,0,181,77,1998-03-22
48463,period_4318,G 8095,activity_2210,2025-05-16T00:00:00Z,Central Midfielder,null,1021.332299232393,1,46.06967516676828,181,77,1998-03-22
48463,period_4540,G 5931,activity_823,2025-05-01T00:00:00Z,Central Midfielder,null,621.0919757614109,8,10.883695791971112,181,77,1998-03-22
48463,period_3614,G 5931,activity_109,2024-11-30T00:00:00Z,Central Midfielder,null,952.9138197611081,10,28.85016895103967,181,77,1998-03-22
48463,period_75,G 9283,activity_911,2025-04-03T00:00:00Z,Central Midfielder,null,3495.5302099593823,14,11.680063074613049,181,77,1998-03-22
48463,period_525,TAC 7525,activity_4208,2025-05-02T00:00:00Z,Central Midfielder,null,1548.9641938885998,4,0,181,77,1998-03-22
48463,period_1923,TEC 5341,activity_4436,2024-08-23T00:00:00Z,Central Midfielder,null,186.67964705204668,9,0,181,77,1998-03-22
48463,period_4270,G 7015,activity_486,2024-08-11T00:00:00Z,Central Midfielder,null,901.7258296575584,11,31.839929554281966,181,77,1998-03-22
48463,period_2228,G 1960,activity_1473,2025-05-17T00:00:00Z,Central Midfielder,null,1822.0122040992137,6,0,181,77,1998-03-22
48463,period_75,TEC 9696,activity_4208,2025-05-02T00:00:00Z,Central Midfielder,null,269.111339640286,0,0,181,77,1998-03-22
48463,period_4703,TAC 0133,activity_2574,2025-02-07T00:00:00Z,Central Midfielder,null,372.3103953766277,8,0,181,77,1998-03-22
48463,period_2474,TAC 3056,activity_4436,2024-08-23T00:00:00Z,Central Midfielder,null,889.5307976526016,4,0,181,77,1998-03-22
48463,period_4122,G 1960,activity_3357,2025-04-25T00:00:00Z,Central Midfielder,null,1174.604238108665,14,55.2008243395034,181,77,1998-03-22
48463,period_2717,TAC 0133,activity_3907,2025-05-08T00:00:00Z,Central Midfielder,null,5098.551706980059,2,41.76381569720482,181,77,1998-03-22
48463,period_2158,G 1960,activity_1859,2025-03-31T00:00:00Z,Central Midfielder,null,722.9595439740184,2,56.49502933012046,181,77,1998-03-22
48463,period_190,G 3218,activity_4067,2024-09-26T00:00:00Z,Central Midfielder,null,609.88570819243,7,43.57974530836371,181,77,1998-03-22
48463,period_3591,BP 2351,activity_599,2025-04-15T00:00:00Z,Central Midfielder,null,1483.792838032996,3,0,181,77,1998-03-22
48463,period_1683,G 5931,activity_2060,2025-05-22T00:00:00Z,Central Midfielder,null,1439.303187035155,13,4.931358531397101,181,77,1998-03-22
48463,period_2985,BP 4893,activity_3943,2024-08-10T00:00:00Z,Central Midfielder,null,782.1968705320218,2,0,181,77,1998-03-22
11983,period_2953,G 1960,activity_4454,2024-12-13T00:00:00Z,Central Midfielder,null,2298.5816721443716,5,0,172,66,1985-11-07
11983,period_26,G 8281,activity_1060,2025-02-21T00:00:00Z,Central Midfielder,null,286.7668340418092,5,23.090084193023774,172,66,1985-11-07
11983,period_1683,G 5931,activity_2060,2025-05-22T00:00:00Z,Central Midfielder,null,1662.3555813381279,6,0,172,66,1985-11-07
11983,period_2341,TAC 7525,activity_4454,2024-12-13T00:00:00Z,Central Midfielder,null,1191.758454755543,4,0,172,66,1985-11-07
11983,period_4754,G 1960,activity_2366,2025-03-28T00:00:00Z,Central Midfielder,null,1448.8161278957093,11,0,172,66,1985-11-07
11983,period_1493,TAC 0133,activity_4436,2024-08-23T00:00:00Z,Central Midfielder,null,702.022650522717,2,0,172,66,1985-11-07
11983,period_4037,G 7015,activity_486,2024-08-11T00:00:00Z,Central Midfielder,null,603.0541266329122,2,0,172,66,1985-11-07
11983,period_4703,TAC 0133,activity_2574,2025-02-07T00:00:00Z,Central Midfielder,null,1603.1385297515071,7,0,172,66,1985-11-07
11983,period_2041,TAC 5940,activity_823,2025-05-01T00:00:00Z,Central Midfielder,null,2273.5210349714553,2,43.81498246964977,172,66,1985-11-07
11983,period_2175,BP 2351,activity_2366,2025-03-28T00:00:00Z,Central Midfielder,null,403.02753808617746,0,0,172,66,1985-11-07
11983,period_873,G 1960,activity_1924,2025-02-28T00:00:00Z,Central Midfielder,null,638.4347547840491,3,0,172,66,1985-11-07
11983,period_3226,G 1960,activity_1555,2024-08-02T00:00:00Z,Central Midfielder,null,1124.5531492366426,3,33.80151751276562,172,66,1985-11-07
11983,period_4726,G 3218,activity_1022,2025-04-18T00:00:00Z,Central Midfielder,null,1158.3022206517267,2,0,172,66,1985-11-07
11983,period_2331,BP 7816,activity_1389,2024-12-16T00:00:00Z,Central Midfielder,null,1036.8036417861235,5,23.242889225898328,172,66,1985-11-07
11983,period_1526,BP 2351,activity_1973,2025-03-08T00:00:00Z,Central Midfielder,null,1861.0979798961328,2,0,172,66,1985-11-07
11983,period_1471,TAC 3056,activity_2423,2025-01-01T00:00:00Z,Central Midfielder,null,1813.4777080653691,3,20.52335696842753,172,66,1985-11-07
11983,period_1093,G 1960,activity_599,2025-04-15T00:00:00Z,Central Midfielder,null,1136.8608508127588,5,0.9532376515141319,172,66,1985-11-07
11983,period_2331,BP 5787,activity_2210,2025-05-16T00:00:00Z,Central Midfielder,null,296.86784116624864,6,0,172,66,1985-11-07
11983,period_2972,G 0184,activity_2995,2024-08-26T00:00:00Z,Central Midfielder,null,2037.8309659145036,2,7.60641640208081,172,66,1985-11-07
11983,period_4489,G 8281,activity_4067,2024-09-26T00:00:00Z,Central Midfielder,null,1593.6397964335185,6,37.3403077220278,172,66,1985-11-07
11983,period_1872,TAC 7525,activity_4335,2025-05-03T00:00:00Z,Central Midfielder,null,1299.5925981560504,4,0,172,66,1985-11-07
11983,period_830,TAC 2528,activity_477,2025-04-30T00:00:00Z,Central Midfielder,null,2602.6055499646186,4,0,172,66,1985-11-07
11983,period_3306,G 1960,activity_1973,2025-03-08T00:00:00Z,Central Midfielder,null,2087.662411563116,1,20.518820243176418,172,66,1985-11-07
11983,period_2558,G 1960,activity_3614,2025-04-12T00:00:00Z,Central Midfielder,null,1136.9505228059218,4,0,172,66,1985-11-07
11983,period_4369,G 3164,activity_823,2025-05-01T00:00:00Z,Central Midfielder,null,1487.963393760095,10,0,172,66,1985-11-07
11983,period_2071,G 1960,activity_3493,2025-05-10T00:00:00Z,Central Midfielder,null,1795.308970555167,3,21.57178277802439,172,66,1985-11-07
11983,period_4407,G 1669,activity_2423,2025-01-01T00:00:00Z,Central Midfielder,null,749.0427815626803,5,108.78349483137575,172,66,1985-11-07
11983,period_1284,TAC 3056,activity_4436,2024-08-23T00:00:00Z,Central Midfielder,null,1097.2042305979376,4,12.039071184993574,172,66,1985-11-07
11983,period_2149,TEC 5098,activity_2210,2025-05-16T00:00:00Z,Central Midfielder,null,142.7292961654237,0,17.675757851350866,172,66,1985-11-07
11983,period_2390,TAC 0133,activity_1951,2025-04-19T00:00:00Z,Central Midfielder,null,1704.0946845088006,3,0,172,66,1985-11-07
11983,period_174,BP 1031,activity_3243,2024-10-17T00:00:00Z,Central Midfielder,null,1051.6893346966335,3,0,172,66,1985-11-07
11983,period_3834,G 3473,activity_1951,2025-04-19T00:00:00Z,Central Midfielder,null,2350.540460242734,6,0,172,66,1985-11-07
11983,period_4611,TAC 0133,activity_1859,2025-03-31T00:00:00Z,Central Midfielder,null,1754.8890284114448,5,0.9468014486331192,172,66,1985-11-07
11983,period_3001,G 1960,activity_96,2025-02-25T00:00:00Z,Central Midfielder,null,477.2308926307935,5,8.418059369544606,172,66,1985-11-07
11983,period_4187,TAC 7525,activity_2877,2025-04-22T00:00:00Z,Central Midfielder,null,585.1157518893505,5,20.523970222635835,172,66,1985-11-07
11983,period_2558,G 1960,activity_3040,2025-05-13T00:00:00Z,Central Midfielder,null,1235.5997264457908,5,10.173832453548778,172,66,1985-11-07
11983,period_865,TAC 0133,activity_2955,2025-01-15T00:00:00Z,Central Midfielder,null,1141.2487141084953,1,0,172,66,1985-11-07
11983,period_4834,G 3164,activity_3516,2025-04-24T00:00:00Z,Central Midfielder,null,742.9882162793624,7,0,172,66,1985-11-07
11983,period_3585,TAC 7525,activity_2601,2024-12-21T00:00:00Z,Central Midfielder,null,947.979192514081,0,10.93446385113042,172,66,1985-11-07
11983,period_934,TAC 2764,activity_3073,2025-05-06T00:00:00Z,Central Midfielder,null,2830.184332348322,11,0,172,66,1985-11-07
11983,period_3564,G 3218,activity_1061,2024-12-31T00:00:00Z,Central Midfielder,null,1468.6140967053557,2,24.056495174290713,172,66,1985-11-07
11983,period_2758,TAC 7525,activity_4744,2025-05-09T00:00:00Z,Central Midfielder,null,2264.0632725987925,5,4.4935068165515695,172,66,1985-11-07
11983,period_3250,G 1960,activity_2877,2025-04-22T00:00:00Z,Central Midfielder,null,1054.3619139582843,3,11.020804126036532,172,66,1985-11-07
11983,period_3352,TAC 0133,activity_2761,2025-03-03T00:00:00Z,Central Midfielder,null,304.5268246461891,0,21.962881886479224,172,66,1985-11-07
11983,period_1768,TAC 1326,activity_4299,2025-04-11T00:00:00Z,Central Midfielder,null,2388.5301781417124,0,0,172,66,1985-11-07
11983,period_578,BP 4893,activity_4122,2025-01-08T00:00:00Z,Central Midfielder,null,373.29846332114084,4,0,172,66,1985-11-07
11983,period_3582,G 5931,activity_3243,2024-10-17T00:00:00Z,Central Midfielder,null,2770.008590647636,11,2.4804066785440178,172,66,1985-11-07
11983,period_625,TAC 0133,activity_2655,2025-02-04T00:00:00Z,Central Midfielder,null,1434.4470869009263,0,0,172,66,1985-11-07
11983,period_2662,BP 9117,activity_4581,2024-08-01T00:00:00Z,Central Midfielder,null,1324.519409344799,0,0,172,66,1985-11-07
11983,period_4155,BP 1822,activity_1060,2025-02-21T00:00:00Z,Central Midfielder,null,600.6073012049908,1,0.5234066891043873,172,66,1985-11-07
11983,period_146,G 3164,activity_2423,2025-01-01T00:00:00Z,Central Midfielder,null,608.8138463854724,16,2.6927957882560136,172,66,1985-11-07
11983,period_99,G 7824,activity_3299,2025-02-27T00:00:00Z,Central Midfielder,null,1284.3695853897693,17,0,172,66,1985-11-07
11983,period_4143,G 5146,activity_4581,2024-08-01T00:00:00Z,Central Midfielder,null,1666.83646066734,3,0,172,66,1985-11-07
11983,period_3129,TEC 5341,activity_3357,2025-04-25T00:00:00Z,Central Midfielder,null,173.2381521787075,0,35.87890980965459,172,66,1985-11-07
11983,period_3591,BP 2351,activity_599,2025-04-15T00:00:00Z,Central Midfielder,null,1135.6138319680178,10,0,172,66,1985-11-07
11983,period_2614,TAC 0133,activity_96,2025-02-25T00:00:00Z,Central Midfielder,null,1327.5544205534131,5,0,172,66,1985-11-07
11983,period_75,TEC 9696,activity_4208,2025-05-02T00:00:00Z,Central Midfielder,null,177.4873987056826,0,0,172,66,1985-11-07
11983,period_3707,G 1960,activity_4304,2024-09-13T00:00:00Z,Central Midfielder,null,546.4473450051224,0,11.316257700773761,172,66,1985-11-07
11983,period_2421,BP 0518,activity_3073,2025-05-06T00:00:00Z,Central Midfielder,null,1185.9052622285503,0,8.95470203943085,172,66,1985-11-07
11983,period_3070,G 1960,activity_3532,2024-09-16T00:00:00Z,Central Midfielder,null,1091.0020178841762,6,0,172,66,1985-11-07
11983,period_1565,TAC 7525,activity_3243,2025-03-11T00:00:00Z,Central Midfielder,null,1022.7620372110854,0,0,172,66,1985-11-07
11983,period_362,TAC 0133,activity_4436,2024-08-23T00:00:00Z,Central Midfielder,null,691.0704768574725,10,0,172,66,1985-11-07
11983,period_3678,G 1960,activity_3907,2025-05-08T00:00:00Z,Central Midfielder,null,982.09386053021,4,28.82816172174396,172,66,1985-11-07
11983,period_2586,TAC 5940,activity_3532,2024-09-16T00:00:00Z,Central Midfielder,null,397.2402957231591,3,0,172,66,1985-11-07
11983,period_3988,BP 8299,activity_3516,2025-04-24T00:00:00Z,Central Midfielder,null,618.9851331686068,9,0,172,66,1985-11-07
11983,period_4496,G 1960,activity_4335,2025-05-03T00:00:00Z,Central Midfielder,null,2199.368451675686,1,0,172,66,1985-11-07
11983,period_3506,TEC 5341,activity_1415,2025-05-07T00:00:00Z,Central Midfielder,null,302.9981429121331,0,0,172,66,1985-11-07
11983,period_2155,TAC 0133,activity_3105,2025-01-18T00:00:00Z,Central Midfielder,null,1320.8218021718203,4,29.041831307663383,172,66,1985-11-07
11983,period_3285,BP 2351,activity_1554,2025-03-27T00:00:00Z,Central Midfielder,null,608.1718766197606,0,0.5075641426458906,172,66,1985-11-07
11983,period_483,BP 2654,activity_2160,2024-07-29T00:00:00Z,Central Midfielder,null,1096.1815143116175,7,0,172,66,1985-11-07
11983,period_3221,TAC 5940,activity_874,2024-11-03T00:00:00Z,Central Midfielder,null,1114.6228913162176,7,0,172,66,1985-11-07
11983,period_4993,G 1960,activity_3243,2025-03-11T00:00:00Z,Central Midfielder,null,1311.757078637941,18,0,172,66,1985-11-07
11983,period_473,TEC 7376,activity_911,2025-04-03T00:00:00Z,Central Midfielder,null,273.13336415004625,0,0,172,66,1985-11-07
11983,period_3790,TEC 7736,activity_1554,2025-03-27T00:00:00Z,Central Midfielder,null,410.78710302096755,0,0,172,66,1985-11-07
11983,period_4443,BP 2351,activity_1555,2024-08-02T00:00:00Z,Central Midfielder,null,691.5237526409168,4,3.735667852970692,172,66,1985-11-07
11983,period_1370,G 8963,activity_1415,2025-05-07T00:00:00Z,Central Midfielder,null,599.1485612115601,6,0,172,66,1985-11-07
11983,period_4986,BP 3116,activity_465,2025-03-14T00:00:00Z,Central Midfielder,null,1060.4073910574211,2,0,172,66,1985-11-07
11983,period_995,BP 8299,activity_3299,2025-02-27T00:00:00Z,Central Midfielder,null,1084.6495825360803,13,0,172,66,1985-11-07
11983,period_4230,BP 6872,activity_1059,2025-03-06T00:00:00Z,Central Midfielder,null,465.65126045025767,3,0,172,66,1985-11-07
11983,period_4617,G 8908,activity_1059,2025-03-06T00:00:00Z,Central Midfielder,null,1937.218125143637,16,0,172,66,1985-11-07
11983,period_2438,BP 2351,activity_2516,2025-04-10T00:00:00Z,Central Midfielder,null,670.5834889786554,4,0,172,66,1985-11-07
11983,period_3206,BP 1615,activity_1061,2024-12-31T00:00:00Z,Central Midfielder,null,726.0228277803209,3,0,172,66,1985-11-07
11983,period_4540,G 5931,activity_823,2025-05-01T00:00:00Z,Central Midfielder,null,6059.390989093438,2,0,172,66,1985-11-07
11983,period_3614,G 5931,activity_109,2024-11-30T00:00:00Z,Central Midfielder,null,2663.921646282459,2,0,172,66,1985-11-07
11983,period_1434,BP 4303,activity_477,2025-04-30T00:00:00Z,Central Midfielder,null,1948.3075397424175,4,0,172,66,1985-11-07
11983,period_929,TEC 5328,activity_1022,2025-04-18T00:00:00Z,Central Midfielder,null,337.1011862041207,6,0,172,66,1985-11-07
11983,period_650,TAC 0133,activity_3357,2025-04-25T00:00:00Z,Central Midfielder,null,1885.5683871741574,6,40.157062580149976,172,66,1985-11-07
11983,period_2158,G 1960,activity_1859,2025-03-31T00:00:00Z,Central Midfielder,null,1750.635585649922,6,0.44972766221670485,172,66,1985-11-07
11983,period_2102,TAC 5940,activity_1555,2024-08-02T00:00:00Z,Central Midfielder,null,1026.685518665685,0,0,172,66,1985-11-07
11983,period_3468,G 1960,activity_75,2025-02-22T00:00:00Z,Central Midfielder,null,4771.290164019139,5,5.56617375417903,172,66,1985-11-07
11983,period_1708,G 1960,activity_2574,2025-02-07T00:00:00Z,Central Midfielder,null,1086.9890360880397,6,3.247371830175592,172,66,1985-11-07
11983,period_1106,G 7940,activity_3299,2025-02-27T00:00:00Z,Central Midfielder,null,1125.43895804706,9,7.583085758987048,172,66,1985-11-07
11983,period_2180,TAC 0133,activity_1415,2025-05-07T00:00:00Z,Central Midfielder,null,1557.4221838877743,1,24.038414808890096,172,66,1985-11-07
11983,period_3812,G 1960,activity_4436,2024-08-23T00:00:00Z,Central Midfielder,null,1528.244290936843,2,38.1786449075461,172,66,1985-11-07
11983,period_2228,G 1960,activity_1473,2025-05-17T00:00:00Z,Central Midfielder,null,1141.957295208493,5,0,172,66,1985-11-07
11983,period_1819,G 1960,activity_4433,2024-08-28T00:00:00Z,Central Midfielder,null,838.1435176530665,4,0,172,66,1985-11-07
11983,period_1641,G 1960,activity_2955,2025-01-15T00:00:00Z,Central Midfielder,null,1000.7013367714117,2,5.6209616073477555,172,66,1985-11-07
11983,period_1693,BP 8346,activity_477,2025-04-30T00:00:00Z,Central Midfielder,null,584.9855730138573,3,0,172,66,1985-11-07
11983,period_4602,G 7242,activity_3516,2025-04-24T00:00:00Z,Central Midfielder,null,999.4758080237242,2,5.260773994477805,172,66,1985-11-07
11983,period_4249,TEC 5341,activity_1060,2025-02-21T00:00:00Z,Central Midfielder,null,466.0405535755849,0,0,172,66,1985-11-07
11983,period_522,BP 1822,activity_1389,2024-12-16T00:00:00Z,Central Midfielder,null,875.2600746805801,11,0,172,66,1985-11-07
11983,period_4717,G 1960,activity_2593,2024-10-18T00:00:00Z,Central Midfielder,null,2765.4147304609996,10,7.675902358142606,172,66,1985-11-07
11983,period_1612,G 9283,activity_3073,2025-05-06T00:00:00Z,Central Midfielder,null,514.0802977814537,6,30.90096472035045,172,66,1985-11-07
11983,period_1607,G 3218,activity_2423,2025-01-01T00:00:00Z,Central Midfielder,null,1225.1376198780617,12,6.785681715976127,172,66,1985-11-07
11983,period_425,G 1960,activity_3385,2025-02-14T00:00:00Z,Central Midfielder,null,1208.4518072417554,4,0,172,66,1985-11-07
11983,period_4400,TEC 7376,activity_1415,2025-05-07T00:00:00Z,Central Midfielder,null,357.4854260317751,0,0,172,66,1985-11-07
11983,period_4665,G 8963,activity_1554,2025-03-27T00:00:00Z,Central Midfielder,null,2589.542927034376,1,0,172,66,1985-11-07
11983,period_4366,G 1960,activity_4407,2025-04-04T00:00:00Z,Central Midfielder,null,3383.831681836219,3,36.91635776454518,172,66,1985-11-07
11983,period_4122,G 1960,activity_3357,2025-04-25T00:00:00Z,Central Midfielder,null,722.2168164327965,14,0,172,66,1985-11-07
11983,period_2249,G 3863,activity_789,2024-08-22T00:00:00Z,Central Midfielder,null,2748.6750453125146,1,0,172,66,1985-11-07
11983,period_4753,BP 1849,activity_2516,2025-04-10T00:00:00Z,Central Midfielder,null,895.2313568321221,0,0,172,66,1985-11-07
11983,period_4147,TAC 7525,activity_3357,2025-04-25T00:00:00Z,Central Midfielder,null,1874.2066921726994,6,0,172,66,1985-11-07
11983,period_525,TAC 7525,activity_4208,2025-05-02T00:00:00Z,Central Midfielder,null,1026.5664783191085,0,22.575152524847738,172,66,1985-11-07
11983,period_2896,G 5146,activity_4764,2025-04-14T00:00:00Z,Central Midfielder,null,1733.2008829200458,2,0,172,66,1985-11-07
11983,period_823,null,activity_146,2024-10-26T00:00:00Z,Central Midfielder,1,1476.6871802693493,5,20.97296260771744,172,66,1985-11-07
11983,period_1859,null,activity_3591,2025-01-16T00:00:00Z,Central Midfielder,1,1967.8051943039768,12,27.929755245198685,172,66,1985-11-07
11983,period_1973,null,activity_2390,2025-06-26T00:00:00Z,Central Midfielder,1,1513.4931887423074,3,8.08411758868119,172,66,1985-11-07
11983,period_1022,null,activity_562,2024-12-22T00:00:00Z,Central Midfielder,1,1647.7798025494928,5,5.846734756444623,172,66,1985-11-07
11983,period_2601,null,activity_625,2024-08-04T00:00:00Z,Central Midfielder,1,1965.5314817255867,10,6.86066328745176,172,66,1985-11-07
11983,period_4335,null,activity_2300,2024-08-29T00:00:00Z,Central Midfielder,1,881.2359423480618,7,76.8159052007334,172,66,1985-11-07
11983,period_2955,null,activity_2985,2025-05-04T00:00:00Z,Central Midfielder,1,1498.8427866339027,7,23.40885012130585,172,66,1985-11-07
11983,period_2423,null,activity_4443,2024-08-25T00:00:00Z,Central Midfielder,1,4442.1806554469,5,6.240523538652536,172,66,1985-11-07
11983,period_1554,null,activity_830,2024-08-01T00:00:00Z,Central Midfielder,1,433.3712577431229,5,17.0750256113857,172,66,1985-11-07
11983,period_1924,null,activity_650,2024-12-18T00:00:00Z,Central Midfielder,1,467.5616782100027,7,0,172,66,1985-11-07
11983,period_2148,null,activity_4016,2024-08-07T00:00:00Z,Central Midfielder,1,1246.6034155297082,12,13.604526700498633,172,66,1985-11-07
11983,period_3030,null,activity_2954,2025-03-01T00:00:00Z,Central Midfielder,1,571.9015544801467,9,0,172,66,1985-11-07
11983,period_4744,null,activity_461,2025-05-18T00:00:00Z,Central Midfielder,1,2745.450440619188,1,11.19664884856588,172,66,1985-11-07
11983,period_599,null,activity_2102,2025-06-18T00:00:00Z,Central Midfielder,1,1533.665924123718,5,32.11323126025605,172,66,1985-11-07
11983,period_3385,null,activity_3285,2024-09-17T00:00:00Z,Central Midfielder,1,1730.1518185726766,6,69.51269473413036,172,66,1985-11-07
11983,period_4433,null,activity_4602,2025-04-05T00:00:00Z,Central Midfielder,1,1128.6354456329068,2,37.74154993600098,172,66,1985-11-07
11983,period_4454,null,activity_4067,2024-12-14T00:00:00Z,Central Midfielder,1,1416.7090503136426,7,1.1040064910832268,172,66,1985-11-07
11983,period_3357,null,activity_2421,2025-05-11T00:00:00Z,Central Midfielder,1,1407.367720799001,6,2.9453307018670936,172,66,1985-11-07
11983,period_2060,null,activity_4216,2024-09-14T00:00:00Z,Central Midfielder,1,1987.622678654971,5,14.465121334150862,172,66,1985-11-07
11983,period_3243,null,activity_4016,2024-08-06T00:00:00Z,Central Midfielder,1,1074.3140200649698,4,25.511082043287345,172,66,1985-11-07
11983,period_2210,null,activity_1284,2024-11-27T00:00:00Z,Central Midfielder,1,1837.923884974572,9,26.798814487869684,172,66,1985-11-07
11983,period_958,null,activity_1106,2025-01-25T00:00:00Z,Central Midfielder,1,1020.4606570090043,0,65.4042274789521,172,66,1985-11-07
11983,period_202,null,activity_4208,2025-02-08T00:00:00Z,Central Midfielder,1,3375.5750048380487,11,36.14825905417166,172,66,1985-11-07
11983,period_4651,null,activity_1493,2024-09-01T00:00:00Z,Central Midfielder,1,1707.9438912442772,3,18.1788364531028,172,66,1985-11-07
11983,period_4581,null,activity_525,2025-03-09T00:00:00Z,Central Midfielder,1,1035.8584300098166,10,13.379811653141019,172,66,1985-11-07
11983,period_477,null,activity_1862,2025-06-22T00:00:00Z,Central Midfielder,1,710.0888608169317,6,21.10742012003982,172,66,1985-11-07
11983,period_1389,null,activity_3352,2024-08-18T00:00:00Z,Central Midfielder,1,3428.815766348199,4,16.740729980645618,172,66,1985-11-07
11983,period_4699,null,activity_929,2024-10-02T00:00:00Z,Central Midfielder,1,1424.6229413459996,8,25.78078613688197,172,66,1985-11-07
11983,period_2516,null,activity_830,2024-08-01T00:00:00Z,Central Midfielder,1,1672.476909754903,1,42.26000345537209,172,66,1985-11-07
11983,period_4690,null,activity_883,2024-12-04T00:00:00Z,Central Midfielder,1,1455.798020293406,5,51.326214144474136,172,66,1985-11-07
11983,period_3638,null,activity_2158,2025-04-01T00:00:00Z,Central Midfielder,1,815.0947649191043,6,5.311990911404083,172,66,1985-11-07
11983,period_4137,null,activity_2405,2024-10-22T00:00:00Z,Central Midfielder,1,1611.2715012406056,8,22.359221608014288,172,66,1985-11-07
11983,period_2574,null,activity_2071,2025-04-26T00:00:00Z,Central Midfielder,1,1065.8070002773175,5,111.81046836950061,172,66,1985-11-07
11983,period_1473,null,activity_551,2025-03-29T00:00:00Z,Central Midfielder,1,1075.5359601686557,6,20.525557743409212,172,66,1985-11-07
11983,period_2593,null,activity_2152,2025-01-03T00:00:00Z,Central Midfielder,1,1765.695956812831,9,6.743887250951458,172,66,1985-11-07
11983,period_3943,null,activity_2558,2025-02-11T00:00:00Z,Central Midfielder,1,1916.1125796316705,4,0,172,66,1985-11-07
11983,period_4304,null,activity_865,2024-10-05T00:00:00Z,Central Midfielder,1,1161.7913691145159,5,31.087837322009825,172,66,1985-11-07
11983,period_789,null,activity_4496,2024-09-24T00:00:00Z,Central Midfielder,1,1715.1329167285423,4,0,172,66,1985-11-07
11983,period_3105,null,activity_1093,2024-09-29T00:00:00Z,Central Midfielder,1,4800.9104947596,3,26.07504230717332,172,66,1985-11-07
11983,period_4764,null,activity_3506,2025-04-08T00:00:00Z,Central Midfielder,1,148.57685910586835,9,71.12122251601365,172,66,1985-11-07
11983,period_2877,null,activity_625,2024-08-03T00:00:00Z,Central Midfielder,1,1479.106081735761,3,20.534595907634763,172,66,1985-11-07
11983,period_109,null,activity_2511,2025-02-05T00:00:00Z,Central Midfielder,1,584.789636018026,5,8.406268090509512,172,66,1985-11-07
11983,period_3073,null,activity_2361,2025-02-23T00:00:00Z,Central Midfielder,1,1404.0127513842515,9,26.931319148979565,172,66,1985-11-07
11983,period_1555,null,activity_4155,2025-03-15T00:00:00Z,Central Midfielder,1,1386.66844432244,5,6.016413580689634,172,66,1985-11-07
11983,period_4436,null,activity_3206,2025-01-29T00:00:00Z,Central Midfielder,1,3326.1789107553836,4,21.979353579028377,172,66,1985-11-07
11983,period_1501,null,activity_3585,2025-02-15T00:00:00Z,Central Midfielder,1,1295.367714360495,5,17.801217965947536,172,66,1985-11-07
11983,period_465,null,activity_1565,2025-05-14T00:00:00Z,Central Midfielder,1,2418.722865041643,8,22.59971908242444,172,66,1985-11-07
11983,period_359,null,activity_944,2025-02-19T00:00:00Z,Central Midfielder,1,1958.345527333867,2,0,172,66,1985-11-07
11983,period_2761,null,activity_2894,2025-04-16T00:00:00Z,Central Midfielder,1,1350.3683924319846,8,35.207191882345946,172,66,1985-11-07
11983,period_2655,null,activity_2614,2025-03-12T00:00:00Z,Central Midfielder,1,1489.4991394734718,3,19.98125981417716,172,66,1985-11-07
11983,period_4299,null,activity_432,2024-10-19T00:00:00Z,Central Midfielder,1,2004.5091489964952,2,36.857225369301055,172,66,1985-11-07
11983,period_1059,null,activity_2758,2024-11-24T00:00:00Z,Central Midfielder,1,1318.7555505469866,4,40.349874955821264,172,66,1985-11-07
11983,period_1230,null,activity_939,2025-05-24T00:00:00Z,Central Midfielder,1,1486.822802509483,5,7.147774942366102,172,66,1985-11-07
11983,period_1951,null,activity_1585,2025-03-04T00:00:00Z,Central Midfielder,1,1478.3712204024678,6,9.375647446277677,172,66,1985-11-07
11983,period_4655,null,activity_1778,2024-09-21T00:00:00Z,Central Midfielder,1,4554.003067707218,4,16.73004374697752,172,66,1985-11-07
11983,period_3907,null,activity_3834,2024-12-01T00:00:00Z,Central Midfielder,1,1526.0557702469018,1,40.26506294753069,172,66,1985-11-07
11983,period_486,null,activity_1434,2025-02-01T00:00:00Z,Central Midfielder,1,904.1711488537717,6,45.883513825828246,172,66,1985-11-07
11983,period_3516,null,activity_3564,2025-01-12T00:00:00Z,Central Midfielder,1,4765.909640795168,9,19.418873798363002,172,66,1985-11-07
11983,period_3243,null,activity_2831,2025-01-22T00:00:00Z,Central Midfielder,1,1777.8937318112228,3,14.369314210932288,172,66,1985-11-07
11983,period_3532,null,activity_625,2024-08-04T00:00:00Z,Central Midfielder,1,1303.5900691036215,7,77.81846910517699,172,66,1985-11-07
11983,period_4251,null,activity_2583,2025-04-20T00:00:00Z,Central Midfielder,1,1940.1907878216275,8,24.28787474109806,172,66,1985-11-07
11983,period_1431,null,activity_1456,2024-11-05T00:00:00Z,Central Midfielder,1,2298.6321583589393,2,29.505981342437927,172,66,1985-11-07
11983,period_2995,null,activity_4037,2024-11-09T00:00:00Z,Central Midfielder,1,3163.0617373732075,7,0,172,66,1985-11-07
11983,period_3299,null,activity_4800,2024-12-07T00:00:00Z,Central Midfielder,1,1492.1682514653423,5,6.769164195481197,172,66,1985-11-07
11983,period_3493,null,activity_1612,2024-12-10T00:00:00Z,Central Midfielder,1,11093.47223215539,4,2.0680909927245588,172,66,1985-11-07
11983,period_3261,G 3863,activity_477,2025-04-30T00:00:00Z,Central Midfielder,null,2195.231227974948,12,17.466884641187765,172,66,1985-11-07
11983,period_2108,TAC 0133,activity_4407,2025-04-04T00:00:00Z,Central Midfielder,null,4996.16021738879,8,1.141173112700272,172,66,1985-11-07
11983,period_2816,TEC 5341,activity_4581,2024-08-01T00:00:00Z,Central Midfielder,null,84.97718452938993,0,0,172,66,1985-11-07
11983,period_1061,BP 8350,activity_3907,2025-05-08T00:00:00Z,Central Midfielder,null,1283.6749926922776,8,0,172,66,1985-11-07
11983,period_2628,G 1960,activity_4122,2025-01-08T00:00:00Z,Central Midfielder,null,1428.0490959033796,4,9.092593904469455,172,66,1985-11-07
11983,period_939,TAC 0133,activity_4137,2025-03-07T00:00:00Z,Central Midfielder,null,1139.5426521093598,0,4.290180561693073,172,66,1985-11-07
11983,period_2337,TEC 9696,activity_3493,2025-05-10T00:00:00Z,Central Midfielder,null,188.5088695044991,0,0,172,66,1985-11-07
11983,period_1585,TAC 0133,activity_2593,2024-10-18T00:00:00Z,Central Midfielder,null,1758.4062882679407,2,29.56152399266251,172,66,1985-11-07
11983,period_4247,G 3164,activity_3907,2025-05-08T00:00:00Z,Central Midfielder,null,2492.8702051330147,7,0,172,66,1985-11-07
11983,period_4067,G 1960,activity_4137,2025-03-07T00:00:00Z,Central Midfielder,null,2881.730608641422,3,11.701786734621919,172,66,1985-11-07
11983,period_3077,TAC 0133,activity_599,2025-04-15T00:00:00Z,Central Midfielder,null,1940.24803164055,10,78.9130209194429,172,66,1985-11-07
11983,period_4270,G 7015,activity_486,2024-08-11T00:00:00Z,Central Midfielder,null,1719.866948288183,6,10.987846181266887,172,66,1985-11-07
11983,period_4041,TAC 2764,activity_465,2025-03-14T00:00:00Z,Central Midfielder,null,1163.1163538080891,4,6.755731028219665,172,66,1985-11-07
11983,period_3998,TAC 0133,activity_4433,2024-08-28T00:00:00Z,Central Midfielder,null,2660.0392723241694,2,0,172,66,1985-11-07
11983,period_3087,BP 3930,activity_4067,2024-09-26T00:00:00Z,Central Midfielder,null,874.7978470454274,7,0,172,66,1985-11-07
11983,period_4157,G 1960,activity_4699,2024-07-30T00:00:00Z,Central Midfielder,null,1562.9645378069295,6,0,172,66,1985-11-07
11983,period_2474,TAC 3056,activity_4436,2024-08-23T00:00:00Z,Central Midfielder,null,1243.8283377440835,5,0,172,66,1985-11-07
11983,period_233,BP 2351,activity_1060,2025-02-21T00:00:00Z,Central Midfielder,null,322.3105996139154,3,0,172,66,1985-11-07
11983,period_3317,TEC 5098,activity_2995,2024-08-26T00:00:00Z,Central Midfielder,null,129.483535268597,0,0,172,66,1985-11-07
11983,period_1415,TAC 5940,activity_1415,2025-05-07T00:00:00Z,Central Midfielder,null,806.4382829056259,6,0,172,66,1985-11-07
11983,period_2894,TAC 0133,activity_4699,2024-07-30T00:00:00Z,Central Midfielder,null,1557.2507946108924,5,0,172,66,1985-11-07
11983,period_2717,TAC 0133,activity_3907,2025-05-08T00:00:00Z,Central Midfielder,null,660.6070961196359,6,25.48040343002113,172,66,1985-11-07
11983,period_4782,TAC 0133,activity_3638,2024-08-17T00:00:00Z,Central Midfielder,null,2142.949682693625,0,0,172,66,1985-11-07
11983,period_1196,TAC 7101,activity_2160,2024-07-29T00:00:00Z,Central Midfielder,null,1186.123809973568,6,49.50115295378258,172,66,1985-11-07
11983,period_4233,TAC 0133,activity_2366,2025-03-28T00:00:00Z,Central Midfielder,null,729.8424825876831,7,0,172,66,1985-11-07
11983,period_944,TAC 7848,activity_4744,2025-05-09T00:00:00Z,Central Midfielder,null,325.79950498163925,1,0,172,66,1985-11-07
11983,period_1192,BP 2351,activity_789,2024-08-22T00:00:00Z,Central Midfielder,null,545.4889440807532,3,0,172,66,1985-11-07
11983,period_190,G 3218,activity_4067,2024-09-26T00:00:00Z,Central Midfielder,null,1646.4352338254255,9,7.9903660463935315,172,66,1985-11-07
11983,period_2920,BP 3884,activity_3243,2024-10-17T00:00:00Z,Central Midfielder,null,302.74928312778076,2,12.744605170466889,172,66,1985-11-07
11983,period_3578,G 1960,activity_3638,2024-08-17T00:00:00Z,Central Midfielder,null,1628.2565448339665,6,0,172,66,1985-11-07
11983,period_350,TAC 0133,activity_3943,2024-08-10T00:00:00Z,Central Midfielder,null,1475.6227257725752,1,0,172,66,1985-11-07
11983,period_2985,BP 4893,activity_3943,2024-08-10T00:00:00Z,Central Midfielder,null,2722.683226745703,3,0,172,66,1985-11-07
11983,period_948,G 3164,activity_2995,2024-08-26T00:00:00Z,Central Midfielder,null,736.5976760525622,12,17.355509311768877,172,66,1985-11-07
11983,period_1790,G 3164,activity_911,2025-04-03T00:00:00Z,Central Midfielder,null,1423.0705373700766,3,55.25140653992799,172,66,1985-11-07
11983,period_4318,G 8095,activity_2210,2025-05-16T00:00:00Z,Central Midfielder,null,550.2155335324649,2,3.9393664577712286,172,66,1985-11-07
11983,period_1456,BP 2351,activity_1951,2025-04-19T00:00:00Z,Central Midfielder,null,794.6875742056396,6,0,172,66,1985-11-07
11983,period_3392,G 5133,activity_2995,2024-08-26T00:00:00Z,Central Midfielder,null,3249.3190134969886,8,0,172,66,1985-11-07
11983,period_439,BP 3178,activity_1022,2025-04-18T00:00:00Z,Central Midfielder,null,319.5917634866176,1,0,172,66,1985-11-07
11983,period_1061,TAC 0133,activity_3623,2024-09-27T00:00:00Z,Central Midfielder,null,772.8199074727285,4,4.378469126949657,172,66,1985-11-07
11983,period_874,G 1960,activity_2601,2024-12-21T00:00:00Z,Central Midfielder,null,1332.7885698390887,2,12.274542669437027,172,66,1985-11-07
11983,period_75,G 9283,activity_911,2025-04-03T00:00:00Z,Central Midfielder,null,1126.1600399035597,1,3.7122671864638477,172,66,1985-11-07
11983,period_2876,TAC 0133,activity_486,2024-08-11T00:00:00Z,Central Midfielder,null,455.86911164071233,5,0,172,66,1985-11-07
11983,period_1764,TAC 0133,activity_4304,2024-09-13T00:00:00Z,Central Midfielder,null,1368.1503749934582,8,5.856181456352027,172,66,1985-11-07
11983,period_1923,TEC 5341,activity_4436,2024-08-23T00:00:00Z,Central Midfielder,null,155.6954212589854,0,0,172,66,1985-11-07
11983,period_2511,BP 4893,activity_4699,2024-07-30T00:00:00Z,Central Midfielder,null,2939.371503270332,3,0,172,66,1985-11-07
11983,period_4067,G 3218,activity_2160,2024-07-29T00:00:00Z,Central Midfielder,null,1469.2445878884173,9,32.421798347098836,172,66,1985-11-07
11983,period_1683,BP 2351,activity_1389,2024-12-16T00:00:00Z,Central Midfielder,null,356.44223072407067,6,0,172,66,1985-11-07
11983,period_390,BP 2351,activity_1061,2024-12-31T00:00:00Z,Central Midfielder,null,720.1463677344522,2,15.088538768027206,172,66,1985-11-07
11983,period_1778,G 1960,activity_3623,2024-09-27T00:00:00Z,Central Midfielder,null,641.3680266375628,3,30.48534554629388,172,66,1985-11-07
11983,period_576,BP 8346,activity_4764,2025-04-14T00:00:00Z,Central Midfielder,null,724.1155770027656,1,0,172,66,1985-11-07
11983,period_2831,G 5931,activity_4299,2025-04-11T00:00:00Z,Central Midfielder,null,1108.5243119580832,7,0,172,66,1985-11-07
11983,period_4590,BP 5787,activity_1554,2025-03-27T00:00:00Z,Central Midfielder,null,867.774278099188,5,4.1584403999375965,172,66,1985-11-07
11983,period_298,BP 5787,activity_4251,2025-05-21T00:00:00Z,Central Midfielder,null,1497.939775478173,2,0,172,66,1985-11-07
86086,period_4016,BP 2269,activity_1230,2024-07-27T00:00:00Z,Forward,null,288.1602902313997,6,0,180,200,1969-12-05
86086,period_2511,BP 4893,activity_4699,2024-07-30T00:00:00Z,Forward,null,906.1210899872685,3,0,180,200,1969-12-05
86086,period_1957,G 0184,activity_1230,2024-07-27T00:00:00Z,Forward,null,1168.5428277964995,5,9.106025946882243,180,200,1969-12-05
86086,period_483,BP 2654,activity_2160,2024-07-29T00:00:00Z,Forward,null,799.5613063812995,0,0,180,200,1969-12-05
86086,period_2894,TAC 0133,activity_4699,2024-07-30T00:00:00Z,Forward,null,803.5868872038276,4,58.871538162957656,180,200,1969-12-05
86086,period_4067,G 3218,activity_2160,2024-07-29T00:00:00Z,Forward,null,1097.914204408927,2,36.96510660775034,180,200,1969-12-05
86086,period_4216,G 0184,activity_1230,2024-07-27T00:00:00Z,Forward,null,975.5927793249854,5,0,180,200,1969-12-05
86086,period_1196,TAC 7101,activity_2160,2024-07-29T00:00:00Z,Forward,null,618.5800020495351,10,6.396765565500508,180,200,1969-12-05
86086,period_2366,null,activity_830,2024-08-01T00:00:00Z,Forward,1,942.1479768160522,4,2.2602029007818407,180,200,1969-12-05
86086,period_4157,G 1960,activity_4699,2024-07-30T00:00:00Z,Forward,null,1488.0182583091314,6,23.492785483037515,180,200,1969-12-05
18236,period_1370,G 8963,activity_1415,2025-05-07T00:00:00Z,Winger,null,766.5228548452187,3,0,173,64,2001-10-07
18236,period_2341,TAC 7525,activity_4454,2024-12-13T00:00:00Z,Winger,null,1381.8694117378977,13,7.530376324856304,173,64,2001-10-07
18236,period_2985,BP 4893,activity_3943,2024-08-10T00:00:00Z,Winger,null,1167.92225186232,3,0,173,64,2001-10-07
18236,period_522,BP 1822,activity_1389,2024-12-16T00:00:00Z,Winger,null,803.2516762291808,6,0,173,64,2001-10-07
18236,period_2424,BP 6474,activity_3030,2024-12-08T00:00:00Z,Winger,null,604.0583826007294,0,0,173,64,2001-10-07
18236,period_883,BP 4893,activity_4655,2025-04-06T00:00:00Z,Winger,null,1175.2062230165466,2,0,173,64,2001-10-07
18236,period_1493,TAC 0133,activity_4436,2024-08-23T00:00:00Z,Winger,null,1238.272993747308,5,13.174903886484797,173,64,2001-10-07
18236,period_2390,TAC 0133,activity_1951,2025-04-19T00:00:00Z,Winger,null,2522.1988125666176,17,8.568588077723776,173,64,2001-10-07
18236,period_174,BP 1031,activity_3243,2024-10-17T00:00:00Z,Winger,null,506.68653330122527,4,0,173,64,2001-10-07
18236,period_4703,TAC 0133,activity_2574,2025-02-07T00:00:00Z,Winger,null,1538.9456003947203,3,38.2200830435781,173,64,2001-10-07
18236,period_1682,TEC 5667,activity_202,2025-03-30T00:00:00Z,Winger,null,607.0878857787231,0,0,173,64,2001-10-07
18236,period_362,TAC 0133,activity_4436,2024-08-23T00:00:00Z,Winger,null,533.963384603497,11,0,173,64,2001-10-07
18236,period_3678,G 1960,activity_3907,2025-05-08T00:00:00Z,Winger,null,518.5359380339496,9,0,173,64,2001-10-07
18236,period_1456,BP 2351,activity_1951,2025-04-19T00:00:00Z,Winger,null,287.9804921357956,2,0,173,64,2001-10-07
18236,period_4540,G 5931,activity_823,2025-05-01T00:00:00Z,Winger,null,851.5766628812497,9,0,173,64,2001-10-07
18236,period_1526,BP 2351,activity_1973,2025-03-08T00:00:00Z,Winger,null,430.35888483442824,5,0,173,64,2001-10-07
18236,period_934,TAC 2764,activity_3073,2025-05-06T00:00:00Z,Winger,null,1520.333994107774,0,0,173,64,2001-10-07
18236,period_1093,G 1960,activity_599,2025-04-15T00:00:00Z,Winger,null,1060.5559492937111,8,22.502874068975018,173,64,2001-10-07
18236,period_2337,TEC 9696,activity_3493,2025-05-10T00:00:00Z,Winger,null,158.04343004226365,0,0,173,64,2001-10-07
18236,period_1955,TEC 5341,activity_1022,2025-04-18T00:00:00Z,Winger,null,644.9769568791052,0,0,173,64,2001-10-07
18236,period_2758,TAC 7525,activity_4744,2025-05-09T00:00:00Z,Winger,null,659.4844186815634,12,0,173,64,2001-10-07
18236,period_4993,G 1960,activity_3243,2025-03-11T00:00:00Z,Winger,null,829.3353254940155,2,0,173,64,2001-10-07
18236,period_334,BP 2654,activity_359,2025-01-07T00:00:00Z,Winger,null,793.9836522260475,4,0,173,64,2001-10-07
18236,period_2758,TAC 3056,activity_4436,2024-08-23T00:00:00Z,Winger,null,581.7879094733315,1,14.97236608617988,173,64,2001-10-07
18236,period_1192,BP 2351,activity_789,2024-08-22T00:00:00Z,Winger,null,707.2304660396019,3,0,173,64,2001-10-07
18236,period_1872,TAC 7525,activity_4335,2025-05-03T00:00:00Z,Winger,null,825.0337268650017,6,15.884841296156694,173,64,2001-10-07
18236,period_830,TAC 2528,activity_477,2025-04-30T00:00:00Z,Winger,null,1850.1637911344285,8,13.000114447055296,173,64,2001-10-07
18236,period_3306,G 1960,activity_1973,2025-03-08T00:00:00Z,Winger,null,1408.323123652743,9,0,173,64,2001-10-07
18236,period_1683,BP 2351,activity_1389,2024-12-16T00:00:00Z,Winger,null,347.21259439793835,2,0,173,64,2001-10-07
18236,period_95,TAC 7848,activity_4655,2025-04-06T00:00:00Z,Winger,null,1490.9054654134789,9,9.688276877723105,173,64,2001-10-07
18236,period_4602,G 7242,activity_3516,2025-04-24T00:00:00Z,Winger,null,3760.2681168895538,10,0,173,64,2001-10-07
18236,period_4041,TAC 2764,activity_465,2025-03-14T00:00:00Z,Winger,null,787.3491819834,7,0,173,64,2001-10-07
18236,period_2652,TEC 5341,activity_2423,2025-01-01T00:00:00Z,Winger,null,182.6238963620965,0,0,173,64,2001-10-07
18236,period_4717,G 1960,activity_2593,2024-10-18T00:00:00Z,Winger,null,1026.884376534927,0,10.879752223824738,173,64,2001-10-07
18236,period_3707,G 1960,activity_4304,2024-09-13T00:00:00Z,Winger,null,1510.2804140112921,3,9.654405317302844,173,64,2001-10-07
18236,period_4400,TEC 7376,activity_1415,2025-05-07T00:00:00Z,Winger,null,329.5082613903084,0,0,173,64,2001-10-07
18236,period_4986,BP 3116,activity_465,2025-03-14T00:00:00Z,Winger,null,332.4102330982415,7,0,173,64,2001-10-07
18236,period_4496,G 1960,activity_4335,2025-05-03T00:00:00Z,Winger,null,1724.8838207629233,7,7.480971546072358,173,64,2001-10-07
18236,period_3001,G 1960,activity_96,2025-02-25T00:00:00Z,Winger,null,1355.0481582280943,25,0,173,64,2001-10-07
18236,period_4187,TAC 7525,activity_2877,2025-04-22T00:00:00Z,Winger,null,805.9124878167071,0,12.635226773273116,173,64,2001-10-07
18236,period_1061,TAC 0133,activity_3623,2024-09-27T00:00:00Z,Winger,null,956.1221054022465,1,0,173,64,2001-10-07
18236,period_4726,G 3218,activity_1022,2025-04-18T00:00:00Z,Winger,null,942.3325120290035,7,82.17108392723087,173,64,2001-10-07
18236,period_3614,G 5931,activity_109,2024-11-30T00:00:00Z,Winger,null,370.08728320073186,6,0,173,64,2001-10-07
18236,period_2816,TEC 5341,activity_4581,2024-08-01T00:00:00Z,Winger,null,355.4419941282676,0,22.630465237695123,173,64,2001-10-07
18236,period_525,TAC 7525,activity_4208,2025-05-02T00:00:00Z,Winger,null,1096.4903373366003,3,30.87439294977263,173,64,2001-10-07
18236,period_1768,TAC 1326,activity_4299,2025-04-11T00:00:00Z,Winger,null,2181.2494992870147,0,2.904682983199616,173,64,2001-10-07
18236,period_3582,G 5931,activity_3243,2024-10-17T00:00:00Z,Winger,null,1345.5749577016884,7,14.93788782895883,173,64,2001-10-07
18236,period_3087,BP 3930,activity_4067,2024-09-26T00:00:00Z,Winger,null,330.124029537634,14,0,173,64,2001-10-07
18236,period_2175,BP 2351,activity_2366,2025-03-28T00:00:00Z,Winger,null,332.7846123479626,8,0,173,64,2001-10-07
18236,period_1565,TAC 7525,activity_3243,2025-03-11T00:00:00Z,Winger,null,1410.9056560680785,7,0,173,64,2001-10-07
18236,period_2155,TAC 0133,activity_3105,2025-01-18T00:00:00Z,Winger,null,1359.5405797611006,3,37.71287594579715,173,64,2001-10-07
18236,period_2438,BP 2351,activity_2516,2025-04-10T00:00:00Z,Winger,null,1273.7886603182856,4,15.128460267272041,173,64,2001-10-07
18236,period_874,G 1960,activity_2601,2024-12-21T00:00:00Z,Winger,null,1210.2851436882345,8,9.043729989276736,173,64,2001-10-07
18236,period_865,TAC 0133,activity_2955,2025-01-15T00:00:00Z,Winger,null,308.96118958666597,2,0,173,64,2001-10-07
18236,period_3585,TAC 7525,activity_2601,2024-12-21T00:00:00Z,Winger,null,1750.5836349615101,2,7.927932402236229,173,64,2001-10-07
18236,period_4782,TAC 0133,activity_3638,2024-08-17T00:00:00Z,Winger,null,793.833087118588,8,0,173,64,2001-10-07
18236,period_1061,BP 8350,activity_3907,2025-05-08T00:00:00Z,Winger,null,590.3064286207607,7,0,173,64,2001-10-07
18236,period_650,TAC 0133,activity_3357,2025-04-25T00:00:00Z,Winger,null,3156.8182287443724,5,43.041469465991575,173,64,2001-10-07
18236,period_2876,TAC 0133,activity_486,2024-08-11T00:00:00Z,Winger,null,1773.229140221117,5,0,173,64,2001-10-07
18236,period_944,TAC 7848,activity_4744,2025-05-09T00:00:00Z,Winger,null,2436.522861680466,8,0,173,64,2001-10-07
18236,period_1764,TAC 0133,activity_4304,2024-09-13T00:00:00Z,Winger,null,468.65592547107286,0,19.144980892262037,173,64,2001-10-07
18236,period_4067,G 1960,activity_4137,2025-03-07T00:00:00Z,Winger,null,1402.4266631033329,8,4.149763078099808,173,64,2001-10-07
18236,period_2920,BP 3884,activity_3243,2024-10-17T00:00:00Z,Winger,null,1688.5453241801713,4,0,173,64,2001-10-07
18236,period_4443,BP 2351,activity_1555,2024-08-02T00:00:00Z,Winger,null,967.0601320561808,5,0,173,64,2001-10-07
18236,period_4037,G 7015,activity_486,2024-08-11T00:00:00Z,Winger,null,3194.0280025047973,5,0,173,64,2001-10-07
18236,period_1607,G 3218,activity_2423,2025-01-01T00:00:00Z,Winger,null,1686.5308293254755,6,0,173,64,2001-10-07
18236,period_4611,TAC 0133,activity_1859,2025-03-31T00:00:00Z,Winger,null,1309.6083025612065,5,22.22365962894433,173,64,2001-10-07
18236,period_2586,TAC 5940,activity_3532,2024-09-16T00:00:00Z,Winger,null,2541.948400006488,0,0,173,64,2001-10-07
18236,period_3988,BP 8299,activity_3516,2025-04-24T00:00:00Z,Winger,null,359.7261245156716,8,0,173,64,2001-10-07
18236,period_3226,G 1960,activity_1555,2024-08-02T00:00:00Z,Winger,null,1081.4014004146961,7,0,173,64,2001-10-07
18236,period_2249,G 3863,activity_789,2024-08-22T00:00:00Z,Winger,null,1372.4369075795846,10,0,173,64,2001-10-07
18236,period_4147,TAC 7525,activity_3357,2025-04-25T00:00:00Z,Winger,null,1740.7014059037083,3,23.32580485390704,173,64,2001-10-07
18236,period_2628,G 1960,activity_4122,2025-01-08T00:00:00Z,Winger,null,2133.1186350520597,2,21.291780091210967,173,64,2001-10-07
18236,period_4438,G 3164,activity_202,2025-03-30T00:00:00Z,Winger,null,537.2723879337833,7,0,173,64,2001-10-07
18236,period_3250,G 1960,activity_2877,2025-04-22T00:00:00Z,Winger,null,2299.0126329402856,2,10.249410269067855,173,64,2001-10-07
18236,period_3352,TAC 0133,activity_2761,2025-03-03T00:00:00Z,Winger,null,1364.5101208999013,3,0,173,64,2001-10-07
18236,period_3468,G 1960,activity_75,2025-02-22T00:00:00Z,Winger,null,714.0003274806735,1,0,173,64,2001-10-07
18236,period_473,TEC 7376,activity_911,2025-04-03T00:00:00Z,Winger,null,406.6102343250798,6,0,173,64,2001-10-07
18236,period_2180,TAC 0133,activity_1415,2025-05-07T00:00:00Z,Winger,null,805.2810497970213,0,26.076130673308697,173,64,2001-10-07
18236,period_2662,BP 9117,activity_4581,2024-08-01T00:00:00Z,Winger,null,886.5112994200765,3,0,173,64,2001-10-07
18236,period_771,TAC 7525,activity_1059,2025-03-06T00:00:00Z,Winger,null,710.0982724980853,3,0,173,64,2001-10-07
18236,period_3578,G 1960,activity_3638,2024-08-17T00:00:00Z,Winger,null,2038.7275900893235,13,0,173,64,2001-10-07
18236,period_1819,G 1960,activity_4433,2024-08-28T00:00:00Z,Winger,null,1081.0991757106449,11,15.425849094093522,173,64,2001-10-07
18236,period_4143,G 5146,activity_4581,2024-08-01T00:00:00Z,Winger,null,597.4701971696761,14,0,173,64,2001-10-07
18236,period_2614,TAC 0133,activity_96,2025-02-25T00:00:00Z,Winger,null,2311.6170484614213,0,0,173,64,2001-10-07
18236,period_2644,G 7940,activity_202,2025-03-30T00:00:00Z,Winger,null,1484.1318549972568,4,3.3941567887764927,173,64,2001-10-07
18236,period_2421,BP 0518,activity_3073,2025-05-06T00:00:00Z,Winger,null,484.6209898160285,0,0,173,64,2001-10-07
18236,period_3834,G 3473,activity_1951,2025-04-19T00:00:00Z,Winger,null,902.7608402990047,6,0,173,64,2001-10-07
18236,period_2041,TAC 5940,activity_823,2025-05-01T00:00:00Z,Winger,null,1143.180041001715,0,0,173,64,2001-10-07
18236,period_233,BP 2351,activity_1060,2025-02-21T00:00:00Z,Winger,null,613.037874024637,1,0,173,64,2001-10-07
18236,period_2108,TAC 0133,activity_4407,2025-04-04T00:00:00Z,Winger,null,837.3346842248225,4,0,173,64,2001-10-07
18236,period_1434,BP 4303,activity_477,2025-04-30T00:00:00Z,Winger,null,1057.7955581340718,4,0,173,64,2001-10-07
18236,period_1585,TAC 0133,activity_2593,2024-10-18T00:00:00Z,Winger,null,1645.986791502746,2,25.336494775024047,173,64,2001-10-07
18236,period_2158,G 1960,activity_1859,2025-03-31T00:00:00Z,Winger,null,2217.2234139048855,4,36.94935525848704,173,64,2001-10-07
18236,period_2102,TAC 5940,activity_1555,2024-08-02T00:00:00Z,Winger,null,2270.7657018536647,12,12.46005307749312,173,64,2001-10-07
18236,period_4137,null,activity_2405,2024-10-22T00:00:00Z,Winger,1,1600.7550659031394,6,62.1112244213627,173,64,2001-10-07
18236,period_4208,null,activity_473,2025-01-09T00:00:00Z,Winger,1,1498.1235122729054,7,21.293031475432183,173,64,2001-10-07
18236,period_2995,null,activity_4037,2024-11-09T00:00:00Z,Winger,1,740.5281872241749,9,26.306445603397563,173,64,2001-10-07
18236,period_1389,null,activity_3352,2024-08-18T00:00:00Z,Winger,1,2033.8588762471204,9,12.515183890172839,173,64,2001-10-07
18236,period_3030,null,activity_2954,2025-03-01T00:00:00Z,Winger,1,2653.022692645026,5,19.02669146673569,173,64,2001-10-07
18236,period_1973,null,activity_2390,2025-06-26T00:00:00Z,Winger,1,1989.756520144954,5,4.803766066003568,173,64,2001-10-07
18236,period_1059,null,activity_2758,2024-11-24T00:00:00Z,Winger,1,1982.502925871046,4,37.55208799151766,173,64,2001-10-07
18236,period_4581,null,activity_525,2025-03-09T00:00:00Z,Winger,1,183.01372858290978,3,7.054295432057091,173,64,2001-10-07
18236,period_4335,null,activity_2300,2024-08-29T00:00:00Z,Winger,1,1434.017112520833,12,17.840145081163854,173,64,2001-10-07
18236,period_3516,null,activity_3564,2025-01-12T00:00:00Z,Winger,1,1731.3518235434149,7,8.893463036883482,173,64,2001-10-07
18236,period_4690,null,activity_883,2024-12-04T00:00:00Z,Winger,1,540.8742876873396,5,9.430514631032846,173,64,2001-10-07
18236,period_2060,null,activity_4216,2024-09-14T00:00:00Z,Winger,1,3676.363684267075,0,39.478592062250755,173,64,2001-10-07
18236,period_3638,null,activity_2158,2025-04-01T00:00:00Z,Winger,1,2453.7895361711767,11,17.7129977856042,173,64,2001-10-07
18236,period_2593,null,activity_2152,2025-01-03T00:00:00Z,Winger,1,1702.3461188782726,13,84.18765077675435,173,64,2001-10-07
18236,period_4651,null,activity_1493,2024-09-01T00:00:00Z,Winger,1,2426.482560699136,7,9.42699687241704,173,64,2001-10-07
18236,period_3040,null,activity_2953,2025-02-26T00:00:00Z,Winger,1,2056.8682602415365,9,67.45341521174272,173,64,2001-10-07
18236,period_1022,null,activity_562,2024-12-22T00:00:00Z,Winger,1,2406.835069902741,7,25.76849838127588,173,64,2001-10-07
18236,period_1060,null,activity_1526,2025-04-23T00:00:00Z,Winger,1,616.7580179749639,8,44.60050851001173,173,64,2001-10-07
18236,period_1951,null,activity_1585,2025-03-04T00:00:00Z,Winger,1,1494.150571759813,4,13.402356355682732,173,64,2001-10-07
18236,period_4655,null,activity_1778,2024-09-21T00:00:00Z,Winger,1,517.1076347245872,7,0,173,64,2001-10-07
18236,period_4433,null,activity_4602,2025-04-05T00:00:00Z,Winger,1,1252.801964365393,1,14.311197843064853,173,64,2001-10-07
18236,period_4764,null,activity_3506,2025-04-08T00:00:00Z,Winger,1,2445.7984169540146,6,16.406767805634612,173,64,2001-10-07
18236,period_4436,null,activity_3206,2025-01-29T00:00:00Z,Winger,1,1550.3372006425172,7,89.81927309069384,173,64,2001-10-07
18236,period_3907,null,activity_3834,2024-12-01T00:00:00Z,Winger,1,828.8457143360139,5,12.683930663585107,173,64,2001-10-07
18236,period_2655,null,activity_2614,2025-03-12T00:00:00Z,Winger,1,551.463244283477,5,20.101650548632144,173,64,2001-10-07
18236,period_4299,null,activity_432,2024-10-19T00:00:00Z,Winger,1,1429.75244001665,7,0,173,64,2001-10-07
18236,period_109,null,activity_2511,2025-02-05T00:00:00Z,Winger,1,2422.714352827213,6,43.52031074585243,173,64,2001-10-07
18236,period_1924,null,activity_650,2024-12-18T00:00:00Z,Winger,1,2847.5419939456015,6,19.66288905189194,173,64,2001-10-07
18236,period_1501,null,activity_3585,2025-02-15T00:00:00Z,Winger,1,350.49301460172495,6,7.409863952669947,173,64,2001-10-07
18236,period_3493,null,activity_1612,2024-12-10T00:00:00Z,Winger,1,1570.493451616123,6,48.568711994345534,173,64,2001-10-07
18236,period_2761,null,activity_2894,2025-04-16T00:00:00Z,Winger,1,519.4448219891035,11,12.771645216364613,173,64,2001-10-07
18236,period_2423,null,activity_4443,2024-08-25T00:00:00Z,Winger,1,1295.881655727025,7,15.780982217764963,173,64,2001-10-07
18236,period_4251,null,activity_2583,2025-04-20T00:00:00Z,Winger,1,1487.6413010775286,12,24.591661430909586,173,64,2001-10-07
18236,period_1859,null,activity_3591,2025-01-16T00:00:00Z,Winger,1,943.1450160744198,11,10.284524822317557,173,64,2001-10-07
18236,period_3943,null,activity_2558,2025-02-11T00:00:00Z,Winger,1,3055.7737060608374,10,70.04725556039865,173,64,2001-10-07
18236,period_359,null,activity_944,2025-02-19T00:00:00Z,Winger,1,1965.2460344873925,8,56.16091360097446,173,64,2001-10-07
18236,period_4304,null,activity_865,2024-10-05T00:00:00Z,Winger,1,1299.3483755071293,6,25.337527850332194,173,64,2001-10-07
18236,period_789,null,activity_4496,2024-09-24T00:00:00Z,Winger,1,1596.5799094129031,9,115.55698106468675,173,64,2001-10-07
18236,period_599,null,activity_2102,2025-06-18T00:00:00Z,Winger,1,1548.3492257542332,2,0.8723045498135666,173,64,2001-10-07
18236,period_3105,null,activity_1093,2024-09-29T00:00:00Z,Winger,1,1729.0532428575189,9,16.24656958145695,173,64,2001-10-07
18236,period_3243,null,activity_2831,2025-01-22T00:00:00Z,Winger,1,1348.3522317522975,8,17.40657998580749,173,64,2001-10-07
18236,period_3623,null,activity_1872,2025-01-19T00:00:00Z,Winger,1,1278.0193174463702,6,22.670538153473103,173,64,2001-10-07
18236,period_486,null,activity_1434,2025-02-01T00:00:00Z,Winger,1,1247.447015274723,8,4.831518313686024,173,64,2001-10-07
18236,period_3385,null,activity_3285,2024-09-17T00:00:00Z,Winger,1,1219.591608858545,4,6.464707003576047,173,64,2001-10-07
18236,period_4454,null,activity_4067,2024-12-14T00:00:00Z,Winger,1,1445.9570843345316,8,83.46493930208126,173,64,2001-10-07
18236,period_2574,null,activity_2071,2025-04-26T00:00:00Z,Winger,1,1242.801875318497,4,70.10470115523513,173,64,2001-10-07
18236,period_958,null,activity_1106,2025-01-25T00:00:00Z,Winger,1,461.40949142337985,6,18.272216517843216,173,64,2001-10-07
18236,period_202,null,activity_4208,2025-02-08T00:00:00Z,Winger,1,1614.2504861141674,1,12.036460291638534,173,64,2001-10-07
18236,period_1431,null,activity_1456,2024-11-05T00:00:00Z,Winger,1,1516.2525990546585,5,9.894224192508247,173,64,2001-10-07
18236,period_1473,null,activity_551,2025-03-29T00:00:00Z,Winger,1,1399.2811228514906,11,14.540171783713667,173,64,2001-10-07
18236,period_3073,null,activity_2361,2025-02-23T00:00:00Z,Winger,1,1456.3336482496525,11,4.800762321219398,173,64,2001-10-07
18236,period_2160,null,activity_26,2025-04-13T00:00:00Z,Winger,1,1343.5084082477592,7,17.781834442334223,173,64,2001-10-07
18236,period_1555,null,activity_4155,2025-03-15T00:00:00Z,Winger,1,1418.492261256226,6,12.110519058939206,173,64,2001-10-07
18236,period_2954,BP 1043,activity_1022,2025-04-18T00:00:00Z,Winger,null,1407.4291735957504,0,0,173,64,2001-10-07
18236,period_4617,G 8908,activity_1059,2025-03-06T00:00:00Z,Winger,null,795.0662260039186,7,1.4535733256508472,173,64,2001-10-07
18236,period_3261,G 3863,activity_477,2025-04-30T00:00:00Z,Winger,null,1712.6723650576896,3,0,173,64,2001-10-07
18236,period_4122,G 1960,activity_3357,2025-04-25T00:00:00Z,Winger,null,1101.9901745038724,4,6.441381628285764,173,64,2001-10-07
18236,period_1415,TAC 5940,activity_1415,2025-05-07T00:00:00Z,Winger,null,1232.1134848745874,0,20.249700684703853,173,64,2001-10-07
18236,period_2331,BP 7816,activity_1389,2024-12-16T00:00:00Z,Winger,null,711.3238848524471,1,0,173,64,2001-10-07
18236,period_939,TAC 0133,activity_4137,2025-03-07T00:00:00Z,Winger,null,1978.0328112088034,0,45.5253972871255,173,64,2001-10-07
18236,period_4354,TEC 5341,activity_4655,2025-04-06T00:00:00Z,Winger,null,92.05585840236674,0,0,173,64,2001-10-07
18236,period_4233,TAC 0133,activity_2366,2025-03-28T00:00:00Z,Winger,null,634.2601759646859,7,0,173,64,2001-10-07
18236,period_3221,TAC 5940,activity_874,2024-11-03T00:00:00Z,Winger,null,824.8328688174162,2,41.89881962183505,173,64,2001-10-07
18236,period_3993,TAC 7525,activity_359,2025-01-07T00:00:00Z,Winger,null,762.7973282441842,4,0,173,64,2001-10-07
18236,period_578,BP 4893,activity_4122,2025-01-08T00:00:00Z,Winger,null,434.6117875229309,2,17.869714901504327,173,64,2001-10-07
18236,period_3077,TAC 0133,activity_599,2025-04-15T00:00:00Z,Winger,null,1534.7197561674602,3,10.183764030118377,173,64,2001-10-07
18236,period_1106,G 7940,activity_3299,2025-02-27T00:00:00Z,Winger,null,1388.808747196292,5,5.081103958135993,173,64,2001-10-07
18236,period_625,TAC 0133,activity_2655,2025-02-04T00:00:00Z,Winger,null,1429.5022375536491,2,0,173,64,2001-10-07
18236,period_4155,BP 1822,activity_1060,2025-02-21T00:00:00Z,Winger,null,698.763662323317,5,21.747799769677833,173,64,2001-10-07
18236,period_99,G 7824,activity_3299,2025-02-27T00:00:00Z,Winger,null,1558.0255745082445,0,6.2337938647089475,173,64,2001-10-07
18236,period_3591,BP 2351,activity_599,2025-04-15T00:00:00Z,Winger,null,674.3675274139399,2,0,173,64,2001-10-07
18236,period_1693,BP 8346,activity_477,2025-04-30T00:00:00Z,Winger,null,477.58281626739074,5,0,173,64,2001-10-07
18236,period_4407,G 1669,activity_2423,2025-01-01T00:00:00Z,Winger,null,814.1140393472186,27,0,173,64,2001-10-07
18236,period_873,G 1960,activity_1924,2025-02-28T00:00:00Z,Winger,null,886.4138685319216,5,0,173,64,2001-10-07
18236,period_3070,G 1960,activity_3532,2024-09-16T00:00:00Z,Winger,null,2267.8224094692187,5,0,173,64,2001-10-07
18236,period_995,BP 8299,activity_3299,2025-02-27T00:00:00Z,Winger,null,664.9635522308716,7,0,173,64,2001-10-07
18236,period_2152,G 0106,activity_4655,2025-04-06T00:00:00Z,Winger,null,522.2636241748814,12,2.8273123959679074,173,64,2001-10-07
18236,period_4366,G 1960,activity_4407,2025-04-04T00:00:00Z,Winger,null,909.2469447955586,8,0,173,64,2001-10-07
18236,period_4247,G 3164,activity_3907,2025-05-08T00:00:00Z,Winger,null,702.3931125217973,4,4.03374768011639,173,64,2001-10-07
18236,period_1589,TAC 3056,activity_4436,2024-08-23T00:00:00Z,Winger,null,1209.472542079912,2,0,173,64,2001-10-07
18236,period_1708,G 1960,activity_2574,2025-02-07T00:00:00Z,Winger,null,1852.2476212112101,17,0,173,64,2001-10-07
18236,period_190,G 3218,activity_4067,2024-09-26T00:00:00Z,Winger,null,682.7792438436276,1,0.568042051821324,173,64,2001-10-07
18236,period_4270,G 7015,activity_486,2024-08-11T00:00:00Z,Winger,null,1963.797610820433,2,1.325425276665366,173,64,2001-10-07
18236,period_4369,G 3164,activity_823,2025-05-01T00:00:00Z,Winger,null,584.4038013487609,0,0,173,64,2001-10-07
18236,period_146,G 3164,activity_2423,2025-01-01T00:00:00Z,Winger,null,2651.840965851426,3,0,173,64,2001-10-07
18236,period_350,TAC 0133,activity_3943,2024-08-10T00:00:00Z,Winger,null,671.756780592682,13,0,173,64,2001-10-07
18236,period_1778,G 1960,activity_3623,2024-09-27T00:00:00Z,Winger,null,1085.1084438756411,6,0,173,64,2001-10-07
18236,period_2405,G 5146,activity_359,2025-01-07T00:00:00Z,Winger,null,555.4445852542073,6,12.426201195754091,173,64,2001-10-07
18236,period_75,TEC 9696,activity_4208,2025-05-02T00:00:00Z,Winger,null,116.43188762206685,0,0,173,64,2001-10-07
18236,period_1612,G 9283,activity_3073,2025-05-06T00:00:00Z,Winger,null,1790.7838394111618,5,53.38737722550599,173,64,2001-10-07
18236,period_3506,TEC 5341,activity_1415,2025-05-07T00:00:00Z,Winger,null,112.79488424141996,0,0,173,64,2001-10-07
18236,period_4753,BP 1849,activity_2516,2025-04-10T00:00:00Z,Winger,null,472.54946486163743,1,0,173,64,2001-10-07
18236,period_4834,G 3164,activity_3516,2025-04-24T00:00:00Z,Winger,null,4136.828671474297,0,16.434958438767037,173,64,2001-10-07
18236,period_75,G 9283,activity_911,2025-04-03T00:00:00Z,Winger,null,1121.4498572799578,5,16.54373425726619,173,64,2001-10-07
18236,period_2717,TAC 0133,activity_3907,2025-05-08T00:00:00Z,Winger,null,997.5802930246933,9,0,173,64,2001-10-07
18236,period_1923,TEC 5341,activity_4436,2024-08-23T00:00:00Z,Winger,null,337.5084437441663,0,0,173,64,2001-10-07
18236,period_2558,G 1960,activity_3614,2025-04-12T00:00:00Z,Winger,null,2259.609589777149,5,0,173,64,2001-10-07
18236,period_3812,G 1960,activity_4436,2024-08-23T00:00:00Z,Winger,null,1142.9051965421322,8,23.408766336383625,173,64,2001-10-07
18236,period_2953,G 1960,activity_4454,2024-12-13T00:00:00Z,Winger,null,1802.0864108028748,8,0,173,64,2001-10-07
18236,period_2071,G 1960,activity_3493,2025-05-10T00:00:00Z,Winger,null,1485.5958009413762,2,0,173,64,2001-10-07
18236,period_3129,TEC 5341,activity_3357,2025-04-25T00:00:00Z,Winger,null,244.47933175890884,6,3.863115409797042,173,64,2001-10-07
18236,period_1641,G 1960,activity_2955,2025-01-15T00:00:00Z,Winger,null,2861.774890705284,15,11.01713967377708,173,64,2001-10-07
18236,period_2831,G 5931,activity_4299,2025-04-11T00:00:00Z,Winger,null,1709.4469201556808,11,0,173,64,2001-10-07
18236,period_3998,TAC 0133,activity_4433,2024-08-28T00:00:00Z,Winger,null,1677.5050148475432,5,31.10731844982593,173,64,2001-10-07
18236,period_4249,TEC 5341,activity_1060,2025-02-21T00:00:00Z,Winger,null,543.9611562871758,0,0,173,64,2001-10-07
18236,period_4754,G 1960,activity_2366,2025-03-28T00:00:00Z,Winger,null,1049.2025473959584,5,0,173,64,2001-10-07
70334,period_2180,TAC 0133,activity_1415,2025-05-07T00:00:00Z,Full Back,null,1566.4198824356622,9,9.739537232619538,169,64,1999-05-28
70334,period_350,TAC 0133,activity_3943,2024-08-10T00:00:00Z,Full Back,null,1049.6750203966947,9,12.733038657272902,169,64,1999-05-28
70334,period_3998,TAC 0133,activity_4433,2024-08-28T00:00:00Z,Full Back,null,824.1952770835647,5,22.219051791899233,169,64,1999-05-28
70334,period_4590,BP 5787,activity_1554,2025-03-27T00:00:00Z,Full Back,null,1673.851365729129,10,0,169,64,1999-05-28
70334,period_2361,TAC 7525,activity_2877,2025-04-22T00:00:00Z,Full Back,null,735.5929228460033,6,48.801020083984,169,64,1999-05-28
70334,period_4717,G 1960,activity_2593,2024-10-18T00:00:00Z,Full Back,null,2390.597936717065,9,0,169,64,1999-05-28
70334,period_4157,G 1960,activity_4699,2024-07-30T00:00:00Z,Full Back,null,2674.105340567733,6,0,169,64,1999-05-28
70334,period_3506,TEC 5341,activity_1415,2025-05-07T00:00:00Z,Full Back,null,184.522613607575,8,0,169,64,1999-05-28
70334,period_4230,BP 6872,activity_1059,2025-03-06T00:00:00Z,Full Back,null,746.9167225427358,7,7.758937527058654,169,64,1999-05-28
70334,period_3206,BP 1615,activity_1061,2024-12-31T00:00:00Z,Full Back,null,500.66121462698646,2,0,169,64,1999-05-28
70334,period_874,G 1960,activity_2601,2024-12-21T00:00:00Z,Full Back,null,1467.5788148239772,1,10.75488493726313,169,64,1999-05-28
70334,period_1415,TAC 5940,activity_1415,2025-05-07T00:00:00Z,Full Back,null,395.23997788552236,4,0,169,64,1999-05-28
70334,period_4753,BP 1849,activity_2516,2025-04-10T00:00:00Z,Full Back,null,1018.9946003494041,6,0,169,64,1999-05-28
70334,period_1434,BP 4303,activity_477,2025-04-30T00:00:00Z,Full Back,null,602.1022148151845,7,0,169,64,1999-05-28
70334,period_2894,TAC 0133,activity_4699,2024-07-30T00:00:00Z,Full Back,null,1682.693173249109,14,64.30850532726248,169,64,1999-05-28
70334,period_64,BP 5376,activity_4651,2024-07-19T00:00:00Z,Full Back,null,691.8068271964868,7,19.630354055774436,169,64,1999-05-28
70334,period_523,G 1669,activity_1431,2025-01-30T00:00:00Z,Full Back,null,1487.0187963660587,8,37.65044022791184,169,64,1999-05-28
70334,period_551,BP 1849,activity_1501,2024-10-07T00:00:00Z,Full Back,null,612.1720077618672,5,11.000979356189982,169,64,1999-05-28
70334,period_1916,G 1960,activity_439,2024-10-09T00:00:00Z,Full Back,null,812.4705832784103,1,0,169,64,1999-05-28
70334,period_3468,G 1960,activity_75,2025-02-22T00:00:00Z,Full Back,null,1979.158578571748,3,15.769953202119417,169,64,1999-05-28
70334,period_1708,G 1960,activity_2574,2025-02-07T00:00:00Z,Full Back,null,2247.7531426888627,3,0,169,64,1999-05-28
70334,period_578,BP 4893,activity_4122,2025-01-08T00:00:00Z,Full Back,null,835.4847765392702,9,84.11828228960532,169,64,1999-05-28
70334,period_1872,TAC 7525,activity_4335,2025-05-03T00:00:00Z,Full Back,null,1272.6082754169113,6,94.2604524139095,169,64,1999-05-28
70334,period_3790,TEC 7736,activity_1554,2025-03-27T00:00:00Z,Full Back,null,547.2133004218009,0,0,169,64,1999-05-28
70334,period_3309,G 8095,activity_4690,2025-04-21T00:00:00Z,Full Back,null,1361.3218770585804,9,0,169,64,1999-05-28
70334,period_4650,BP 2351,activity_439,2024-10-09T00:00:00Z,Full Back,null,1111.1999121301014,5,6.716861559541072,169,64,1999-05-28
70334,period_2920,BP 3884,activity_3243,2024-10-17T00:00:00Z,Full Back,null,349.2949107135289,3,0,169,64,1999-05-28
70334,period_4067,G 3218,activity_2160,2024-07-29T00:00:00Z,Full Back,null,1786.8492796281432,1,0.4240879516467186,169,64,1999-05-28
70334,period_625,TAC 0133,activity_2655,2025-02-04T00:00:00Z,Full Back,null,933.5305152589706,7,39.69553357428957,169,64,1999-05-28
70334,period_1819,G 1960,activity_4433,2024-08-28T00:00:00Z,Full Back,null,777.9646492763183,4,13.288371869064095,169,64,1999-05-28
70334,period_2071,G 1960,activity_3493,2025-05-10T00:00:00Z,Full Back,null,2674.1045439326094,2,44.610457778032895,169,64,1999-05-28
70334,period_1693,BP 8346,activity_477,2025-04-30T00:00:00Z,Full Back,null,927.5387800144442,8,0,169,64,1999-05-28
70334,period_4407,G 1669,activity_2423,2025-01-01T00:00:00Z,Full Back,null,842.9169467900908,14,0,169,64,1999-05-28
70334,period_1957,G 0184,activity_1230,2024-07-27T00:00:00Z,Full Back,null,846.943871498935,7,6.529268571748186,169,64,1999-05-28
70334,period_3001,G 1960,activity_96,2025-02-25T00:00:00Z,Full Back,null,1148.188396498363,0,0,169,64,1999-05-28
70334,period_362,TAC 0133,activity_4436,2024-08-23T00:00:00Z,Full Back,null,1212.3878416927348,5,0,169,64,1999-05-28
70334,period_3678,G 1960,activity_3907,2025-05-08T00:00:00Z,Full Back,null,2934.9366402942287,8,22.672335688187392,169,64,1999-05-28
70334,period_1456,BP 2351,activity_1951,2025-04-19T00:00:00Z,Full Back,null,645.3663878273643,0,2.3337315817742197,169,64,1999-05-28
70334,period_3226,G 1960,activity_1555,2024-08-02T00:00:00Z,Full Back,null,2662.210595680678,8,0,169,64,1999-05-28
70334,period_2155,TAC 0133,activity_3105,2025-01-18T00:00:00Z,Full Back,null,702.0234358556722,12,22.88264049737221,169,64,1999-05-28
70334,period_4726,G 3218,activity_1022,2025-04-18T00:00:00Z,Full Back,null,1334.3411650482856,10,82.3890702765862,169,64,1999-05-28
70334,period_3285,BP 2351,activity_1554,2025-03-27T00:00:00Z,Full Back,null,866.9412776803543,4,0,169,64,1999-05-28
70334,period_75,G 9283,activity_911,2025-04-03T00:00:00Z,Full Back,null,1417.3099341017569,6,24.88967038254191,169,64,1999-05-28
70334,period_1764,TAC 0133,activity_4304,2024-09-13T00:00:00Z,Full Back,null,1066.3985390725916,3,43.333682277057946,169,64,1999-05-28
70334,period_2300,BP 2704,activity_1589,2025-04-09T00:00:00Z,Full Back,null,2566.811018211307,0,0,169,64,1999-05-28
70334,period_1192,BP 2351,activity_789,2024-08-22T00:00:00Z,Full Back,null,548.7199233310131,4,0,169,64,1999-05-28
70334,period_190,G 3218,activity_4067,2024-09-26T00:00:00Z,Full Back,null,1434.8994816089212,6,6.131040231429023,169,64,1999-05-28
70334,period_1923,TEC 5341,activity_4436,2024-08-23T00:00:00Z,Full Back,null,177.9406960309547,0,30.7000112812166,169,64,1999-05-28
70334,period_2953,G 1960,activity_4454,2024-12-13T00:00:00Z,Full Back,null,1247.7410743221396,7,53.54903931980549,169,64,1999-05-28
70334,period_3578,G 1960,activity_3638,2024-08-17T00:00:00Z,Full Back,null,2429.866478097946,5,34.993818795482795,169,64,1999-05-28
70334,period_1641,G 1960,activity_2955,2025-01-15T00:00:00Z,Full Back,null,1694.9094702477505,2,0,169,64,1999-05-28
70334,period_298,BP 5787,activity_4251,2025-05-21T00:00:00Z,Full Back,null,456.2656878260145,5,0,169,64,1999-05-28
70334,period_3087,BP 3930,activity_4067,2024-09-26T00:00:00Z,Full Back,null,637.6562436698953,9,0,169,64,1999-05-28
70334,period_2175,BP 2351,activity_2366,2025-03-28T00:00:00Z,Full Back,null,542.9753553110046,10,0,169,64,1999-05-28
70334,period_522,BP 1822,activity_1389,2024-12-16T00:00:00Z,Full Back,null,1596.3630110195284,2,0,169,64,1999-05-28
70334,period_2424,BP 6474,activity_3030,2024-12-08T00:00:00Z,Full Back,null,1197.7968423322611,3,0,169,64,1999-05-28
70334,period_4037,G 7015,activity_486,2024-08-11T00:00:00Z,Full Back,null,1943.8917048113253,5,0,169,64,1999-05-28
70334,period_2390,TAC 0133,activity_1951,2025-04-19T00:00:00Z,Full Back,null,1589.7407134576836,5,46.36319038737795,169,64,1999-05-28
70334,period_2421,BP 0518,activity_3073,2025-05-06T00:00:00Z,Full Back,null,624.5416152255858,0,22.374375846842703,169,64,1999-05-28
70334,period_1334,BP 2351,activity_1501,2024-10-07T00:00:00Z,Full Back,null,861.5682486125143,3,0,169,64,1999-05-28
70334,period_425,G 1960,activity_3385,2025-02-14T00:00:00Z,Full Back,null,1327.1610756954065,3,19.176718312990182,169,64,1999-05-28
70334,period_1247,G 0184,activity_1230,2024-07-27T00:00:00Z,Full Back,null,2072.2076780908133,2,0,169,64,1999-05-28
70334,period_483,BP 2654,activity_2160,2024-07-29T00:00:00Z,Full Back,null,839.0501192520993,8,0,169,64,1999-05-28
70334,period_1945,G 1960,activity_4651,2024-07-19T00:00:00Z,Full Back,null,1041.1744785834471,4,0,169,64,1999-05-28
70334,period_3564,G 3218,activity_1061,2024-12-31T00:00:00Z,Full Back,null,1817.5215279171573,5,22.31471611311638,169,64,1999-05-28
70334,period_4067,G 1960,activity_4137,2025-03-07T00:00:00Z,Full Back,null,2388.56318443581,4,19.90609591304652,169,64,1999-05-28
70334,period_4489,G 8281,activity_4067,2024-09-26T00:00:00Z,Full Back,null,2500.097010853428,8,60.28255379597177,169,64,1999-05-28
70334,period_473,TEC 7376,activity_911,2025-04-03T00:00:00Z,Full Back,null,349.2851532757944,0,0,169,64,1999-05-28
70334,period_830,TAC 2528,activity_477,2025-04-30T00:00:00Z,Full Back,null,608.939463068473,6,54.639330963838134,169,64,1999-05-28
70334,period_3582,G 5931,activity_3243,2024-10-17T00:00:00Z,Full Back,null,1344.673524512233,9,58.54826567037944,169,64,1999-05-28
70334,period_3812,G 1960,activity_4436,2024-08-23T00:00:00Z,Full Back,null,3070.321233450255,9,4.627256103066706,169,64,1999-05-28
70334,period_4714,BP 4303,activity_1589,2025-04-09T00:00:00Z,Full Back,null,280.9238840202766,5,0,169,64,1999-05-28
70334,period_1683,G 5931,activity_2060,2025-05-22T00:00:00Z,Full Back,null,1623.7397636918656,8,21.840777827765955,169,64,1999-05-28
70334,period_4249,TEC 5341,activity_1060,2025-02-21T00:00:00Z,Full Back,null,169.13073814485304,4,0,169,64,1999-05-28
70334,period_2985,BP 4893,activity_3943,2024-08-10T00:00:00Z,Full Back,null,1073.3943127440386,1,0,169,64,1999-05-28
70334,period_2770,G 1960,activity_958,2024-07-26T00:00:00Z,Full Back,null,4409.191796540315,3,17.153559793110766,169,64,1999-05-28
70334,period_75,TEC 9696,activity_4208,2025-05-02T00:00:00Z,Full Back,null,490.1706678269107,0,0,169,64,1999-05-28
70334,period_1493,TAC 0133,activity_4436,2024-08-23T00:00:00Z,Full Back,null,1852.243386953701,8,2.269709584127335,169,64,1999-05-28
70334,period_4703,TAC 0133,activity_2574,2025-02-07T00:00:00Z,Full Back,null,1304.0685892930937,2,27.653486834490714,169,64,1999-05-28
70334,period_4113,BP 8299,activity_3790,2025-02-24T00:00:00Z,Full Back,null,458.64801771532865,12,0,169,64,1999-05-28
70334,period_2586,TAC 5940,activity_3532,2024-09-16T00:00:00Z,Full Back,null,1027.3128888300382,7,0,169,64,1999-05-28
70334,period_873,G 1960,activity_1924,2025-02-28T00:00:00Z,Full Back,null,824.5164733253666,7,2.9378077538244916,169,64,1999-05-28
70334,period_3070,G 1960,activity_3532,2024-09-16T00:00:00Z,Full Back,null,1145.9022940600007,5,15.979066848547768,169,64,1999-05-28
70334,period_2474,TAC 3056,activity_4436,2024-08-23T00:00:00Z,Full Back,null,1357.6865876302586,4,26.047332047726876,169,64,1999-05-28
70334,period_2438,BP 2351,activity_2516,2025-04-10T00:00:00Z,Full Back,null,334.97011314588417,2,0,169,64,1999-05-28
70334,period_2249,G 3863,activity_789,2024-08-22T00:00:00Z,Full Back,null,1703.0814602593448,1,13.683851978046457,169,64,1999-05-28
70334,period_3614,G 5931,activity_109,2024-11-30T00:00:00Z,Full Back,null,1541.7002545425528,13,14.777681020489403,169,64,1999-05-28
70334,period_650,TAC 0133,activity_3357,2025-04-25T00:00:00Z,Full Back,null,1310.8730626987012,3,69.91289443818067,169,64,1999-05-28
70334,period_2876,TAC 0133,activity_486,2024-08-11T00:00:00Z,Full Back,null,424.9499841294013,1,31.780735659966314,169,64,1999-05-28
70334,period_525,TAC 7525,activity_4208,2025-05-02T00:00:00Z,Full Back,null,767.3007863613961,6,0,169,64,1999-05-28
70334,period_3250,G 1960,activity_2877,2025-04-22T00:00:00Z,Full Back,null,2361.0793140183455,7,21.035717817929335,169,64,1999-05-28
70334,period_3077,TAC 0133,activity_599,2025-04-15T00:00:00Z,Full Back,null,1729.0286990922014,4,43.00372533638799,169,64,1999-05-28
70334,period_2511,BP 4893,activity_4699,2024-07-30T00:00:00Z,Full Back,null,420.9194378394669,0,0,169,64,1999-05-28
70334,period_1683,BP 2351,activity_1389,2024-12-16T00:00:00Z,Full Back,null,510.35208507872454,9,0,169,64,1999-05-28
70334,period_26,G 8281,activity_1060,2025-02-21T00:00:00Z,Full Back,null,1841.1689863925042,3,24.18626539310746,169,64,1999-05-28
70334,period_2831,G 5931,activity_4299,2025-04-11T00:00:00Z,Full Back,null,1811.6575244750704,6,19.3456210154481,169,64,1999-05-28
70334,period_2652,TEC 5341,activity_2423,2025-01-01T00:00:00Z,Full Back,null,245.93563244283308,8,0,169,64,1999-05-28
70334,period_4216,G 0184,activity_1230,2024-07-27T00:00:00Z,Full Back,null,2454.181721212107,13,47.25269324405545,169,64,1999-05-28
70334,period_3868,BP 5376,activity_4690,2025-04-21T00:00:00Z,Full Back,null,940.1340398379667,4,0,169,64,1999-05-28
70334,period_3707,G 1960,activity_4304,2024-09-13T00:00:00Z,Full Back,null,2982.915828145482,5,0,169,64,1999-05-28
70334,period_174,BP 1031,activity_3243,2024-10-17T00:00:00Z,Full Back,null,524.6863657152422,2,0,169,64,1999-05-28
70334,period_4665,G 8963,activity_1554,2025-03-27T00:00:00Z,Full Back,null,1534.1481381000872,10,14.942163398469912,169,64,1999-05-28
70334,period_4617,G 8908,activity_1059,2025-03-06T00:00:00Z,Full Back,null,2140.136529137577,10,6.596167668917352,169,64,1999-05-28
70334,period_3261,G 3863,activity_477,2025-04-30T00:00:00Z,Full Back,null,3403.435119536137,4,0,169,64,1999-05-28
70334,period_2528,G 7940,activity_3790,2025-02-24T00:00:00Z,Full Back,null,1620.1715400506594,3,33.01937927486321,169,64,1999-05-28
70334,period_2583,TEC 5341,activity_1501,2024-10-07T00:00:00Z,Full Back,null,245.94228967381432,0,0,169,64,1999-05-28
70334,period_2717,TAC 0133,activity_3907,2025-05-08T00:00:00Z,Full Back,null,2087.0947357077307,4,44.44130394991877,169,64,1999-05-28
70334,period_934,TAC 2764,activity_3073,2025-05-06T00:00:00Z,Full Back,null,2372.618790031174,4,0,169,64,1999-05-28
70334,period_1061,BP 8350,activity_3907,2025-05-08T00:00:00Z,Full Back,null,417.8680795713054,0,0,169,64,1999-05-28
70334,period_3636,G 7242,activity_1589,2025-04-09T00:00:00Z,Full Back,null,1165.8431373788858,25,0,169,64,1999-05-28
70334,period_315,BP 3884,activity_1431,2025-01-30T00:00:00Z,Full Back,null,1425.3548614624583,3,0,169,64,1999-05-28
70334,period_562,G 0184,activity_1230,2024-07-27T00:00:00Z,Full Back,null,4082.615339312006,0,5.923178440920961,169,64,1999-05-28
70334,period_3352,TAC 0133,activity_2761,2025-03-03T00:00:00Z,Full Back,null,1088.1615269225204,3,7.413358000460366,169,64,1999-05-28
70334,period_1768,TAC 1326,activity_4299,2025-04-11T00:00:00Z,Full Back,null,653.19341415085,2,14.836362631079464,169,64,1999-05-28
70334,period_486,null,activity_1434,2025-02-01T00:00:00Z,Full Back,1,923.7358061445135,8,33.82519514947968,169,64,1999-05-28
70334,period_3105,null,activity_1093,2024-09-29T00:00:00Z,Full Back,1,1489.6674364295538,9,34.3953825481078,169,64,1999-05-28
70334,period_3638,null,activity_2158,2025-04-01T00:00:00Z,Full Back,1,1825.8225335391069,5,80.49908971116146,169,64,1999-05-28
70334,period_1059,null,activity_2758,2024-11-24T00:00:00Z,Full Back,1,1056.096551080757,8,35.44955991869378,169,64,1999-05-28
70334,period_3943,null,activity_2558,2025-02-11T00:00:00Z,Full Back,1,417.11128183590347,5,98.6666383066473,169,64,1999-05-28
70334,period_3493,null,activity_1612,2024-12-10T00:00:00Z,Full Back,1,1201.6401932408894,7,27.516775221262034,169,64,1999-05-28
70334,period_2761,null,activity_2894,2025-04-16T00:00:00Z,Full Back,1,2426.690171833863,11,42.96612616010775,169,64,1999-05-28
70334,period_599,null,activity_2102,2025-06-18T00:00:00Z,Full Back,1,1786.8814658308029,8,18.79487043727533,169,64,1999-05-28
70334,period_3385,null,activity_3285,2024-09-17T00:00:00Z,Full Back,1,2690.362558849759,3,65.33721292499433,169,64,1999-05-28
70334,period_2655,null,activity_2614,2025-03-12T00:00:00Z,Full Back,1,2362.631281036876,14,40.64487293543731,169,64,1999-05-28
70334,period_1473,null,activity_551,2025-03-29T00:00:00Z,Full Back,1,1498.4501112460482,11,46.5375356266706,169,64,1999-05-28
70334,period_1924,null,activity_650,2024-12-18T00:00:00Z,Full Back,1,386.75551182202884,8,0,169,64,1999-05-28
70334,period_2160,null,activity_26,2025-04-13T00:00:00Z,Full Back,1,2011.9094807309125,7,14.281296355463663,169,64,1999-05-28
70334,period_2601,null,activity_625,2024-08-04T00:00:00Z,Full Back,1,1289.8982480162235,5,15.430857491438813,169,64,1999-05-28
70334,period_3030,null,activity_2954,2025-03-01T00:00:00Z,Full Back,1,602.9708235371363,5,74.82941158177502,169,64,1999-05-28
70334,period_2516,null,activity_830,2024-08-01T00:00:00Z,Full Back,1,1983.3658188131747,9,59.19984534933532,169,64,1999-05-28
70334,period_2955,null,activity_2985,2025-05-04T00:00:00Z,Full Back,1,1038.6345789493732,4,44.67707692760437,169,64,1999-05-28
70334,period_4433,null,activity_4602,2025-04-05T00:00:00Z,Full Back,1,2345.6807686936268,6,43.161161860445866,169,64,1999-05-28
70334,period_1973,null,activity_2390,2025-06-26T00:00:00Z,Full Back,1,1662.241201453142,8,23.67093206183153,169,64,1999-05-28
70334,period_4581,null,activity_525,2025-03-09T00:00:00Z,Full Back,1,1770.7556177399472,11,54.40805918655491,169,64,1999-05-28
70334,period_3243,null,activity_4016,2024-08-06T00:00:00Z,Full Back,1,559.728066492735,5,23.760933894902955,169,64,1999-05-28
70334,period_1431,null,activity_1456,2024-11-05T00:00:00Z,Full Back,1,2269.5175174996366,5,14.615307394093147,169,64,1999-05-28
70334,period_477,null,activity_1862,2025-06-22T00:00:00Z,Full Back,1,1521.1638293155077,6,50.76592633455882,169,64,1999-05-28
70334,period_3907,null,activity_3834,2024-12-01T00:00:00Z,Full Back,1,1914.0442563121446,7,11.260758310093724,169,64,1999-05-28
70334,period_3516,null,activity_3564,2025-01-12T00:00:00Z,Full Back,1,4835.396366609762,6,25.793436348505086,169,64,1999-05-28
70334,period_2423,null,activity_4443,2024-08-25T00:00:00Z,Full Back,1,601.4562907038953,13,51.73477495203615,169,64,1999-05-28
70334,period_3623,null,activity_1872,2025-01-19T00:00:00Z,Full Back,1,1717.5412809441373,4,12.088843251231125,169,64,1999-05-28
70334,period_4299,null,activity_432,2024-10-19T00:00:00Z,Full Back,1,1502.657551349572,5,19.95672684417462,169,64,1999-05-28
70334,period_2877,null,activity_625,2024-08-03T00:00:00Z,Full Back,1,996.7542317544998,10,39.993656533616786,169,64,1999-05-28
70334,period_1555,null,activity_4155,2025-03-15T00:00:00Z,Full Back,1,1191.457010532109,4,97.16258667991868,169,64,1999-05-28
70334,period_1060,null,activity_1526,2025-04-23T00:00:00Z,Full Back,1,1160.3691238313354,5,49.704201893817945,169,64,1999-05-28
70334,period_823,null,activity_146,2024-10-26T00:00:00Z,Full Back,1,1566.0287414396755,6,91.22794566547618,169,64,1999-05-28
70334,period_1859,null,activity_3591,2025-01-16T00:00:00Z,Full Back,1,4811.797475162151,12,6.494710435094117,169,64,1999-05-28
70334,period_958,null,activity_1106,2025-01-25T00:00:00Z,Full Back,1,1532.7560082364673,8,48.794908548804486,169,64,1999-05-28
70334,period_202,null,activity_4208,2025-02-08T00:00:00Z,Full Back,1,2121.2684219456146,7,33.32886476056882,169,64,1999-05-28
70334,period_109,null,activity_2511,2025-02-05T00:00:00Z,Full Back,1,1738.9983791491047,10,0,169,64,1999-05-28
70334,period_2148,null,activity_4016,2024-08-07T00:00:00Z,Full Back,1,1056.0744264475788,6,21.45807539314913,169,64,1999-05-28
70334,period_1230,null,activity_939,2025-05-24T00:00:00Z,Full Back,1,1554.2361867233355,6,19.363488588048696,169,64,1999-05-28
70334,period_3040,null,activity_2953,2025-02-26T00:00:00Z,Full Back,1,1778.7705370134095,0,10.115258980552737,169,64,1999-05-28
70334,period_4699,null,activity_929,2024-10-02T00:00:00Z,Full Back,1,2042.543733222925,10,14.427633683310432,169,64,1999-05-28
70334,period_4690,null,activity_883,2024-12-04T00:00:00Z,Full Back,1,1645.310489688789,8,39.762947047336915,169,64,1999-05-28
70334,period_3532,null,activity_625,2024-08-04T00:00:00Z,Full Back,1,2289.802968187457,12,55.65179838202434,169,64,1999-05-28
70334,period_3357,null,activity_2421,2025-05-11T00:00:00Z,Full Back,1,1392.5256412218846,7,23.40146542012641,169,64,1999-05-28
70334,period_2574,null,activity_2071,2025-04-26T00:00:00Z,Full Back,1,2326.7178874911233,0,0,169,64,1999-05-28
70334,period_2366,null,activity_830,2024-08-01T00:00:00Z,Full Back,1,1528.4707718935774,12,44.66869609473126,169,64,1999-05-28
70334,period_4651,null,activity_1493,2024-09-01T00:00:00Z,Full Back,1,1947.450813906997,14,16.864316313064332,169,64,1999-05-28
70334,period_4335,null,activity_2300,2024-08-29T00:00:00Z,Full Back,1,2075.4069038706416,10,3.78011629966115,169,64,1999-05-28
70334,period_1501,null,activity_3585,2025-02-15T00:00:00Z,Full Back,1,1559.8965234440516,6,44.67558082284931,169,64,1999-05-28
70334,period_465,null,activity_1565,2025-05-14T00:00:00Z,Full Back,1,1573.194057447942,7,0,169,64,1999-05-28
70334,period_4744,null,activity_461,2025-05-18T00:00:00Z,Full Back,1,1321.6298255258353,8,18.257960526173683,169,64,1999-05-28
70334,period_789,null,activity_4496,2024-09-24T00:00:00Z,Full Back,1,1117.3802877690594,9,26.62678404850123,169,64,1999-05-28
70334,period_4454,null,activity_4067,2024-12-14T00:00:00Z,Full Back,1,1621.6428027812763,12,0,169,64,1999-05-28
70334,period_4764,null,activity_3506,2025-04-08T00:00:00Z,Full Back,1,1462.1418756407763,10,33.89347373781642,169,64,1999-05-28
70334,period_2210,null,activity_1284,2024-11-27T00:00:00Z,Full Back,1,543.1011782295557,0,18.90869694218441,169,64,1999-05-28
70334,period_2995,null,activity_4037,2024-11-09T00:00:00Z,Full Back,1,1636.1786891615127,11,93.38614248931935,169,64,1999-05-28
70334,period_3299,null,activity_4800,2024-12-07T00:00:00Z,Full Back,1,582.292537336323,5,64.20495896670505,169,64,1999-05-28
70334,period_4655,null,activity_1778,2024-09-21T00:00:00Z,Full Back,1,1437.703184706518,7,23.748715648581914,169,64,1999-05-28
70334,period_4366,G 1960,activity_4407,2025-04-04T00:00:00Z,Full Back,null,332.13971771199317,7,5.352769085136795,169,64,1999-05-28
70334,period_1061,TAC 0133,activity_3623,2024-09-27T00:00:00Z,Full Back,null,2801.2192567314983,5,6.599586408961119,169,64,1999-05-28
70334,period_4122,G 1960,activity_3357,2025-04-25T00:00:00Z,Full Back,null,1237.0714213721476,14,3.293969334053012,169,64,1999-05-28
70334,period_2558,G 1960,activity_3040,2025-05-13T00:00:00Z,Full Back,null,1802.0426721491756,10,13.539546782287946,169,64,1999-05-28
70334,period_2331,BP 7816,activity_1389,2024-12-16T00:00:00Z,Full Back,null,1339.011916912714,2,0,169,64,1999-05-28
70334,period_4540,G 5931,activity_823,2025-05-01T00:00:00Z,Full Back,null,1403.3883764722445,9,32.734487620725474,169,64,1999-05-28
70334,period_2628,G 1960,activity_4122,2025-01-08T00:00:00Z,Full Back,null,1052.6345183359624,14,6.001172509275326,169,64,1999-05-28
70334,period_1093,G 1960,activity_599,2025-04-15T00:00:00Z,Full Back,null,1381.1716811418062,8,42.36217347358551,169,64,1999-05-28
70334,period_939,TAC 0133,activity_4137,2025-03-07T00:00:00Z,Full Back,null,567.0392730523555,11,0,169,64,1999-05-28
70334,period_2337,TEC 9696,activity_3493,2025-05-10T00:00:00Z,Full Back,null,183.50515402450227,2,0,169,64,1999-05-28
70334,period_1196,TAC 7101,activity_2160,2024-07-29T00:00:00Z,Full Back,null,552.7214309615986,14,44.18949343624369,169,64,1999-05-28
70334,period_4016,BP 2269,activity_1230,2024-07-27T00:00:00Z,Full Back,null,752.337998060166,1,0,169,64,1999-05-28
70334,period_4233,TAC 0133,activity_2366,2025-03-28T00:00:00Z,Full Back,null,971.5158594478931,3,20.970396523976618,169,64,1999-05-28
70334,period_3221,TAC 5940,activity_874,2024-11-03T00:00:00Z,Full Back,null,914.2384229772136,4,21.540934070160485,169,64,1999-05-28
70334,period_2758,TAC 7525,activity_4744,2025-05-09T00:00:00Z,Full Back,null,1959.9554441240587,9,24.623605844363553,169,64,1999-05-28
70334,period_2158,G 1960,activity_1859,2025-03-31T00:00:00Z,Full Back,null,1063.632501057945,10,0,169,64,1999-05-28
70334,period_2102,TAC 5940,activity_1555,2024-08-02T00:00:00Z,Full Back,null,1301.4881340084996,8,10.521253857084101,169,64,1999-05-28
70334,period_4270,G 7015,activity_486,2024-08-11T00:00:00Z,Full Back,null,2369.318166806986,7,65.04805855752818,169,64,1999-05-28
70334,period_3308,TEC 5341,activity_1589,2025-04-09T00:00:00Z,Full Back,null,227.52785767992674,0,0,169,64,1999-05-28
70334,period_4155,BP 1822,activity_1060,2025-02-21T00:00:00Z,Full Back,null,460.58952458112634,0,0,169,64,1999-05-28
70334,period_390,BP 2351,activity_1061,2024-12-31T00:00:00Z,Full Back,null,1262.1810510476548,9,0,169,64,1999-05-28
70334,period_4369,G 3164,activity_823,2025-05-01T00:00:00Z,Full Back,null,1631.0288866424928,9,44.810632241971746,169,64,1999-05-28
70334,period_3591,BP 2351,activity_599,2025-04-15T00:00:00Z,Full Back,null,366.37962859529426,6,0,169,64,1999-05-28
70334,period_1778,G 1960,activity_3623,2024-09-27T00:00:00Z,Full Back,null,2101.8738768430967,5,10.343015863764792,169,64,1999-05-28
70334,period_2614,TAC 0133,activity_96,2025-02-25T00:00:00Z,Full Back,null,2968.8022760039494,3,0,169,64,1999-05-28
70334,period_4754,G 1960,activity_2366,2025-03-28T00:00:00Z,Full Back,null,1296.7798114156367,6,35.40066735383285,169,64,1999-05-28
70334,period_4208,BP 1331,activity_4690,2025-04-21T00:00:00Z,Full Back,null,336.60125641672886,21,12.98070690577542,169,64,1999-05-28
70334,period_1607,G 3218,activity_2423,2025-01-01T00:00:00Z,Full Back,null,1572.5018270197154,1,24.799640968045857,169,64,1999-05-28
70334,period_4986,BP 3116,activity_465,2025-03-14T00:00:00Z,Full Back,null,651.6410067266113,4,19.036949688902116,169,64,1999-05-28
70334,period_1565,TAC 7525,activity_3243,2025-03-11T00:00:00Z,Full Back,null,2859.2362471331444,8,105.44070770453862,169,64,1999-05-28
70334,period_4496,G 1960,activity_4335,2025-05-03T00:00:00Z,Full Back,null,1285.7825251127222,15,2.6852250080984748,169,64,1999-05-28
70334,period_233,BP 2351,activity_1060,2025-02-21T00:00:00Z,Full Back,null,852.9843580050492,8,0,169,64,1999-05-28
70334,period_1866,G 3218,activity_1501,2024-10-07T00:00:00Z,Full Back,null,1595.4566186907384,1,0,169,64,1999-05-28
70334,period_1372,BP 2654,activity_2148,2024-07-16T00:00:00Z,Full Back,null,543.1651961897077,10,51.36429423676052,169,64,1999-05-28
70334,period_2108,TAC 0133,activity_4407,2025-04-04T00:00:00Z,Full Back,null,1233.002103250493,0,36.55302457959374,169,64,1999-05-28
70334,period_865,TAC 0133,activity_2955,2025-01-15T00:00:00Z,Full Back,null,516.3497590227639,7,28.196507555291106,169,64,1999-05-28
70334,period_108,G 0341,activity_3790,2025-02-24T00:00:00Z,Full Back,null,1095.2162721730647,3,19.41326619847572,169,64,1999-05-28
70334,period_1526,BP 2351,activity_1973,2025-03-08T00:00:00Z,Full Back,null,815.8546948485357,5,0,169,64,1999-05-28
70334,period_4147,TAC 7525,activity_3357,2025-04-25T00:00:00Z,Full Back,null,899.5006506636473,2,0,169,64,1999-05-28
70334,period_4782,TAC 0133,activity_3638,2024-08-17T00:00:00Z,Full Back,null,948.5333140286641,4,0,169,64,1999-05-28
70334,period_1962,TEC 1080,activity_958,2024-07-26T00:00:00Z,Full Back,null,303.98978750010247,0,0,169,64,1999-05-28
70334,period_1585,TAC 0133,activity_2593,2024-10-18T00:00:00Z,Full Back,null,1942.8298701175415,8,26.076270286507967,169,64,1999-05-28
70334,period_4993,G 1960,activity_3243,2025-03-11T00:00:00Z,Full Back,null,1437.3813103109496,4,54.91047101062706,169,64,1999-05-28
70334,period_4247,G 3164,activity_3907,2025-05-08T00:00:00Z,Full Back,null,1592.7087156087741,4,31.537080791732915,169,64,1999-05-28
70334,period_1724,TEC 5328,activity_1431,2025-01-30T00:00:00Z,Full Back,null,595.3582211925708,0,0,169,64,1999-05-28
70334,period_3306,G 1960,activity_1973,2025-03-08T00:00:00Z,Full Back,null,2331.1947341860136,6,11.04712109897218,169,64,1999-05-28
70334,period_2228,G 1960,activity_1473,2025-05-17T00:00:00Z,Full Back,null,2841.540968464731,4,9.198161336784771,169,64,1999-05-28
70334,period_1370,G 8963,activity_1415,2025-05-07T00:00:00Z,Full Back,null,1774.5776705367502,8,0,169,64,1999-05-28
70334,period_3257,TEC 9696,activity_3790,2025-02-24T00:00:00Z,Full Back,null,245.47506843728968,5,0,169,64,1999-05-28
70334,period_4041,TAC 2764,activity_465,2025-03-14T00:00:00Z,Full Back,null,1649.348297213249,1,0,169,64,1999-05-28
70334,period_2341,TAC 7525,activity_4454,2024-12-13T00:00:00Z,Full Back,null,1105.7434334653196,11,39.26080356301662,169,64,1999-05-28
70334,period_2149,TEC 5098,activity_2210,2025-05-16T00:00:00Z,Full Back,null,268.11339124248707,0,0,169,64,1999-05-28
70334,period_1790,G 3164,activity_911,2025-04-03T00:00:00Z,Full Back,null,2169.216539231188,7,25.85737571670088,169,64,1999-05-28
70334,period_1893,G 0260,activity_958,2024-07-26T00:00:00Z,Full Back,null,4288.793945296673,4,18.279972116712777,169,64,1999-05-28
70334,period_1612,G 9283,activity_3073,2025-05-06T00:00:00Z,Full Back,null,1662.9052601625444,6,0,169,64,1999-05-28
70334,period_3834,G 3473,activity_1951,2025-04-19T00:00:00Z,Full Back,null,1037.4723314294156,14,67.79438642231145,169,64,1999-05-28
70334,period_2041,TAC 5940,activity_823,2025-05-01T00:00:00Z,Full Back,null,1166.8243912339474,1,34.62279633763384,169,64,1999-05-28
70334,period_4611,TAC 0133,activity_1859,2025-03-31T00:00:00Z,Full Back,null,710.5350750408724,9,0,169,64,1999-05-28
70334,period_4084,G 3164,activity_439,2024-10-09T00:00:00Z,Full Back,null,1556.0427104380622,6,0,169,64,1999-05-28
70334,period_4400,TEC 7376,activity_1415,2025-05-07T00:00:00Z,Full Back,null,146.20948155211786,6,0,169,64,1999-05-28
70334,period_4318,G 8095,activity_2210,2025-05-16T00:00:00Z,Full Back,null,713.4289333302739,12,0,169,64,1999-05-28
70334,period_3701,G 3872,activity_2148,2024-07-16T00:00:00Z,Full Back,null,616.2627089360916,3,20.94747499662984,169,64,1999-05-28
70334,period_439,BP 3178,activity_1022,2025-04-18T00:00:00Z,Full Back,null,1007.7705425921639,3,8.502888202688684,169,64,1999-05-28
70334,period_783,BP 2351,activity_2148,2024-07-16T00:00:00Z,Full Back,null,695.4740846014654,9,0,169,64,1999-05-28
70334,period_3585,TAC 7525,activity_2601,2024-12-21T00:00:00Z,Full Back,null,978.0058982434915,4,17.509162092712778,169,64,1999-05-28
70334,period_4800,G 4139,activity_1431,2025-01-30T00:00:00Z,Full Back,null,1094.7157808492068,11,10.037854452301035,169,64,1999-05-28
70334,period_929,TEC 5328,activity_1022,2025-04-18T00:00:00Z,Full Back,null,484.3764206589945,0,0,169,64,1999-05-28
70334,period_944,TAC 7848,activity_4744,2025-05-09T00:00:00Z,Full Back,null,577.1246238403145,2,90.06360308133603,169,64,1999-05-28
70334,period_2331,BP 5787,activity_2210,2025-05-16T00:00:00Z,Full Back,null,1143.663691628281,18,0,169,64,1999-05-28
70334,period_432,TEC 9696,activity_2516,2025-04-10T00:00:00Z,Full Back,null,352.19711780921773,0,0,169,64,1999-05-28
70334,period_2558,G 1960,activity_3614,2025-04-12T00:00:00Z,Full Back,null,626.3581897677233,6,32.30727201235004,169,64,1999-05-28
70334,period_4443,BP 2351,activity_1555,2024-08-02T00:00:00Z,Full Back,null,488.90518655292544,6,0,169,64,1999-05-28
70334,period_3129,TEC 5341,activity_3357,2025-04-25T00:00:00Z,Full Back,null,302.35606392883864,0,0,169,64,1999-05-28
70334,period_1284,TAC 3056,activity_4436,2024-08-23T00:00:00Z,Full Back,null,1222.7941048735677,12,0,169,64,1999-05-28
15795,period_2511,BP 4893,activity_4699,2024-07-30T00:00:00Z,Central Back,null,966.4313434592747,2,0,180,200,2005-06-02
15795,period_1866,G 3218,activity_1501,2024-10-07T00:00:00Z,Central Back,null,2701.8449105851478,5,0,180,200,2005-06-02
15795,period_2816,TEC 5341,activity_4581,2024-08-01T00:00:00Z,Central Back,null,190.6949636996638,0,0,180,200,2005-06-02
15795,period_2662,BP 9117,activity_4581,2024-08-01T00:00:00Z,Central Back,null,2878.3944029019794,1,0,180,200,2005-06-02
15795,period_1778,G 1960,activity_3623,2024-09-27T00:00:00Z,Central Back,null,2452.317173903798,2,0,180,200,2005-06-02
15795,period_2894,TAC 0133,activity_4699,2024-07-30T00:00:00Z,Central Back,null,2304.944115824408,4,49.52134980757714,180,200,2005-06-02
15795,period_2102,TAC 5940,activity_1555,2024-08-02T00:00:00Z,Central Back,null,3019.033883619669,5,0,180,200,2005-06-02
15795,period_3087,BP 3930,activity_4067,2024-09-26T00:00:00Z,Central Back,null,654.0594131758396,6,0,180,200,2005-06-02
15795,period_425,G 1960,activity_3385,2025-02-14T00:00:00Z,Central Back,null,915.1610584458185,0,0,180,200,2005-06-02
15795,period_190,G 3218,activity_4067,2024-09-26T00:00:00Z,Central Back,null,995.8941786038974,1,0,180,200,2005-06-02
15795,period_4703,TAC 0133,activity_2574,2025-02-07T00:00:00Z,Central Back,null,2585.272319434256,1,24.0194412616335,180,200,2005-06-02
15795,period_1334,BP 2351,activity_1501,2024-10-07T00:00:00Z,Central Back,null,284.8699083798915,4,0,180,200,2005-06-02
15795,period_2583,TEC 5341,activity_1501,2024-10-07T00:00:00Z,Central Back,null,299.32665715008864,1,0,180,200,2005-06-02
15795,period_3585,TAC 7525,activity_2601,2024-12-21T00:00:00Z,Central Back,null,872.0374500516388,2,49.56009823014563,180,200,2005-06-02
15795,period_109,null,activity_2511,2025-02-05T00:00:00Z,Central Back,1,707.5763448695471,9,0,180,200,2005-06-02
15795,period_96,null,activity_625,2024-08-04T00:00:00Z,Central Back,1,746.5838165150893,0,0,180,200,2005-06-02
15795,period_3243,null,activity_2831,2025-01-22T00:00:00Z,Central Back,1,750.5830467850604,0,0,180,200,2005-06-02
15795,period_2955,null,activity_2985,2025-05-04T00:00:00Z,Central Back,1,656.5045007721872,3,0,180,200,2005-06-02
15795,period_3532,null,activity_625,2024-08-04T00:00:00Z,Central Back,1,1994.1627583940365,0,0,180,200,2005-06-02
15795,period_465,null,activity_1565,2025-05-14T00:00:00Z,Central Back,1,902.1018085672862,3,0,180,200,2005-06-02
15795,period_4744,null,activity_461,2025-05-18T00:00:00Z,Central Back,1,869.6729090714202,3,0,180,200,2005-06-02
15795,period_1973,null,activity_2390,2025-06-26T00:00:00Z,Central Back,1,1292.0959085710924,7,0,180,200,2005-06-02
15795,period_551,BP 1849,activity_1501,2024-10-07T00:00:00Z,Central Back,null,957.4032676625256,12,0,180,200,2005-06-02
15795,period_4489,G 8281,activity_4067,2024-09-26T00:00:00Z,Central Back,null,3787.274338025861,1,0,180,200,2005-06-02
15795,period_1708,G 1960,activity_2574,2025-02-07T00:00:00Z,Central Back,null,1133.2793880525983,13,0,180,200,2005-06-02
15795,period_4157,G 1960,activity_4699,2024-07-30T00:00:00Z,Central Back,null,590.2154712807059,9,0,180,200,2005-06-02
15795,period_3226,G 1960,activity_1555,2024-08-02T00:00:00Z,Central Back,null,3055.9693215619304,4,25.458591493241013,180,200,2005-06-02
15795,period_1061,TAC 0133,activity_3623,2024-09-27T00:00:00Z,Central Back,null,1474.5315520934785,3,0,180,200,2005-06-02
15795,period_4143,G 5146,activity_4581,2024-08-01T00:00:00Z,Central Back,null,2876.0815018968724,5,6.843291740458309,180,200,2005-06-02
15795,period_4443,BP 2351,activity_1555,2024-08-02T00:00:00Z,Central Back,null,1246.8745760991262,0,0,180,200,2005-06-02
93988,period_578,BP 4893,activity_4122,2025-01-08T00:00:00Z,Central Midfielder,null,666.530965720592,5,0,170,70,2005-05-31
93988,period_830,TAC 2528,activity_477,2025-04-30T00:00:00Z,Central Midfielder,null,717.3794262409477,9,0,170,70,2005-05-31
93988,period_2071,G 1960,activity_3493,2025-05-10T00:00:00Z,Central Midfielder,null,1317.818732410239,3,0,170,70,2005-05-31
93988,period_3998,TAC 0133,activity_4433,2024-08-28T00:00:00Z,Central Midfielder,null,871.4423668902493,5,0,170,70,2005-05-31
93988,period_4208,BP 1331,activity_4690,2025-04-21T00:00:00Z,Central Midfielder,null,522.8171975049906,6,3.579706285309416,170,70,2005-05-31
93988,period_1790,G 3164,activity_911,2025-04-03T00:00:00Z,Central Midfielder,null,863.9957787573526,3,0,170,70,2005-05-31
93988,period_1493,TAC 0133,activity_4436,2024-08-23T00:00:00Z,Central Midfielder,null,3039.5434901271515,3,32.51620267727708,170,70,2005-05-31
93988,period_2421,BP 0518,activity_3073,2025-05-06T00:00:00Z,Central Midfielder,null,1703.904507736413,3,0,170,70,2005-05-31
93988,period_2175,BP 2351,activity_2366,2025-03-28T00:00:00Z,Central Midfielder,null,901.4417482100414,7,0,170,70,2005-05-31
93988,period_233,BP 2351,activity_1060,2025-02-21T00:00:00Z,Central Midfielder,null,820.3614269571389,0,0,170,70,2005-05-31
93988,period_4122,G 1960,activity_3357,2025-04-25T00:00:00Z,Central Midfielder,null,2650.8170689588055,4,44.33348448635329,170,70,2005-05-31
93988,period_4726,G 3218,activity_1022,2025-04-18T00:00:00Z,Central Midfielder,null,2249.811015269071,7,22.900955697674576,170,70,2005-05-31
93988,period_874,G 1960,activity_2601,2024-12-21T00:00:00Z,Central Midfielder,null,867.0661087291089,9,0,170,70,2005-05-31
93988,period_4540,G 5931,activity_823,2025-05-01T00:00:00Z,Central Midfielder,null,802.607652792795,4,9.855053359540578,170,70,2005-05-31
93988,period_1061,BP 8350,activity_3907,2025-05-08T00:00:00Z,Central Midfielder,null,2248.145545272869,14,0,170,70,2005-05-31
93988,period_939,TAC 0133,activity_4137,2025-03-07T00:00:00Z,Central Midfielder,null,2346.703827489287,4,15.697378873599327,170,70,2005-05-31
93988,period_3564,G 3218,activity_1061,2024-12-31T00:00:00Z,Central Midfielder,null,1519.4443832925056,2,0,170,70,2005-05-31
93988,period_4993,G 1960,activity_3243,2025-03-11T00:00:00Z,Central Midfielder,null,1871.8523702588031,5,0,170,70,2005-05-31
93988,period_4247,G 3164,activity_3907,2025-05-08T00:00:00Z,Central Midfielder,null,1862.6210799684968,5,0,170,70,2005-05-31
93988,period_1589,TAC 3056,activity_4436,2024-08-23T00:00:00Z,Central Midfielder,null,1757.9413272669829,3,30.72947521677987,170,70,2005-05-31
93988,period_3306,G 1960,activity_1973,2025-03-08T00:00:00Z,Central Midfielder,null,1533.4754678323347,10,32.40807204818584,170,70,2005-05-31
93988,period_2180,TAC 0133,activity_1415,2025-05-07T00:00:00Z,Central Midfielder,null,1219.0875563227478,1,10.484663440069793,170,70,2005-05-31
93988,period_4067,G 3218,activity_2160,2024-07-29T00:00:00Z,Central Midfielder,null,1935.9270524020926,3,0,170,70,2005-05-31
93988,period_3578,G 1960,activity_3638,2024-08-17T00:00:00Z,Central Midfielder,null,1212.4588094283047,3,7.318092650448377,170,70,2005-05-31
93988,period_3257,TEC 9696,activity_3790,2025-02-24T00:00:00Z,Central Midfielder,null,404.9038900745381,8,0,170,70,2005-05-31
93988,period_1641,G 1960,activity_2955,2025-01-15T00:00:00Z,Central Midfielder,null,469.19124406477806,7,1.1098865881920799,170,70,2005-05-31
93988,period_1778,G 1960,activity_3623,2024-09-27T00:00:00Z,Central Midfielder,null,779.198058894813,14,7.6728215385895275,170,70,2005-05-31
93988,period_4041,TAC 2764,activity_465,2025-03-14T00:00:00Z,Central Midfielder,null,698.413143781712,0,0,170,70,2005-05-31
93988,period_3087,BP 3930,activity_4067,2024-09-26T00:00:00Z,Central Midfielder,null,598.8173067638072,2,0,170,70,2005-05-31
93988,period_4703,TAC 0133,activity_2574,2025-02-07T00:00:00Z,Central Midfielder,null,829.7591267778894,6,21.643966324943836,170,70,2005-05-31
93988,period_2041,TAC 5940,activity_823,2025-05-01T00:00:00Z,Central Midfielder,null,899.5273322796328,6,6.855537629421131,170,70,2005-05-31
93988,period_439,BP 3178,activity_1022,2025-04-18T00:00:00Z,Central Midfielder,null,628.7147252434055,0,0,170,70,2005-05-31
93988,period_2528,G 7940,activity_3790,2025-02-24T00:00:00Z,Central Midfielder,null,1519.297498252074,0,20.17893516290342,170,70,2005-05-31
93988,period_108,G 0341,activity_3790,2025-02-24T00:00:00Z,Central Midfielder,null,1965.8159846229214,2,38.9749062491616,170,70,2005-05-31
93988,period_1526,BP 2351,activity_1973,2025-03-08T00:00:00Z,Central Midfielder,null,941.3055241300414,6,0,170,70,2005-05-31
93988,period_1196,TAC 7101,activity_2160,2024-07-29T00:00:00Z,Central Midfielder,null,1224.6569003530822,2,0,170,70,2005-05-31
93988,period_2876,TAC 0133,activity_486,2024-08-11T00:00:00Z,Central Midfielder,null,1075.332415150092,2,17.422129574146055,170,70,2005-05-31
93988,period_4584,G 4139,activity_1945,2025-03-10T00:00:00Z,Central Midfielder,null,2820.6263105900352,9,13.051839421253211,170,70,2005-05-31
93988,period_4443,BP 2351,activity_1555,2024-08-02T00:00:00Z,Central Midfielder,null,1042.5363259869587,0,0,170,70,2005-05-31
93988,period_625,TAC 0133,activity_2655,2025-02-04T00:00:00Z,Central Midfielder,null,706.7845226082745,4,0,170,70,2005-05-31
93988,period_2662,BP 9117,activity_4581,2024-08-01T00:00:00Z,Central Midfielder,null,1354.4021207644541,5,0,170,70,2005-05-31
93988,period_4155,BP 1822,activity_1060,2025-02-21T00:00:00Z,Central Midfielder,null,658.4975814674517,4,0,170,70,2005-05-31
93988,period_4369,G 3164,activity_823,2025-05-01T00:00:00Z,Central Midfielder,null,614.4815280486476,7,0,170,70,2005-05-31
93988,period_461,TEC 9696,activity_4690,2025-04-21T00:00:00Z,Central Midfielder,null,1333.347331035513,0,0,170,70,2005-05-31
93988,period_350,TAC 0133,activity_3943,2024-08-10T00:00:00Z,Central Midfielder,null,1750.83046294159,1,8.12441221281811,170,70,2005-05-31
93988,period_2614,TAC 0133,activity_96,2025-02-25T00:00:00Z,Central Midfielder,null,1463.9368451686605,4,27.852674689038068,170,70,2005-05-31
93988,period_4407,G 1669,activity_2423,2025-01-01T00:00:00Z,Central Midfielder,null,1688.382161895921,3,0,170,70,2005-05-31
93988,period_2831,G 5931,activity_4299,2025-04-11T00:00:00Z,Central Midfielder,null,1009.669636953836,7,34.112089590419984,170,70,2005-05-31
93988,period_2985,BP 4893,activity_3943,2024-08-10T00:00:00Z,Central Midfielder,null,1509.6933928181793,3,0,170,70,2005-05-31
93988,period_522,BP 1822,activity_1389,2024-12-16T00:00:00Z,Central Midfielder,null,924.1055606495798,16,0,170,70,2005-05-31
93988,period_75,TEC 9696,activity_4208,2025-05-02T00:00:00Z,Central Midfielder,null,125.38461790128683,0,0,170,70,2005-05-31
93988,period_2149,TEC 5098,activity_2210,2025-05-16T00:00:00Z,Central Midfielder,null,122.08612681702554,0,0,170,70,2005-05-31
93988,period_3834,G 3473,activity_1951,2025-04-19T00:00:00Z,Central Midfielder,null,476.05128797642277,16,1.8369487464315668,170,70,2005-05-31
93988,period_1607,G 3218,activity_2423,2025-01-01T00:00:00Z,Central Midfielder,null,874.029367116849,1,14.670289688943338,170,70,2005-05-31
93988,period_3001,G 1960,activity_96,2025-02-25T00:00:00Z,Central Midfielder,null,1986.592108803216,2,1.3991570631840773,170,70,2005-05-31
93988,period_464,G 7940,activity_4655,2025-04-06T00:00:00Z,Central Midfielder,null,1920.6776903465704,11,0,170,70,2005-05-31
93988,period_3868,BP 5376,activity_4690,2025-04-21T00:00:00Z,Central Midfielder,null,340.5235053477787,4,0,170,70,2005-05-31
93988,period_4113,BP 8299,activity_3790,2025-02-24T00:00:00Z,Central Midfielder,null,338.19181872107947,4,0,170,70,2005-05-31
93988,period_4611,TAC 0133,activity_1859,2025-03-31T00:00:00Z,Central Midfielder,null,1036.5022464856693,4,0,170,70,2005-05-31
93988,period_4318,G 8095,activity_2210,2025-05-16T00:00:00Z,Central Midfielder,null,2578.5860567571185,4,1.2634796815082692,170,70,2005-05-31
93988,period_3226,G 1960,activity_1555,2024-08-02T00:00:00Z,Central Midfielder,null,3877.8084157225658,0,5.257924739078144,170,70,2005-05-31
93988,period_4617,G 8908,activity_1059,2025-03-06T00:00:00Z,Central Midfielder,null,2340.69934315662,3,0.6262967644124517,170,70,2005-05-31
93988,period_2717,TAC 0133,activity_3907,2025-05-08T00:00:00Z,Central Midfielder,null,1736.2508692223737,4,8.217444296411287,170,70,2005-05-31
93988,period_4147,TAC 7525,activity_3357,2025-04-25T00:00:00Z,Central Midfielder,null,905.8498983463655,0,0,170,70,2005-05-31
93988,period_315,BP 3884,activity_1431,2025-01-30T00:00:00Z,Central Midfielder,null,438.75823370990446,6,0,170,70,2005-05-31
93988,period_1093,G 1960,activity_599,2025-04-15T00:00:00Z,Central Midfielder,null,1037.9677509000444,4,0,170,70,2005-05-31
93988,period_2758,TAC 7525,activity_4744,2025-05-09T00:00:00Z,Central Midfielder,null,955.8599684633729,5,2.7965134233957745,170,70,2005-05-31
93988,period_2102,TAC 5940,activity_1555,2024-08-02T00:00:00Z,Central Midfielder,null,2180.500614012088,1,0,170,70,2005-05-31
93988,period_1764,TAC 0133,activity_4304,2024-09-13T00:00:00Z,Central Midfielder,null,1756.215023645491,2,6.720759329293112,170,70,2005-05-31
93988,period_1923,TEC 5341,activity_4436,2024-08-23T00:00:00Z,Central Midfielder,null,883.2864010665489,0,0,170,70,2005-05-31
93988,period_3077,TAC 0133,activity_599,2025-04-15T00:00:00Z,Central Midfielder,null,1645.149843990321,2,18.985555939987858,170,70,2005-05-31
93988,period_3309,G 8095,activity_4690,2025-04-21T00:00:00Z,Central Midfielder,null,639.8323741560396,9,2.1479091752747315,170,70,2005-05-31
93988,period_2558,G 1960,activity_3614,2025-04-12T00:00:00Z,Central Midfielder,null,2318.5267928516814,4,0,170,70,2005-05-31
93988,period_1370,G 8963,activity_1415,2025-05-07T00:00:00Z,Central Midfielder,null,4038.5675616384374,8,32.178350701201346,170,70,2005-05-31
93988,period_3129,TEC 5341,activity_3357,2025-04-25T00:00:00Z,Central Midfielder,null,199.5691379585637,0,0,170,70,2005-05-31
93988,period_1693,BP 8346,activity_477,2025-04-30T00:00:00Z,Central Midfielder,null,417.6488927692316,2,0,170,70,2005-05-31
93988,period_2500,G 3164,activity_1945,2025-03-10T00:00:00Z,Central Midfielder,null,766.2291472141854,2,6.938363214288243,170,70,2005-05-31
93988,period_4128,BP 2654,activity_1945,2025-03-10T00:00:00Z,Central Midfielder,null,698.7047361889955,3,0,170,70,2005-05-31
93988,period_4986,BP 3116,activity_465,2025-03-14T00:00:00Z,Central Midfielder,null,357.11666862113276,0,0,170,70,2005-05-31
93988,period_873,G 1960,activity_1924,2025-02-28T00:00:00Z,Central Midfielder,null,1048.1505561754204,0,1.7727570984335792,170,70,2005-05-31
93988,period_4665,G 8963,activity_1554,2025-03-27T00:00:00Z,Central Midfielder,null,784.4528315125898,11,23.44235703630385,170,70,2005-05-31
93988,period_1565,TAC 7525,activity_3243,2025-03-11T00:00:00Z,Central Midfielder,null,2017.0034401859582,4,0,170,70,2005-05-31
93988,period_4230,BP 6872,activity_1059,2025-03-06T00:00:00Z,Central Midfielder,null,1067.9306819000594,5,0,170,70,2005-05-31
93988,period_2438,BP 2351,activity_2516,2025-04-10T00:00:00Z,Central Midfielder,null,1060.2060811192148,2,0,170,70,2005-05-31
93988,period_483,BP 2654,activity_2160,2024-07-29T00:00:00Z,Central Midfielder,null,588.8446476913381,0,0,170,70,2005-05-31
93988,period_4753,BP 1849,activity_2516,2025-04-10T00:00:00Z,Central Midfielder,null,370.68275767228704,7,17.44547645643187,170,70,2005-05-31
93988,period_865,TAC 0133,activity_2955,2025-01-15T00:00:00Z,Central Midfielder,null,3740.200321828174,2,0,170,70,2005-05-31
93988,period_1434,BP 4303,activity_477,2025-04-30T00:00:00Z,Central Midfielder,null,455.03926020103466,1,0,170,70,2005-05-31
93988,period_75,G 9283,activity_911,2025-04-03T00:00:00Z,Central Midfielder,null,4256.8450425533665,5,3.107666742096643,170,70,2005-05-31
93988,period_3636,G 7242,activity_1589,2025-04-09T00:00:00Z,Central Midfielder,null,4944.183533565932,10,0,170,70,2005-05-31
93988,period_929,TEC 5328,activity_1022,2025-04-18T00:00:00Z,Central Midfielder,null,238.6882452195694,6,0,170,70,2005-05-31
93988,period_4354,TEC 5341,activity_4655,2025-04-06T00:00:00Z,Central Midfielder,null,138.83485531023163,0,0,170,70,2005-05-31
93988,period_525,TAC 7525,activity_4208,2025-05-02T00:00:00Z,Central Midfielder,null,341.4887831476741,3,0,170,70,2005-05-31
93988,period_2758,TAC 3056,activity_4436,2024-08-23T00:00:00Z,Central Midfielder,null,1355.1717274569698,4,27.727729609311567,170,70,2005-05-31
93988,period_26,G 8281,activity_1060,2025-02-21T00:00:00Z,Central Midfielder,null,1494.4647892109606,6,0,170,70,2005-05-31
93988,period_1819,G 1960,activity_4433,2024-08-28T00:00:00Z,Central Midfielder,null,1154.8851328312153,2,6.111124458459092,170,70,2005-05-31
93988,period_4143,G 5146,activity_4581,2024-08-01T00:00:00Z,Central Midfielder,null,1571.960259511697,13,7.935046357401751,170,70,2005-05-31
93988,period_3591,BP 2351,activity_599,2025-04-15T00:00:00Z,Central Midfielder,null,450.125009143862,3,0,170,70,2005-05-31
93988,period_4754,G 1960,activity_2366,2025-03-28T00:00:00Z,Central Midfielder,null,2888.09225809962,4,0,170,70,2005-05-31
93988,period_362,TAC 0133,activity_4436,2024-08-23T00:00:00Z,Central Midfielder,null,521.6722670677517,9,12.563599283340375,170,70,2005-05-31
93988,period_3678,G 1960,activity_3907,2025-05-08T00:00:00Z,Central Midfielder,null,2102.2445714157925,6,0,170,70,2005-05-31
93988,period_2152,G 0106,activity_4655,2025-04-06T00:00:00Z,Central Midfielder,null,1235.5005685332214,13,17.417665117012557,170,70,2005-05-31
93988,period_3614,G 5931,activity_109,2024-11-30T00:00:00Z,Central Midfielder,null,1300.4115858327584,15,31.972927812469134,170,70,2005-05-31
93988,period_4782,TAC 0133,activity_3638,2024-08-17T00:00:00Z,Central Midfielder,null,2335.090561926357,3,18.968003363204097,170,70,2005-05-31
93988,period_4233,TAC 0133,activity_2366,2025-03-28T00:00:00Z,Central Midfielder,null,882.2362100211592,2,0,170,70,2005-05-31
93988,period_3221,TAC 5940,activity_874,2024-11-03T00:00:00Z,Central Midfielder,null,1371.1032194341005,1,0,170,70,2005-05-31
93988,period_944,TAC 7848,activity_4744,2025-05-09T00:00:00Z,Central Midfielder,null,1379.3951283564631,5,0,170,70,2005-05-31
93988,period_2331,BP 5787,activity_2210,2025-05-16T00:00:00Z,Central Midfielder,null,1138.8968267241664,5,0,170,70,2005-05-31
93988,period_1724,TEC 5328,activity_1431,2025-01-30T00:00:00Z,Central Midfielder,null,683.1987832631883,0,0,170,70,2005-05-31
93988,period_2300,BP 2704,activity_1589,2025-04-09T00:00:00Z,Central Midfielder,null,939.4520608838054,3,0,170,70,2005-05-31
93988,period_4251,null,activity_2583,2025-04-20T00:00:00Z,Central Midfielder,1,1800.1652539602183,1,12.488034963543505,170,70,2005-05-31
93988,period_2877,null,activity_625,2024-08-03T00:00:00Z,Central Midfielder,1,1613.9181886990007,7,7.601866854761421,170,70,2005-05-31
93988,period_3040,null,activity_2953,2025-02-26T00:00:00Z,Central Midfielder,1,1558.4507165973016,4,18.88728653380244,170,70,2005-05-31
93988,period_3299,null,activity_4800,2024-12-07T00:00:00Z,Central Midfielder,1,2106.7878692968266,10,33.52019324055192,170,70,2005-05-31
93988,period_1060,null,activity_1526,2025-04-23T00:00:00Z,Central Midfielder,1,1330.3891298448239,8,22.428232611696856,170,70,2005-05-31
93988,period_4304,null,activity_865,2024-10-05T00:00:00Z,Central Midfielder,1,1614.2474148144972,7,6.582642122364026,170,70,2005-05-31
93988,period_3243,null,activity_2831,2025-01-22T00:00:00Z,Central Midfielder,1,805.4653200031468,4,15.029354577019781,170,70,2005-05-31
93988,period_3623,null,activity_1872,2025-01-19T00:00:00Z,Central Midfielder,1,553.3532067457772,4,32.03151793124735,170,70,2005-05-31
93988,period_4436,null,activity_3206,2025-01-29T00:00:00Z,Central Midfielder,1,770.471254509507,1,34.50959686579614,170,70,2005-05-31
93988,period_2601,null,activity_625,2024-08-04T00:00:00Z,Central Midfielder,1,1368.7943673166403,10,96.68485082754769,170,70,2005-05-31
93988,period_477,null,activity_1862,2025-06-22T00:00:00Z,Central Midfielder,1,1508.452605973371,9,23.360011958025524,170,70,2005-05-31
93988,period_2955,null,activity_2985,2025-05-04T00:00:00Z,Central Midfielder,1,1264.650657823739,7,0,170,70,2005-05-31
93988,period_3357,null,activity_2421,2025-05-11T00:00:00Z,Central Midfielder,1,2740.114494144001,6,0,170,70,2005-05-31
93988,period_3638,null,activity_2158,2025-04-01T00:00:00Z,Central Midfielder,1,1122.7059998862076,11,14.913046978784473,170,70,2005-05-31
93988,period_3493,null,activity_1612,2024-12-10T00:00:00Z,Central Midfielder,1,2128.44693073822,5,50.124672497582225,170,70,2005-05-31
93988,period_3385,null,activity_3285,2024-09-17T00:00:00Z,Central Midfielder,1,792.7526989723877,5,69.98249833766764,170,70,2005-05-31
93988,period_4433,null,activity_4602,2025-04-05T00:00:00Z,Central Midfielder,1,1770.0432855304898,2,0,170,70,2005-05-31
93988,period_4690,null,activity_883,2024-12-04T00:00:00Z,Central Midfielder,1,1271.1297995797158,6,49.17592026428898,170,70,2005-05-31
93988,period_2423,null,activity_4443,2024-08-25T00:00:00Z,Central Midfielder,1,1485.5482325151763,3,8.35999739758639,170,70,2005-05-31
93988,period_2574,null,activity_2071,2025-04-26T00:00:00Z,Central Midfielder,1,2437.646401515397,7,5.133724898881536,170,70,2005-05-31
93988,period_2210,null,activity_1284,2024-11-27T00:00:00Z,Central Midfielder,1,2035.7966186032163,5,63.959314346425664,170,70,2005-05-31
93988,period_1973,null,activity_2390,2025-06-26T00:00:00Z,Central Midfielder,1,2350.1604638319436,13,30.427564145352697,170,70,2005-05-31
93988,period_2995,null,activity_4037,2024-11-09T00:00:00Z,Central Midfielder,1,1603.2566847452642,4,1.1504010038692951,170,70,2005-05-31
93988,period_1389,null,activity_3352,2024-08-18T00:00:00Z,Central Midfielder,1,564.8239553949935,2,23.263267768087136,170,70,2005-05-31
93988,period_1859,null,activity_3591,2025-01-16T00:00:00Z,Central Midfielder,1,1799.7349135519676,7,39.40112291484941,170,70,2005-05-31
93988,period_1022,null,activity_562,2024-12-22T00:00:00Z,Central Midfielder,1,1009.9379214988996,4,32.7202689095704,170,70,2005-05-31
93988,period_3030,null,activity_2954,2025-03-01T00:00:00Z,Central Midfielder,1,1335.438120094604,4,10.282884256474327,170,70,2005-05-31
93988,period_4699,null,activity_929,2024-10-02T00:00:00Z,Central Midfielder,1,1818.5256318224128,7,42.79049902558206,170,70,2005-05-31
93988,period_599,null,activity_2102,2025-06-18T00:00:00Z,Central Midfielder,1,1533.4361877517838,3,16.1741068917766,170,70,2005-05-31
93988,period_3532,null,activity_625,2024-08-04T00:00:00Z,Central Midfielder,1,1905.916642762187,7,42.49387194667391,170,70,2005-05-31
93988,period_4454,null,activity_4067,2024-12-14T00:00:00Z,Central Midfielder,1,1915.267159401276,9,13.701988478717169,170,70,2005-05-31
93988,period_2060,null,activity_4216,2024-09-14T00:00:00Z,Central Midfielder,1,1516.3442644500703,8,5.9485661396043295,170,70,2005-05-31
93988,period_958,null,activity_1106,2025-01-25T00:00:00Z,Central Midfielder,1,2845.6258152306914,4,26.811034432852058,170,70,2005-05-31
93988,period_1230,null,activity_939,2025-05-24T00:00:00Z,Central Midfielder,1,2568.292210973568,4,27.024768225297702,170,70,2005-05-31
93988,period_465,null,activity_1565,2025-05-14T00:00:00Z,Central Midfielder,1,1546.1303151239222,5,16.798874332112426,170,70,2005-05-31
93988,period_4744,null,activity_461,2025-05-18T00:00:00Z,Central Midfielder,1,802.2222933214264,6,4.145051240175324,170,70,2005-05-31
93988,period_789,null,activity_4496,2024-09-24T00:00:00Z,Central Midfielder,1,874.29054242809,3,64.4260261770585,170,70,2005-05-31
93988,period_1554,null,activity_830,2024-08-01T00:00:00Z,Central Midfielder,1,3872.3425472830836,7,32.851756725082865,170,70,2005-05-31
93988,period_109,null,activity_2511,2025-02-05T00:00:00Z,Central Midfielder,1,1827.2373677473704,4,33.34595969005908,170,70,2005-05-31
93988,period_1473,null,activity_551,2025-03-29T00:00:00Z,Central Midfielder,1,1598.0557972316458,6,64.6761457971547,170,70,2005-05-31
93988,period_1555,null,activity_4155,2025-03-15T00:00:00Z,Central Midfielder,1,1467.020775746955,0,33.41828623813831,170,70,2005-05-31
93988,period_4335,null,activity_2300,2024-08-29T00:00:00Z,Central Midfielder,1,986.8682613614255,10,39.98858523783616,170,70,2005-05-31
93988,period_2516,null,activity_830,2024-08-01T00:00:00Z,Central Midfielder,1,1703.5207213345327,5,4.1859927894788616,170,70,2005-05-31
93988,period_4137,null,activity_2405,2024-10-22T00:00:00Z,Central Midfielder,1,1829.2779926444912,7,2.803268933683785,170,70,2005-05-31
93988,period_1924,null,activity_650,2024-12-18T00:00:00Z,Central Midfielder,1,1131.923750265498,4,20.618286050696906,170,70,2005-05-31
93988,period_2160,null,activity_26,2025-04-13T00:00:00Z,Central Midfielder,1,1645.6586148883557,6,23.843551908272538,170,70,2005-05-31
93988,period_1059,null,activity_2758,2024-11-24T00:00:00Z,Central Midfielder,1,1535.5503604559758,5,39.058678532812195,170,70,2005-05-31
93988,period_4655,null,activity_1778,2024-09-21T00:00:00Z,Central Midfielder,1,1331.7591932874,4,34.682801444262516,170,70,2005-05-31
93988,period_3907,null,activity_3834,2024-12-01T00:00:00Z,Central Midfielder,1,1285.2564265635162,7,29.538189268974875,170,70,2005-05-31
93988,period_1061,TAC 0133,activity_3623,2024-09-27T00:00:00Z,Central Midfielder,null,1320.730628193631,1,1.6512320223731696,170,70,2005-05-31
93988,period_2249,G 3863,activity_789,2024-08-22T00:00:00Z,Central Midfielder,null,627.3490981129488,1,0,170,70,2005-05-31
93988,period_650,TAC 0133,activity_3357,2025-04-25T00:00:00Z,Central Midfielder,null,1237.941938749861,4,0,170,70,2005-05-31
93988,period_523,G 1669,activity_1431,2025-01-30T00:00:00Z,Central Midfielder,null,1426.2281125024012,5,0,170,70,2005-05-31
93988,period_2158,G 1960,activity_1859,2025-03-31T00:00:00Z,Central Midfielder,null,714.2412230038045,8,2.175034062882955,170,70,2005-05-31
93988,period_3250,G 1960,activity_2877,2025-04-22T00:00:00Z,Central Midfielder,null,1112.6920575307477,6,0,170,70,2005-05-31
93988,period_3352,TAC 0133,activity_2761,2025-03-03T00:00:00Z,Central Midfielder,null,1475.7062105023515,1,133.68164348272026,170,70,2005-05-31
93988,period_1192,BP 2351,activity_789,2024-08-22T00:00:00Z,Central Midfielder,null,1818.0639894493693,6,0,170,70,2005-05-31
93988,period_3468,G 1960,activity_75,2025-02-22T00:00:00Z,Central Midfielder,null,754.4385361685011,3,0,170,70,2005-05-31
93988,period_4270,G 7015,activity_486,2024-08-11T00:00:00Z,Central Midfielder,null,885.8280708382335,5,12.81141975932324,170,70,2005-05-31
93988,period_2953,G 1960,activity_4454,2024-12-13T00:00:00Z,Central Midfielder,null,1347.6132315601951,1,30.088387784944366,170,70,2005-05-31
93988,period_390,BP 2351,activity_1061,2024-12-31T00:00:00Z,Central Midfielder,null,189.05928472595863,7,2.3096280385123866,170,70,2005-05-31
93988,period_146,G 3164,activity_2423,2025-01-01T00:00:00Z,Central Midfielder,null,1077.4620157413233,8,4.619527496699164,170,70,2005-05-31
93988,period_1683,G 5931,activity_2060,2025-05-22T00:00:00Z,Central Midfielder,null,2086.6373523174325,4,0,170,70,2005-05-31
93988,period_4590,BP 5787,activity_1554,2025-03-27T00:00:00Z,Central Midfielder,null,821.5339160573996,3,0,170,70,2005-05-31
93988,period_298,BP 5787,activity_4251,2025-05-21T00:00:00Z,Central Midfielder,null,1277.1114417142883,5,0,170,70,2005-05-31
93988,period_883,BP 4893,activity_4655,2025-04-06T00:00:00Z,Central Midfielder,null,801.8752404196656,8,0,170,70,2005-05-31
93988,period_2390,TAC 0133,activity_1951,2025-04-19T00:00:00Z,Central Midfielder,null,1450.1803180656252,7,34.133639262564074,170,70,2005-05-31
93988,period_3707,G 1960,activity_4304,2024-09-13T00:00:00Z,Central Midfielder,null,1018.1149349877996,1,16.58944353363973,170,70,2005-05-31
93988,period_1612,G 9283,activity_3073,2025-05-06T00:00:00Z,Central Midfielder,null,517.2322302368467,14,5.550544853840943,170,70,2005-05-31
93988,period_4157,G 1960,activity_4699,2024-07-30T00:00:00Z,Central Midfielder,null,1570.8853574475813,4,0.3562104645260938,170,70,2005-05-31
93988,period_4366,G 1960,activity_4407,2025-04-04T00:00:00Z,Central Midfielder,null,1916.9810231223423,7,0,170,70,2005-05-31
93988,period_3261,G 3863,activity_477,2025-04-30T00:00:00Z,Central Midfielder,null,1114.9370112782374,0,8.370191847827364,170,70,2005-05-31
93988,period_3285,BP 2351,activity_1554,2025-03-27T00:00:00Z,Central Midfielder,null,568.9631709909683,3,0,170,70,2005-05-31
93988,period_2558,G 1960,activity_3040,2025-05-13T00:00:00Z,Central Midfielder,null,1538.458630277885,2,0,170,70,2005-05-31
93988,period_3206,BP 1615,activity_1061,2024-12-31T00:00:00Z,Central Midfielder,null,1181.670068789051,6,0,170,70,2005-05-31
93988,period_2894,TAC 0133,activity_4699,2024-07-30T00:00:00Z,Central Midfielder,null,1319.03115822575,3,77.02087648941462,170,70,2005-05-31
93988,period_4800,G 4139,activity_1431,2025-01-30T00:00:00Z,Central Midfielder,null,1480.0494231728496,8,0,170,70,2005-05-31
93988,period_432,TEC 9696,activity_2516,2025-04-10T00:00:00Z,Central Midfielder,null,713.7276138266814,3,0,170,70,2005-05-31
93988,period_1768,TAC 1326,activity_4299,2025-04-11T00:00:00Z,Central Midfielder,null,617.5574471128214,3,0,170,70,2005-05-31
93988,period_4489,G 8281,activity_4067,2024-09-26T00:00:00Z,Central Midfielder,null,1869.1536551666093,8,5.389639456408329,170,70,2005-05-31
93988,period_473,TEC 7376,activity_911,2025-04-03T00:00:00Z,Central Midfielder,null,317.7556599676621,0,0,170,70,2005-05-31
93988,period_1872,TAC 7525,activity_4335,2025-05-03T00:00:00Z,Central Midfielder,null,789.952346622594,4,0,170,70,2005-05-31
93988,period_2511,BP 4893,activity_4699,2024-07-30T00:00:00Z,Central Midfielder,null,539.5413861291125,4,0,170,70,2005-05-31
93988,period_4714,BP 4303,activity_1589,2025-04-09T00:00:00Z,Central Midfielder,null,896.2548214026888,1,0,170,70,2005-05-31
93988,period_3308,TEC 5341,activity_1589,2025-04-09T00:00:00Z,Central Midfielder,null,133.65465553148684,0,0,170,70,2005-05-31
93988,period_95,TAC 7848,activity_4655,2025-04-06T00:00:00Z,Central Midfielder,null,1446.0083998002062,6,0,170,70,2005-05-31
93988,period_2341,TAC 7525,activity_4454,2024-12-13T00:00:00Z,Central Midfielder,null,2168.326419176524,7,0,170,70,2005-05-31
93988,period_4249,TEC 5341,activity_1060,2025-02-21T00:00:00Z,Central Midfielder,null,535.229268188504,0,0,170,70,2005-05-31
93988,period_2361,TAC 7525,activity_2877,2025-04-22T00:00:00Z,Central Midfielder,null,1242.5412944162213,4,0,170,70,2005-05-31
93988,period_2652,TEC 5341,activity_2423,2025-01-01T00:00:00Z,Central Midfielder,null,334.99395963306534,0,0,170,70,2005-05-31
93988,period_4037,G 7015,activity_486,2024-08-11T00:00:00Z,Central Midfielder,null,1673.226221554796,6,41.13453921931815,170,70,2005-05-31
93988,period_4400,TEC 7376,activity_1415,2025-05-07T00:00:00Z,Central Midfielder,null,144.98311340037756,0,0,170,70,2005-05-31
93988,period_4496,G 1960,activity_4335,2025-05-03T00:00:00Z,Central Midfielder,null,2182.9877550351403,8,0,170,70,2005-05-31
93988,period_3506,TEC 5341,activity_1415,2025-05-07T00:00:00Z,Central Midfielder,null,177.39932317897973,0,0,170,70,2005-05-31
93988,period_1456,BP 2351,activity_1951,2025-04-19T00:00:00Z,Central Midfielder,null,662.168835378106,0,0,170,70,2005-05-31
93988,period_2155,TAC 0133,activity_3105,2025-01-18T00:00:00Z,Central Midfielder,null,498.0743004729049,4,6.456303302082818,170,70,2005-05-31
93988,period_2108,TAC 0133,activity_4407,2025-04-04T00:00:00Z,Central Midfielder,null,953.8828994948572,6,13.595908976526177,170,70,2005-05-31
93988,period_1415,TAC 5940,activity_1415,2025-05-07T00:00:00Z,Central Midfielder,null,1006.8329019126785,8,0,170,70,2005-05-31
93988,period_2331,BP 7816,activity_1389,2024-12-16T00:00:00Z,Central Midfielder,null,450.66710995252856,1,0,170,70,2005-05-31
93988,period_3585,TAC 7525,activity_2601,2024-12-21T00:00:00Z,Central Midfielder,null,2091.3635110169284,3,0,170,70,2005-05-31
93988,period_2816,TEC 5341,activity_4581,2024-08-01T00:00:00Z,Central Midfielder,null,461.30050416686527,0,0,170,70,2005-05-31
93988,period_934,TAC 2764,activity_3073,2025-05-06T00:00:00Z,Central Midfielder,null,7986.864610639358,2,54.079529740453246,170,70,2005-05-31
93988,period_2628,G 1960,activity_4122,2025-01-08T00:00:00Z,Central Midfielder,null,2004.4068417803367,8,0,170,70,2005-05-31
93988,period_2337,TEC 9696,activity_3493,2025-05-10T00:00:00Z,Central Midfielder,null,200.84210017469337,0,5.42125115263457,170,70,2005-05-31
93988,period_4067,G 1960,activity_4137,2025-03-07T00:00:00Z,Central Midfielder,null,697.4386782669244,5,1.1979195907877314,170,70,2005-05-31
93988,period_1708,G 1960,activity_2574,2025-02-07T00:00:00Z,Central Midfielder,null,1146.7366488761818,5,0,170,70,2005-05-31
93988,period_190,G 3218,activity_4067,2024-09-26T00:00:00Z,Central Midfielder,null,2705.244448174214,4,0,170,70,2005-05-31
93988,period_3790,TEC 7736,activity_1554,2025-03-27T00:00:00Z,Central Midfielder,null,414.5927205102462,0,0,170,70,2005-05-31
93988,period_3812,G 1960,activity_4436,2024-08-23T00:00:00Z,Central Midfielder,null,1355.340387770535,7,12.82711899913537,170,70,2005-05-31
93988,period_1683,BP 2351,activity_1389,2024-12-16T00:00:00Z,Central Midfielder,null,534.2108955210541,7,0,170,70,2005-05-31
93988,period_2228,G 1960,activity_1473,2025-05-17T00:00:00Z,Central Midfielder,null,947.7723337388925,10,4.11862092158403,170,70,2005-05-31
59915,period_2558,G 1960,activity_3614,2025-04-12T00:00:00Z,Central Midfielder,null,603.6801142373766,1,0,179,71,1996-07-28
59915,period_2180,TAC 0133,activity_1415,2025-05-07T00:00:00Z,Central Midfielder,null,1611.0620438423482,9,34.57630651658827,179,71,1996-07-28
59915,period_1683,BP 2351,activity_1389,2024-12-16T00:00:00Z,Central Midfielder,null,736.0193119293405,2,0,179,71,1996-07-28
59915,period_1893,G 0260,activity_958,2024-07-26T00:00:00Z,Central Midfielder,null,2159.5417723391115,0,10.05505813686932,179,71,1996-07-28
59915,period_4084,G 3164,activity_439,2024-10-09T00:00:00Z,Central Midfielder,null,1545.1946204145956,7,0,179,71,1996-07-28
59915,period_1372,BP 2654,activity_2148,2024-07-16T00:00:00Z,Central Midfielder,null,664.9910714067898,4,0,179,71,1996-07-28
59915,period_1434,BP 4303,activity_477,2025-04-30T00:00:00Z,Central Midfielder,null,575.6298506865608,6,0,179,71,1996-07-28
59915,period_2894,TAC 0133,activity_4699,2024-07-30T00:00:00Z,Central Midfielder,null,622.4023724629376,5,27.561157471429482,179,71,1996-07-28
59915,period_2628,G 1960,activity_4122,2025-01-08T00:00:00Z,Central Midfielder,null,818.7724572261109,3,40.81957448123058,179,71,1996-07-28
59915,period_4800,G 4139,activity_1431,2025-01-30T00:00:00Z,Central Midfielder,null,4155.668695650905,12,0,179,71,1996-07-28
59915,period_1962,TEC 1080,activity_958,2024-07-26T00:00:00Z,Central Midfielder,null,468.5020572647012,0,0.11716917533263563,179,71,1996-07-28
59915,period_4016,BP 2269,activity_1230,2024-07-27T00:00:00Z,Central Midfielder,null,1599.9738782910533,3,0,179,71,1996-07-28
59915,period_523,G 1669,activity_1431,2025-01-30T00:00:00Z,Central Midfielder,null,1482.732289547176,10,15.872316036879624,179,71,1996-07-28
59915,period_562,G 0184,activity_1230,2024-07-27T00:00:00Z,Central Midfielder,null,1988.3523526600352,9,12.61914948050832,179,71,1996-07-28
59915,period_2102,TAC 5940,activity_1555,2024-08-02T00:00:00Z,Central Midfielder,null,1067.3205799621237,2,31.773702949546326,179,71,1996-07-28
59915,period_525,TAC 7525,activity_4208,2025-05-02T00:00:00Z,Central Midfielder,null,1665.3599696890917,0,26.890394046924257,179,71,1996-07-28
59915,period_1708,G 1960,activity_2574,2025-02-07T00:00:00Z,Central Midfielder,null,1903.0975380050174,3,59.1359972465632,179,71,1996-07-28
59915,period_1872,TAC 7525,activity_4335,2025-05-03T00:00:00Z,Central Midfielder,null,523.7206725450235,2,16.276988038345717,179,71,1996-07-28
59915,period_3077,TAC 0133,activity_599,2025-04-15T00:00:00Z,Central Midfielder,null,802.0384853950785,2,0,179,71,1996-07-28
59915,period_3812,G 1960,activity_4436,2024-08-23T00:00:00Z,Central Midfielder,null,2427.7409109400055,3,0,179,71,1996-07-28
59915,period_3308,TEC 5341,activity_1589,2025-04-09T00:00:00Z,Central Midfielder,null,154.82416541478824,0,0,179,71,1996-07-28
59915,period_390,BP 2351,activity_1061,2024-12-31T00:00:00Z,Central Midfielder,null,1292.7232543055077,9,0,179,71,1996-07-28
59915,period_146,G 3164,activity_2423,2025-01-01T00:00:00Z,Central Midfielder,null,1655.2259850563187,2,19.631317858360454,179,71,1996-07-28
59915,period_95,TAC 7848,activity_4655,2025-04-06T00:00:00Z,Central Midfielder,null,1506.5486655870227,2,23.322649714788934,179,71,1996-07-28
59915,period_2341,TAC 7525,activity_4454,2024-12-13T00:00:00Z,Central Midfielder,null,1315.3857678022634,4,27.372387887605104,179,71,1996-07-28
59915,period_948,G 3164,activity_2995,2024-08-26T00:00:00Z,Central Midfielder,null,982.1605114804171,8,6.422436045263732,179,71,1996-07-28
59915,period_3834,G 3473,activity_1951,2025-04-19T00:00:00Z,Central Midfielder,null,925.6309629166568,5,0,179,71,1996-07-28
59915,period_425,G 1960,activity_3385,2025-02-14T00:00:00Z,Central Midfielder,null,1307.8810804391214,9,3.871267969047741,179,71,1996-07-28
59915,period_4400,TEC 7376,activity_1415,2025-05-07T00:00:00Z,Central Midfielder,null,170.31441766119588,0,0,179,71,1996-07-28
59915,period_362,TAC 0133,activity_4436,2024-08-23T00:00:00Z,Central Midfielder,null,478.8968087748945,2,0,179,71,1996-07-28
59915,period_3317,TEC 5098,activity_2995,2024-08-26T00:00:00Z,Central Midfielder,null,427.31879478230087,0,0,179,71,1996-07-28
59915,period_4753,BP 1849,activity_2516,2025-04-10T00:00:00Z,Central Midfielder,null,649.4314753094222,2,0,179,71,1996-07-28
59915,period_865,TAC 0133,activity_2955,2025-01-15T00:00:00Z,Central Midfielder,null,1463.3030906911802,2,0,179,71,1996-07-28
59915,period_1471,TAC 3056,activity_2423,2025-01-01T00:00:00Z,Central Midfielder,null,2036.6195766893727,2,0,179,71,1996-07-28
59915,period_2337,TEC 9696,activity_3493,2025-05-10T00:00:00Z,Central Midfielder,null,904.5785400116098,0,0,179,71,1996-07-28
59915,period_551,BP 1849,activity_1501,2024-10-07T00:00:00Z,Central Midfielder,null,769.2352186096086,0,0,179,71,1996-07-28
59915,period_1724,TEC 5328,activity_1431,2025-01-30T00:00:00Z,Central Midfielder,null,188.26009519157705,0,0,179,71,1996-07-28
59915,period_1768,TAC 1326,activity_4299,2025-04-11T00:00:00Z,Central Midfielder,null,2084.4966315684887,4,0,179,71,1996-07-28
59915,period_1192,BP 2351,activity_789,2024-08-22T00:00:00Z,Central Midfielder,null,1894.1851638012495,3,0,179,71,1996-07-28
59915,period_830,TAC 2528,activity_477,2025-04-30T00:00:00Z,Central Midfielder,null,1087.705692504006,1,0,179,71,1996-07-28
59915,period_1641,G 1960,activity_2955,2025-01-15T00:00:00Z,Central Midfielder,null,705.8870784272357,1,12.93364805288907,179,71,1996-07-28
59915,period_2831,G 5931,activity_4299,2025-04-11T00:00:00Z,Central Midfielder,null,1749.2432571717602,10,0,179,71,1996-07-28
59915,period_4037,G 7015,activity_486,2024-08-11T00:00:00Z,Central Midfielder,null,2144.3858620353258,4,7.353078325860529,179,71,1996-07-28
59915,period_2390,TAC 0133,activity_1951,2025-04-19T00:00:00Z,Central Midfielder,null,1250.7084603178898,6,0,179,71,1996-07-28
59915,period_233,BP 2351,activity_1060,2025-02-21T00:00:00Z,Central Midfielder,null,359.12453166619997,3,0,179,71,1996-07-28
59915,period_3506,TEC 5341,activity_1415,2025-05-07T00:00:00Z,Central Midfielder,null,229.12830215938124,0,0,179,71,1996-07-28
59915,period_3226,G 1960,activity_1555,2024-08-02T00:00:00Z,Central Midfielder,null,1250.9589379359725,17,0,179,71,1996-07-28
59915,period_4703,TAC 0133,activity_2574,2025-02-07T00:00:00Z,Central Midfielder,null,1125.3608446922613,7,0,179,71,1996-07-28
59915,period_3001,G 1960,activity_96,2025-02-25T00:00:00Z,Central Midfielder,null,656.604587770143,5,0,179,71,1996-07-28
59915,period_3261,G 3863,activity_477,2025-04-30T00:00:00Z,Central Midfielder,null,1393.1524331931228,1,0,179,71,1996-07-28
59915,period_2583,TEC 5341,activity_1501,2024-10-07T00:00:00Z,Central Midfielder,null,469.010261569265,0,0,179,71,1996-07-28
59915,period_2249,G 3863,activity_789,2024-08-22T00:00:00Z,Central Midfielder,null,3789.7008829823585,10,0,179,71,1996-07-28
59915,period_874,G 1960,activity_2601,2024-12-21T00:00:00Z,Central Midfielder,null,705.3325810993156,12,0,179,71,1996-07-28
59915,period_3585,TAC 7525,activity_2601,2024-12-21T00:00:00Z,Central Midfielder,null,3052.659933704322,3,14.816621852840441,179,71,1996-07-28
59915,period_2717,TAC 0133,activity_3907,2025-05-08T00:00:00Z,Central Midfielder,null,829.7058327901977,7,16.175286967907706,179,71,1996-07-28
59915,period_1061,BP 8350,activity_3907,2025-05-08T00:00:00Z,Central Midfielder,null,500.6489291367524,4,0,179,71,1996-07-28
59915,period_315,BP 3884,activity_1431,2025-01-30T00:00:00Z,Central Midfielder,null,461.7402475169684,2,0,179,71,1996-07-28
59915,period_4354,TEC 5341,activity_4655,2025-04-06T00:00:00Z,Central Midfielder,null,125.00320514086609,0,0,179,71,1996-07-28
59915,period_650,TAC 0133,activity_3357,2025-04-25T00:00:00Z,Central Midfielder,null,1280.077012083661,2,0,179,71,1996-07-28
59915,period_2331,BP 5787,activity_2210,2025-05-16T00:00:00Z,Central Midfielder,null,968.9143472541583,7,0,179,71,1996-07-28
59915,period_3468,G 1960,activity_75,2025-02-22T00:00:00Z,Central Midfielder,null,2094.1583927733245,1,12.181993872475614,179,71,1996-07-28
59915,period_1923,TEC 5341,activity_4436,2024-08-23T00:00:00Z,Central Midfielder,null,197.52329944084264,0,0,179,71,1996-07-28
59915,period_4650,BP 2351,activity_439,2024-10-09T00:00:00Z,Central Midfielder,null,574.3105085587538,3,0,179,71,1996-07-28
59915,period_3582,G 5931,activity_3243,2024-10-17T00:00:00Z,Central Midfielder,null,1521.703078124775,5,0,179,71,1996-07-28
59915,period_298,BP 5787,activity_4251,2025-05-21T00:00:00Z,Central Midfielder,null,1657.2566025526032,4,0,179,71,1996-07-28
59915,period_522,BP 1822,activity_1389,2024-12-16T00:00:00Z,Central Midfielder,null,1209.1450867778615,0,0,179,71,1996-07-28
59915,period_883,BP 4893,activity_4655,2025-04-06T00:00:00Z,Central Midfielder,null,1099.0311369668814,0,0,179,71,1996-07-28
59915,period_2149,TEC 5098,activity_2210,2025-05-16T00:00:00Z,Central Midfielder,null,344.01368578172406,0,0,179,71,1996-07-28
59915,period_1493,TAC 0133,activity_4436,2024-08-23T00:00:00Z,Central Midfielder,null,2470.5841019740983,1,8.844560462068216,179,71,1996-07-28
59915,period_174,BP 1031,activity_3243,2024-10-17T00:00:00Z,Central Midfielder,null,1446.3989265662435,0,0,179,71,1996-07-28
59915,period_1334,BP 2351,activity_1501,2024-10-07T00:00:00Z,Central Midfielder,null,550.4875458781851,9,21.311899242315494,179,71,1996-07-28
59915,period_4113,BP 8299,activity_3790,2025-02-24T00:00:00Z,Central Midfielder,null,713.3111532892987,3,0,179,71,1996-07-28
59915,period_3988,BP 8299,activity_3516,2025-04-24T00:00:00Z,Central Midfielder,null,737.3902379319055,3,0,179,71,1996-07-28
59915,period_439,BP 3178,activity_1022,2025-04-18T00:00:00Z,Central Midfielder,null,432.4523009161329,4,0,179,71,1996-07-28
59915,period_4726,G 3218,activity_1022,2025-04-18T00:00:00Z,Central Midfielder,null,971.1949518840111,3,0,179,71,1996-07-28
59915,period_2558,G 1960,activity_3040,2025-05-13T00:00:00Z,Central Midfielder,null,975.1882308636896,10,5.097270336472559,179,71,1996-07-28
59915,period_483,BP 2654,activity_2160,2024-07-29T00:00:00Z,Central Midfielder,null,2623.758429772117,3,5.059926827887115,179,71,1996-07-28
59915,period_4834,G 3164,activity_3516,2025-04-24T00:00:00Z,Central Midfielder,null,898.4937217533293,4,32.5399932095225,179,71,1996-07-28
59915,period_1196,TAC 7101,activity_2160,2024-07-29T00:00:00Z,Central Midfielder,null,1123.446813733124,0,0,179,71,1996-07-28
59915,period_4247,G 3164,activity_3907,2025-05-08T00:00:00Z,Central Midfielder,null,1641.6473096010584,2,0.5895648019290362,179,71,1996-07-28
59915,period_2758,TAC 3056,activity_4436,2024-08-23T00:00:00Z,Central Midfielder,null,1422.71582860206,4,0,179,71,1996-07-28
59915,period_4067,G 3218,activity_2160,2024-07-29T00:00:00Z,Central Midfielder,null,1053.0312687938222,5,0,179,71,1996-07-28
59915,period_2953,G 1960,activity_4454,2024-12-13T00:00:00Z,Central Midfielder,null,2261.7939986817787,5,18.00424513578852,179,71,1996-07-28
59915,period_4602,G 7242,activity_3516,2025-04-24T00:00:00Z,Central Midfielder,null,706.3824352218521,4,0,179,71,1996-07-28
59915,period_4249,TEC 5341,activity_1060,2025-02-21T00:00:00Z,Central Midfielder,null,350.62562933711496,0,0,179,71,1996-07-28
59915,period_2770,G 1960,activity_958,2024-07-26T00:00:00Z,Central Midfielder,null,753.732836057081,2,51.842356531197964,179,71,1996-07-28
59915,period_4216,G 0184,activity_1230,2024-07-27T00:00:00Z,Central Midfielder,null,757.2774815042646,5,11.899450153667269,179,71,1996-07-28
59915,period_4157,G 1960,activity_4699,2024-07-30T00:00:00Z,Central Midfielder,null,904.7740476100397,7,0,179,71,1996-07-28
59915,period_2041,TAC 5940,activity_823,2025-05-01T00:00:00Z,Central Midfielder,null,713.1773477761438,2,18.209897996914552,179,71,1996-07-28
59915,period_4496,G 1960,activity_4335,2025-05-03T00:00:00Z,Central Midfielder,null,1706.2002732929639,7,29.922223129433384,179,71,1996-07-28
59915,period_1456,BP 2351,activity_1951,2025-04-19T00:00:00Z,Central Midfielder,null,1048.8969860731227,3,0,179,71,1996-07-28
59915,period_2528,G 7940,activity_3790,2025-02-24T00:00:00Z,Central Midfielder,null,992.336007741773,8,14.963698569708384,179,71,1996-07-28
59915,period_2438,BP 2351,activity_2516,2025-04-10T00:00:00Z,Central Midfielder,null,656.7491505070494,4,0,179,71,1996-07-28
59915,period_108,G 0341,activity_3790,2025-02-24T00:00:00Z,Central Midfielder,null,1809.721055745401,1,57.4030460224002,179,71,1996-07-28
59915,period_929,TEC 5328,activity_1022,2025-04-18T00:00:00Z,Central Midfielder,null,327.8378435909379,0,0,179,71,1996-07-28
59915,period_1585,TAC 0133,activity_2593,2024-10-18T00:00:00Z,Central Midfielder,null,4703.679340007772,8,65.58781953506242,179,71,1996-07-28
59915,period_944,TAC 7848,activity_4744,2025-05-09T00:00:00Z,Central Midfielder,null,1251.066192642804,0,21.977326974364775,179,71,1996-07-28
59915,period_2896,G 5146,activity_4764,2025-04-14T00:00:00Z,Central Midfielder,null,1712.7635671353803,9,0,179,71,1996-07-28
59915,period_2972,G 0184,activity_2995,2024-08-26T00:00:00Z,Central Midfielder,null,1843.426219240941,7,24.321042714368165,179,71,1996-07-28
59915,period_2955,null,activity_2985,2025-05-04T00:00:00Z,Central Midfielder,1,654.6637114563133,2,6.848521545599627,179,71,1996-07-28
59915,period_2210,null,activity_1284,2024-11-27T00:00:00Z,Central Midfielder,1,2003.3017179805174,6,3.6082591982396957,179,71,1996-07-28
59915,period_3073,null,activity_2361,2025-02-23T00:00:00Z,Central Midfielder,1,1394.3196600208296,4,48.449910006663934,179,71,1996-07-28
59915,period_1924,null,activity_650,2024-12-18T00:00:00Z,Central Midfielder,1,1348.3298539959324,7,100.7162803716769,179,71,1996-07-28
59915,period_465,null,activity_1565,2025-05-14T00:00:00Z,Central Midfielder,1,589.228601469089,6,20.219814655970893,179,71,1996-07-28
59915,period_2761,null,activity_2894,2025-04-16T00:00:00Z,Central Midfielder,1,507.1925897904119,5,40.711618696773904,179,71,1996-07-28
59915,period_486,null,activity_1434,2025-02-01T00:00:00Z,Central Midfielder,1,1500.176913269147,4,11.238124912484519,179,71,1996-07-28
59915,period_3532,null,activity_625,2024-08-04T00:00:00Z,Central Midfielder,1,1486.7848979894993,5,21.834719869274938,179,71,1996-07-28
59915,period_1859,null,activity_3591,2025-01-16T00:00:00Z,Central Midfielder,1,857.0326882283366,10,42.77132880671003,179,71,1996-07-28
59915,period_4299,null,activity_432,2024-10-19T00:00:00Z,Central Midfielder,1,1736.5126619017742,6,54.07862520406671,179,71,1996-07-28
59915,period_2593,null,activity_2152,2025-01-03T00:00:00Z,Central Midfielder,1,880.947986987025,8,16.616401249140505,179,71,1996-07-28
59915,period_2877,null,activity_625,2024-08-03T00:00:00Z,Central Midfielder,1,1490.2710764816582,3,6.059041600966386,179,71,1996-07-28
59915,period_2366,null,activity_830,2024-08-01T00:00:00Z,Central Midfielder,1,1367.4532103714052,4,17.49090352004045,179,71,1996-07-28
59915,period_3299,null,activity_4800,2024-12-07T00:00:00Z,Central Midfielder,1,427.6888637445394,5,23.448865353334867,179,71,1996-07-28
59915,period_477,null,activity_1862,2025-06-22T00:00:00Z,Central Midfielder,1,1198.6200369571275,3,80.68317052180441,179,71,1996-07-28
59915,period_3493,null,activity_1612,2024-12-10T00:00:00Z,Central Midfielder,1,3299.190987503325,10,20.740204908279573,179,71,1996-07-28
59915,period_4251,null,activity_2583,2025-04-20T00:00:00Z,Central Midfielder,1,1577.211725971901,9,32.75029182838473,179,71,1996-07-28
59915,period_2160,null,activity_26,2025-04-13T00:00:00Z,Central Midfielder,1,2032.3092310484797,7,10.07541930594225,179,71,1996-07-28
59915,period_4208,null,activity_473,2025-01-09T00:00:00Z,Central Midfielder,1,619.1225228214684,4,8.52653781185529,179,71,1996-07-28
59915,period_1059,null,activity_2758,2024-11-24T00:00:00Z,Central Midfielder,1,1966.876137170676,3,4.884716121082191,179,71,1996-07-28
59915,period_3907,null,activity_3834,2024-12-01T00:00:00Z,Central Midfielder,1,1258.9199100272328,3,0,179,71,1996-07-28
59915,period_2423,null,activity_4443,2024-08-25T00:00:00Z,Central Midfielder,1,1313.217783567912,8,1.338736358947539,179,71,1996-07-28
59915,period_4137,null,activity_2405,2024-10-22T00:00:00Z,Central Midfielder,1,1583.3550874062034,2,0.6652936321873297,179,71,1996-07-28
59915,period_958,null,activity_1106,2025-01-25T00:00:00Z,Central Midfielder,1,1848.9366283085537,4,29.34000972997038,179,71,1996-07-28
59915,period_109,null,activity_2511,2025-02-05T00:00:00Z,Central Midfielder,1,859.7195984543018,7,87.06585997858986,179,71,1996-07-28
59915,period_4651,null,activity_1493,2024-09-01T00:00:00Z,Central Midfielder,1,1302.4419419154467,4,33.6794914981059,179,71,1996-07-28
59915,period_3516,null,activity_3564,2025-01-12T00:00:00Z,Central Midfielder,1,945.015438074661,8,19.90393483181283,179,71,1996-07-28
59915,period_4454,null,activity_4067,2024-12-14T00:00:00Z,Central Midfielder,1,1137.7661784151253,4,11.002404525795805,179,71,1996-07-28
59915,period_3357,null,activity_2421,2025-05-11T00:00:00Z,Central Midfielder,1,1435.4410119928698,5,19.51093800885034,179,71,1996-07-28
59915,period_2574,null,activity_2071,2025-04-26T00:00:00Z,Central Midfielder,1,1527.3945445095667,5,20.28139707359612,179,71,1996-07-28
59915,period_2148,null,activity_4016,2024-08-07T00:00:00Z,Central Midfielder,1,1560.3421143577193,5,0,179,71,1996-07-28
59915,period_359,null,activity_944,2025-02-19T00:00:00Z,Central Midfielder,1,4532.093124689445,9,16.529024204359825,179,71,1996-07-28
59915,period_4744,null,activity_461,2025-05-18T00:00:00Z,Central Midfielder,1,123.06296012213278,5,99.71395110579229,179,71,1996-07-28
59915,period_202,null,activity_4208,2025-02-08T00:00:00Z,Central Midfielder,1,2099.119166931144,6,9.780650515159907,179,71,1996-07-28
59915,period_1431,null,activity_1456,2024-11-05T00:00:00Z,Central Midfielder,1,886.4963453179671,5,3.0799401029017615,179,71,1996-07-28
59915,period_1022,null,activity_562,2024-12-22T00:00:00Z,Central Midfielder,1,1536.4851016124057,0,7.862053405555386,179,71,1996-07-28
59915,period_2601,null,activity_625,2024-08-04T00:00:00Z,Central Midfielder,1,1763.3792369962134,3,12.453188548619806,179,71,1996-07-28
59915,period_1060,null,activity_1526,2025-04-23T00:00:00Z,Central Midfielder,1,1386.5745576105646,10,38.288780555796194,179,71,1996-07-28
59915,period_4690,null,activity_883,2024-12-04T00:00:00Z,Central Midfielder,1,1619.5552721926085,7,34.424072810815424,179,71,1996-07-28
59915,period_3243,null,activity_2831,2025-01-22T00:00:00Z,Central Midfielder,1,4188.131119689065,0,0,179,71,1996-07-28
59915,period_3623,null,activity_1872,2025-01-19T00:00:00Z,Central Midfielder,1,908.2795872516893,7,48.29875746624346,179,71,1996-07-28
59915,period_3243,null,activity_4016,2024-08-06T00:00:00Z,Central Midfielder,1,1595.5799500512276,7,50.2259691998255,179,71,1996-07-28
59915,period_1230,null,activity_939,2025-05-24T00:00:00Z,Central Midfielder,1,2679.718948650278,7,8.630307759947307,179,71,1996-07-28
59915,period_2516,null,activity_830,2024-08-01T00:00:00Z,Central Midfielder,1,1632.662946048755,4,38.44761520067236,179,71,1996-07-28
59915,period_1973,null,activity_2390,2025-06-26T00:00:00Z,Central Midfielder,1,1354.4405323210347,8,27.284446168179464,179,71,1996-07-28
59915,period_3040,null,activity_2953,2025-02-26T00:00:00Z,Central Midfielder,1,1090.0417406182437,6,16.80619002150905,179,71,1996-07-28
59915,period_4436,null,activity_3206,2025-01-29T00:00:00Z,Central Midfielder,1,1534.4592003352568,7,12.43205539321484,179,71,1996-07-28
59915,period_3943,null,activity_2558,2025-02-11T00:00:00Z,Central Midfielder,1,1502.2493700572338,5,11.848599749521885,179,71,1996-07-28
59915,period_1866,G 3218,activity_1501,2024-10-07T00:00:00Z,Central Midfielder,null,945.4753551480404,2,13.805842527421747,179,71,1996-07-28
59915,period_783,BP 2351,activity_2148,2024-07-16T00:00:00Z,Central Midfielder,null,1157.7964762005854,3,0,179,71,1996-07-28
59915,period_3206,BP 1615,activity_1061,2024-12-31T00:00:00Z,Central Midfielder,null,680.0529947689599,5,0,179,71,1996-07-28
59915,period_2331,BP 7816,activity_1389,2024-12-16T00:00:00Z,Central Midfielder,null,763.8877882134118,1,0,179,71,1996-07-28
59915,period_4540,G 5931,activity_823,2025-05-01T00:00:00Z,Central Midfielder,null,3286.2018547614452,3,39.121934864283645,179,71,1996-07-28
59915,period_64,BP 5376,activity_4651,2024-07-19T00:00:00Z,Central Midfielder,null,800.1782799032513,2,0,179,71,1996-07-28
59915,period_1093,G 1960,activity_599,2025-04-15T00:00:00Z,Central Midfielder,null,1232.0505978602612,5,0,179,71,1996-07-28
59915,period_2876,TAC 0133,activity_486,2024-08-11T00:00:00Z,Central Midfielder,null,1031.722139776094,2,25.925472783857487,179,71,1996-07-28
59915,period_2758,TAC 7525,activity_4744,2025-05-09T00:00:00Z,Central Midfielder,null,432.82266018183043,0,28.377632673134666,179,71,1996-07-28
59915,period_3250,G 1960,activity_2877,2025-04-22T00:00:00Z,Central Midfielder,null,3010.5496570372584,3,11.390468208772601,179,71,1996-07-28
59915,period_2300,BP 2704,activity_1589,2025-04-09T00:00:00Z,Central Midfielder,null,1066.343813125179,3,0,179,71,1996-07-28
59915,period_2920,BP 3884,activity_3243,2024-10-17T00:00:00Z,Central Midfielder,null,722.9635364842334,8,0,179,71,1996-07-28
59915,period_2511,BP 4893,activity_4699,2024-07-30T00:00:00Z,Central Midfielder,null,955.94256942685,3,0,179,71,1996-07-28
59915,period_4714,BP 4303,activity_1589,2025-04-09T00:00:00Z,Central Midfielder,null,1163.0004520150137,4,38.57148143165821,179,71,1996-07-28
59915,period_4155,BP 1822,activity_1060,2025-02-21T00:00:00Z,Central Midfielder,null,1205.2880585071016,2,0,179,71,1996-07-28
59915,period_3578,G 1960,activity_3638,2024-08-17T00:00:00Z,Central Midfielder,null,4348.127494105562,9,0,179,71,1996-07-28
59915,period_2071,G 1960,activity_3493,2025-05-10T00:00:00Z,Central Midfielder,null,2267.3602702568664,15,7.6878010998089366,179,71,1996-07-28
59915,period_3129,TEC 5341,activity_3357,2025-04-25T00:00:00Z,Central Midfielder,null,559.7841039787193,0,0,179,71,1996-07-28
59915,period_350,TAC 0133,activity_3943,2024-08-10T00:00:00Z,Central Midfielder,null,801.992223878617,0,0,179,71,1996-07-28
59915,period_75,TEC 9696,activity_4208,2025-05-02T00:00:00Z,Central Midfielder,null,503.76505271050894,0,0,179,71,1996-07-28
59915,period_4717,G 1960,activity_2593,2024-10-18T00:00:00Z,Central Midfielder,null,1078.657446214965,6,0,179,71,1996-07-28
59915,period_1612,G 9283,activity_3073,2025-05-06T00:00:00Z,Central Midfielder,null,5688.026931320373,4,0,179,71,1996-07-28
59915,period_4318,G 8095,activity_2210,2025-05-16T00:00:00Z,Central Midfielder,null,657.4929003969177,2,1.0820075776924012,179,71,1996-07-28
59915,period_3392,G 5133,activity_2995,2024-08-26T00:00:00Z,Central Midfielder,null,673.0545833658844,4,5.790962636993722,179,71,1996-07-28
59915,period_3614,G 5931,activity_109,2024-11-30T00:00:00Z,Central Midfielder,null,1047.1286126368875,1,10.935762902379428,179,71,1996-07-28
59915,period_934,TAC 2764,activity_3073,2025-05-06T00:00:00Z,Central Midfielder,null,1197.3476629823533,10,0,179,71,1996-07-28
59915,period_4270,G 7015,activity_486,2024-08-11T00:00:00Z,Central Midfielder,null,652.2621833523864,2,23.86978708444939,179,71,1996-07-28
59915,period_625,TAC 0133,activity_2655,2025-02-04T00:00:00Z,Central Midfielder,null,1099.8001033387725,2,0,179,71,1996-07-28
59915,period_4369,G 3164,activity_823,2025-05-01T00:00:00Z,Central Midfielder,null,3651.69283537263,2,0,179,71,1996-07-28
59915,period_1370,G 8963,activity_1415,2025-05-07T00:00:00Z,Central Midfielder,null,570.1576812555644,22,0,179,71,1996-07-28
59915,period_1693,BP 8346,activity_477,2025-04-30T00:00:00Z,Central Midfielder,null,508.8537506305015,3,0,179,71,1996-07-28
59915,period_2614,TAC 0133,activity_96,2025-02-25T00:00:00Z,Central Midfielder,null,1419.5694833935104,2,14.674387083957358,179,71,1996-07-28
59915,period_4407,G 1669,activity_2423,2025-01-01T00:00:00Z,Central Midfielder,null,3005.9012524476043,5,8.953172839125015,179,71,1996-07-28
59915,period_576,BP 8346,activity_4764,2025-04-14T00:00:00Z,Central Midfielder,null,924.2055065558942,3,0,179,71,1996-07-28
59915,period_3998,TAC 0133,activity_4433,2024-08-28T00:00:00Z,Central Midfielder,null,2458.8815825002794,5,21.32022636214948,179,71,1996-07-28
59915,period_2421,BP 0518,activity_3073,2025-05-06T00:00:00Z,Central Midfielder,null,1228.0105615192022,3,0,179,71,1996-07-28
59915,period_1957,G 0184,activity_1230,2024-07-27T00:00:00Z,Central Midfielder,null,1227.642368381737,5,0,179,71,1996-07-28
59915,period_1607,G 3218,activity_2423,2025-01-01T00:00:00Z,Central Midfielder,null,1886.411695215571,5,23.429916455450954,179,71,1996-07-28
59915,period_1247,G 0184,activity_1230,2024-07-27T00:00:00Z,Central Midfielder,null,2421.386278859149,8,0,179,71,1996-07-28
59915,period_3678,G 1960,activity_3907,2025-05-08T00:00:00Z,Central Midfielder,null,1950.7346769645098,4,0,179,71,1996-07-28
59915,period_4187,TAC 7525,activity_2877,2025-04-22T00:00:00Z,Central Midfielder,null,1036.1503127355434,0,0,179,71,1996-07-28
59915,period_4122,G 1960,activity_3357,2025-04-25T00:00:00Z,Central Midfielder,null,691.7030685313274,3,4.640765443562965,179,71,1996-07-28
59915,period_2155,TAC 0133,activity_3105,2025-01-18T00:00:00Z,Central Midfielder,null,1165.4602716382199,0,65.73803493838412,179,71,1996-07-28
59915,period_1415,TAC 5940,activity_1415,2025-05-07T00:00:00Z,Central Midfielder,null,1241.7879321817395,4,0,179,71,1996-07-28
59915,period_4147,TAC 7525,activity_3357,2025-04-25T00:00:00Z,Central Midfielder,null,1535.3144167244664,7,9.636871388302861,179,71,1996-07-28
59915,period_4782,TAC 0133,activity_3638,2024-08-17T00:00:00Z,Central Midfielder,null,1749.972083465538,2,0,179,71,1996-07-28
59915,period_3564,G 3218,activity_1061,2024-12-31T00:00:00Z,Central Midfielder,null,695.5981462860702,4,0,179,71,1996-07-28
59915,period_3221,TAC 5940,activity_874,2024-11-03T00:00:00Z,Central Midfielder,null,2795.7175011656864,6,4.0016743141420905,179,71,1996-07-28
59915,period_1916,G 1960,activity_439,2024-10-09T00:00:00Z,Central Midfielder,null,1485.6268984816343,2,0,179,71,1996-07-28
59915,period_1589,TAC 3056,activity_4436,2024-08-23T00:00:00Z,Central Midfielder,null,1945.9415948281246,3,13.009784668621126,179,71,1996-07-28
59915,period_578,BP 4893,activity_4122,2025-01-08T00:00:00Z,Central Midfielder,null,1223.4038904865645,5,0,179,71,1996-07-28
59915,period_4443,BP 2351,activity_1555,2024-08-02T00:00:00Z,Central Midfielder,null,1003.2310746411264,4,0,179,71,1996-07-28
59915,period_2228,G 1960,activity_1473,2025-05-17T00:00:00Z,Central Midfielder,null,2517.6028111878036,14,0,179,71,1996-07-28
59915,period_1819,G 1960,activity_4433,2024-08-28T00:00:00Z,Central Midfielder,null,872.2664404767276,2,66.22226002163374,179,71,1996-07-28
59915,period_3591,BP 2351,activity_599,2025-04-15T00:00:00Z,Central Midfielder,null,535.7158280870135,7,9.624762356676985,179,71,1996-07-28
59915,period_1683,G 5931,activity_2060,2025-05-22T00:00:00Z,Central Midfielder,null,1255.1565638374593,2,5.975854799248002,179,71,1996-07-28
59915,period_2985,BP 4893,activity_3943,2024-08-10T00:00:00Z,Central Midfielder,null,320.05366320813596,3,0,179,71,1996-07-28
30026,period_3790,TEC 7736,activity_1554,2025-03-27T00:00:00Z,Central Midfielder,null,209.70569919186374,0,0,186,82,2003-06-24
30026,period_1612,TEC 5341,activity_2249,2024-08-08T00:00:00Z,Central Midfielder,null,263.2800500940101,5,0,186,82,2003-06-24
30026,period_1370,G 8963,activity_1415,2025-05-07T00:00:00Z,Central Midfielder,null,2319.091916197394,1,0,186,82,2003-06-24
30026,period_1641,G 1960,activity_2955,2025-01-15T00:00:00Z,Central Midfielder,null,2144.482039567586,9,0,186,82,2003-06-24
30026,period_4041,TAC 2764,activity_465,2025-03-14T00:00:00Z,Central Midfielder,null,1177.8810136721327,3,9.391553402404991,186,82,2003-06-24
30026,period_2341,TAC 7525,activity_4454,2024-12-13T00:00:00Z,Central Midfielder,null,1743.4868186779847,7,0,186,82,2003-06-24
30026,period_1284,TAC 3056,activity_4436,2024-08-23T00:00:00Z,Central Midfielder,null,888.3319668953266,7,0,186,82,2003-06-24
30026,period_425,G 1960,activity_3385,2025-02-14T00:00:00Z,Central Midfielder,null,1274.9124942116944,2,43.49107154881376,186,82,2003-06-24
30026,period_3070,G 1960,activity_3532,2024-09-16T00:00:00Z,Central Midfielder,null,1200.0270632753504,3,9.046245612192278,186,82,2003-06-24
30026,period_3001,G 1960,activity_96,2025-02-25T00:00:00Z,Central Midfielder,null,1556.8799906944723,1,18.647549201510344,186,82,2003-06-24
30026,period_3678,G 1960,activity_3907,2025-05-08T00:00:00Z,Central Midfielder,null,4226.127687635134,8,0,186,82,2003-06-24
30026,period_3261,G 3863,activity_477,2025-04-30T00:00:00Z,Central Midfielder,null,783.5767318698081,2,23.590588032565066,186,82,2003-06-24
30026,period_3285,BP 2351,activity_1554,2025-03-27T00:00:00Z,Central Midfielder,null,1120.1821325580875,0,1.2479070300883586,186,82,2003-06-24
30026,period_2558,G 1960,activity_3040,2025-05-13T00:00:00Z,Central Midfielder,null,1440.2956603587415,10,26.001179312690933,186,82,2003-06-24
30026,period_75,G 9283,activity_911,2025-04-03T00:00:00Z,Central Midfielder,null,2135.9177302516523,3,0,186,82,2003-06-24
30026,period_939,TAC 0133,activity_4137,2025-03-07T00:00:00Z,Central Midfielder,null,1729.5792285412633,0,0,186,82,2003-06-24
30026,period_1585,TAC 0133,activity_2593,2024-10-18T00:00:00Z,Central Midfielder,null,2735.000682606968,9,0,186,82,2003-06-24
30026,period_2758,TAC 7525,activity_4744,2025-05-09T00:00:00Z,Central Midfielder,null,1756.3094766459144,8,0,186,82,2003-06-24
30026,period_3993,TAC 7525,activity_359,2025-01-07T00:00:00Z,Central Midfielder,null,1862.6545588412976,3,4.873174348434854,186,82,2003-06-24
30026,period_3306,G 1960,activity_1973,2025-03-08T00:00:00Z,Central Midfielder,null,1261.1628554623019,21,0.8943763191472563,186,82,2003-06-24
30026,period_4602,G 7242,activity_3516,2025-04-24T00:00:00Z,Central Midfielder,null,2555.7036677731044,3,0,186,82,2003-06-24
30026,period_2652,TEC 5341,activity_2423,2025-01-01T00:00:00Z,Central Midfielder,null,339.83935418502676,0,0,186,82,2003-06-24
30026,period_2149,TEC 5098,activity_2210,2025-05-16T00:00:00Z,Central Midfielder,null,340.85665028368726,2,0,186,82,2003-06-24
30026,period_2421,BP 0518,activity_3073,2025-05-06T00:00:00Z,Central Midfielder,null,890.4445414599522,5,0,186,82,2003-06-24
30026,period_1607,G 3218,activity_2423,2025-01-01T00:00:00Z,Central Midfielder,null,1293.0014284091578,5,0,186,82,2003-06-24
30026,period_2586,TAC 5940,activity_3532,2024-09-16T00:00:00Z,Central Midfielder,null,983.1610969265139,4,79.83014203534569,186,82,2003-06-24
30026,period_1565,TAC 7525,activity_3243,2025-03-11T00:00:00Z,Central Midfielder,null,2272.515721645167,3,6.024795729728385,186,82,2003-06-24
30026,period_4230,BP 6872,activity_1059,2025-03-06T00:00:00Z,Central Midfielder,null,704.8713623100333,5,0,186,82,2003-06-24
30026,period_4617,G 8908,activity_1059,2025-03-06T00:00:00Z,Central Midfielder,null,1081.9236207074566,0,3.68350923447362,186,82,2003-06-24
30026,period_1415,TAC 5940,activity_1415,2025-05-07T00:00:00Z,Central Midfielder,null,1224.6820389204036,3,0,186,82,2003-06-24
30026,period_3585,TAC 7525,activity_2601,2024-12-21T00:00:00Z,Central Midfielder,null,899.4714709711157,3,23.661890699637194,186,82,2003-06-24
30026,period_3221,TAC 5940,activity_874,2024-11-03T00:00:00Z,Central Midfielder,null,2033.572220695971,2,0,186,82,2003-06-24
30026,period_2876,TAC 0133,activity_486,2024-08-11T00:00:00Z,Central Midfielder,null,612.8994369833745,3,0,186,82,2003-06-24
30026,period_2331,BP 5787,activity_2210,2025-05-16T00:00:00Z,Central Midfielder,null,1230.1443895599168,3,0,186,82,2003-06-24
30026,period_2896,G 5146,activity_4764,2025-04-14T00:00:00Z,Central Midfielder,null,1907.7007459230226,9,1.510278697035893,186,82,2003-06-24
30026,period_334,BP 2654,activity_359,2025-01-07T00:00:00Z,Central Midfielder,null,648.2305343273242,6,0,186,82,2003-06-24
30026,period_1923,TEC 5341,activity_4436,2024-08-23T00:00:00Z,Central Midfielder,null,326.5699913314048,0,0,186,82,2003-06-24
30026,period_2920,BP 3884,activity_3243,2024-10-17T00:00:00Z,Central Midfielder,null,248.82328447300586,0,0,186,82,2003-06-24
30026,period_2558,G 1960,activity_3614,2025-04-12T00:00:00Z,Central Midfielder,null,2161.5886296368612,7,0,186,82,2003-06-24
30026,period_2071,G 1960,activity_3493,2025-05-10T00:00:00Z,Central Midfielder,null,830.2315692397713,4,2.475962846948907,186,82,2003-06-24
30026,period_1693,BP 8346,activity_477,2025-04-30T00:00:00Z,Central Midfielder,null,992.7477611337155,1,0,186,82,2003-06-24
30026,period_1778,G 1960,activity_3623,2024-09-27T00:00:00Z,Central Midfielder,null,1100.8455952947374,6,0,186,82,2003-06-24
30026,period_2614,TAC 0133,activity_96,2025-02-25T00:00:00Z,Central Midfielder,null,1440.4393640030978,2,16.615256692528348,186,82,2003-06-24
30026,period_2390,TAC 0133,activity_1951,2025-04-19T00:00:00Z,Central Midfielder,null,1282.5403853210557,5,0,186,82,2003-06-24
30026,period_4187,TAC 7525,activity_2877,2025-04-22T00:00:00Z,Central Midfielder,null,4293.56868951056,3,0,186,82,2003-06-24
30026,period_4717,G 1960,activity_2593,2024-10-18T00:00:00Z,Central Midfielder,null,1387.9399550920832,14,0,186,82,2003-06-24
30026,period_3988,BP 8299,activity_3516,2025-04-24T00:00:00Z,Central Midfielder,null,1259.3817607989647,4,0,186,82,2003-06-24
30026,period_2175,BP 2351,activity_2366,2025-03-28T00:00:00Z,Central Midfielder,null,1055.0468750938678,4,0,186,82,2003-06-24
30026,period_2474,TAC 3056,activity_4436,2024-08-23T00:00:00Z,Central Midfielder,null,1170.2922836106009,1,0,186,82,2003-06-24
30026,period_865,TAC 0133,activity_2955,2025-01-15T00:00:00Z,Central Midfielder,null,233.90908622761032,6,6.234710324096301,186,82,2003-06-24
30026,period_2158,G 1960,activity_1859,2025-03-31T00:00:00Z,Central Midfielder,null,2244.531518948504,7,0,186,82,2003-06-24
30026,period_3582,G 5931,activity_3243,2024-10-17T00:00:00Z,Central Midfielder,null,842.0813418672265,9,0,186,82,2003-06-24
30026,period_390,BP 2351,activity_1061,2024-12-31T00:00:00Z,Central Midfielder,null,573.7596007731989,5,0,186,82,2003-06-24
30026,period_146,G 3164,activity_2423,2025-01-01T00:00:00Z,Central Midfielder,null,893.8856706161201,2,43.587959827411076,186,82,2003-06-24
30026,period_2228,G 1960,activity_1473,2025-05-17T00:00:00Z,Central Midfielder,null,805.8629518531501,6,0,186,82,2003-06-24
30026,period_350,TAC 0133,activity_3943,2024-08-10T00:00:00Z,Central Midfielder,null,669.7976976788153,0,29.368847691009616,186,82,2003-06-24
30026,period_3834,G 3473,activity_1951,2025-04-19T00:00:00Z,Central Midfielder,null,1790.1136319133238,4,34.977150852795106,186,82,2003-06-24
30026,period_2041,TAC 5940,activity_823,2025-05-01T00:00:00Z,Central Midfielder,null,1922.91014599902,0,26.143783178901874,186,82,2003-06-24
30026,period_4611,TAC 0133,activity_1859,2025-03-31T00:00:00Z,Central Midfielder,null,401.12944166261786,4,0,186,82,2003-06-24
30026,period_4665,G 8963,activity_1554,2025-03-27T00:00:00Z,Central Midfielder,null,1497.1927537896179,4,6.150016788081326,186,82,2003-06-24
30026,period_4726,G 3218,activity_1022,2025-04-18T00:00:00Z,Central Midfielder,null,2389.8116582963034,1,0,186,82,2003-06-24
30026,period_1434,BP 4303,activity_477,2025-04-30T00:00:00Z,Central Midfielder,null,1120.2940450598678,6,0,186,82,2003-06-24
30026,period_2337,TEC 9696,activity_3493,2025-05-10T00:00:00Z,Central Midfielder,null,382.42641484446506,0,0,186,82,2003-06-24
30026,period_4233,TAC 0133,activity_2366,2025-03-28T00:00:00Z,Central Midfielder,null,2034.3895904922106,6,0,186,82,2003-06-24
30026,period_4247,G 3164,activity_3907,2025-05-08T00:00:00Z,Central Midfielder,null,2036.3625950522915,5,7.622970519868742,186,82,2003-06-24
30026,period_4067,G 1960,activity_4137,2025-03-07T00:00:00Z,Central Midfielder,null,581.6949478270292,0,0,186,82,2003-06-24
30026,period_473,TEC 7376,activity_911,2025-04-03T00:00:00Z,Central Midfielder,null,774.0981067918871,0,0,186,82,2003-06-24
30026,period_578,BP 4893,activity_4122,2025-01-08T00:00:00Z,Central Midfielder,null,980.0035691528374,4,0,186,82,2003-06-24
30026,period_190,G 3218,activity_4067,2024-09-26T00:00:00Z,Central Midfielder,null,1319.1416744030264,3,21.10916778337388,186,82,2003-06-24
30026,period_1872,TAC 7525,activity_4335,2025-05-03T00:00:00Z,Central Midfielder,null,1204.294053627268,5,0,186,82,2003-06-24
30026,period_2180,TAC 0133,activity_1415,2025-05-07T00:00:00Z,Central Midfielder,null,1897.5385292560177,3,39.134362000116944,186,82,2003-06-24
30026,period_576,BP 8346,activity_4764,2025-04-14T00:00:00Z,Central Midfielder,null,2489.175742397618,0,0,186,82,2003-06-24
30026,period_4590,BP 5787,activity_1554,2025-03-27T00:00:00Z,Central Midfielder,null,753.3873795885592,0,0,186,82,2003-06-24
30026,period_2985,BP 4893,activity_3943,2024-08-10T00:00:00Z,Central Midfielder,null,666.1189293849246,9,7.163457236056051,186,82,2003-06-24
30026,period_4037,G 7015,activity_486,2024-08-11T00:00:00Z,Central Midfielder,null,1721.3655626011869,6,6.52739321580202,186,82,2003-06-24
30026,period_3087,BP 3930,activity_4067,2024-09-26T00:00:00Z,Central Midfielder,null,704.4652131228071,5,0,186,82,2003-06-24
30026,period_174,BP 1031,activity_3243,2024-10-17T00:00:00Z,Central Midfielder,null,1252.5293885120896,1,0,186,82,2003-06-24
30026,period_4318,G 8095,activity_2210,2025-05-16T00:00:00Z,Central Midfielder,null,2361.600783668503,14,0,186,82,2003-06-24
30026,period_4496,G 1960,activity_4335,2025-05-03T00:00:00Z,Central Midfielder,null,1564.1155951500957,8,0,186,82,2003-06-24
30026,period_1456,BP 2351,activity_1951,2025-04-19T00:00:00Z,Central Midfielder,null,974.7827210064175,2,0,186,82,2003-06-24
30026,period_2954,BP 1043,activity_1022,2025-04-18T00:00:00Z,Central Midfielder,null,383.2013368015674,3,0,186,82,2003-06-24
30026,period_4366,G 1960,activity_4407,2025-04-04T00:00:00Z,Central Midfielder,null,1060.6913876355059,7,0,186,82,2003-06-24
30026,period_1061,TAC 0133,activity_3623,2024-09-27T00:00:00Z,Central Midfielder,null,1190.236665148292,4,6.801679342494721,186,82,2003-06-24
30026,period_2155,TAC 0133,activity_3105,2025-01-18T00:00:00Z,Central Midfielder,null,1126.9191404652922,6,5.866000794254862,186,82,2003-06-24
30026,period_2108,TAC 0133,activity_4407,2025-04-04T00:00:00Z,Central Midfielder,null,775.6502724695412,0,17.687158700430256,186,82,2003-06-24
30026,period_874,G 1960,activity_2601,2024-12-21T00:00:00Z,Central Midfielder,null,972.6190059544881,8,0,186,82,2003-06-24
30026,period_1526,BP 2351,activity_1973,2025-03-08T00:00:00Z,Central Midfielder,null,809.5830581345501,9,0,186,82,2003-06-24
30026,period_1093,G 1960,activity_599,2025-04-15T00:00:00Z,Central Midfielder,null,1359.2056837424525,1,0,186,82,2003-06-24
30026,period_3564,G 3218,activity_1061,2024-12-31T00:00:00Z,Central Midfielder,null,2306.721431262153,3,12.2760593153882,186,82,2003-06-24
30026,period_3352,TAC 0133,activity_2761,2025-03-03T00:00:00Z,Central Midfielder,null,4609.401819607572,3,0,186,82,2003-06-24
30026,period_1768,TAC 1326,activity_4299,2025-04-11T00:00:00Z,Central Midfielder,null,913.1811982039159,3,46.38051842351816,186,82,2003-06-24
30026,period_3468,G 1960,activity_75,2025-02-22T00:00:00Z,Central Midfielder,null,1576.2905505700564,0,15.00684635717653,186,82,2003-06-24
30026,period_3105,null,activity_1093,2024-09-29T00:00:00Z,Central Midfielder,1,1014.2012713112377,6,26.019453593899424,186,82,2003-06-24
30026,period_4690,null,activity_883,2024-12-04T00:00:00Z,Central Midfielder,1,6715.465168364685,8,27.60867562754121,186,82,2003-06-24
30026,period_1859,null,activity_3591,2025-01-16T00:00:00Z,Central Midfielder,1,937.6368724749194,4,17.773471431150753,186,82,2003-06-24
30026,period_1473,null,activity_551,2025-03-29T00:00:00Z,Central Midfielder,1,1371.6703604360664,9,11.752791767962169,186,82,2003-06-24
30026,period_3040,null,activity_2953,2025-02-26T00:00:00Z,Central Midfielder,1,1683.155179225427,4,12.565520832343877,186,82,2003-06-24
30026,period_1022,null,activity_562,2024-12-22T00:00:00Z,Central Midfielder,1,4628.004345982593,6,39.925923708440465,186,82,2003-06-24
30026,period_359,null,activity_944,2025-02-19T00:00:00Z,Central Midfielder,1,1235.956660218523,5,17.41380919294492,186,82,2003-06-24
30026,period_4655,null,activity_1778,2024-09-21T00:00:00Z,Central Midfielder,1,884.4946370587339,4,11.35642844912352,186,82,2003-06-24
30026,period_4699,null,activity_929,2024-10-02T00:00:00Z,Central Midfielder,1,1528.4079670662306,4,60.794278081323675,186,82,2003-06-24
30026,period_3623,null,activity_1872,2025-01-19T00:00:00Z,Central Midfielder,1,769.911949229661,7,9.73262281316113,186,82,2003-06-24
30026,period_202,null,activity_4208,2025-02-08T00:00:00Z,Central Midfielder,1,2573.58551008139,6,12.2812081453332,186,82,2003-06-24
30026,period_2160,null,activity_26,2025-04-13T00:00:00Z,Central Midfielder,1,4174.928658629723,6,12.88508240665623,186,82,2003-06-24
30026,period_4208,null,activity_473,2025-01-09T00:00:00Z,Central Midfielder,1,1377.9574207890869,3,24.880680036109116,186,82,2003-06-24
30026,period_3299,null,activity_4800,2024-12-07T00:00:00Z,Central Midfielder,1,1328.1403655570184,8,39.41355851828809,186,82,2003-06-24
30026,period_465,null,activity_1565,2025-05-14T00:00:00Z,Central Midfielder,1,438.36064898026154,5,4.889956041712715,186,82,2003-06-24
30026,period_2761,null,activity_2894,2025-04-16T00:00:00Z,Central Midfielder,1,1158.8750049934222,5,50.20138679273859,186,82,2003-06-24
30026,period_3907,null,activity_3834,2024-12-01T00:00:00Z,Central Midfielder,1,738.6529761392159,5,1.2576691871740946,186,82,2003-06-24
30026,period_2655,null,activity_2614,2025-03-12T00:00:00Z,Central Midfielder,1,1028.908270111968,3,24.757988966298495,186,82,2003-06-24
30026,period_2574,null,activity_2071,2025-04-26T00:00:00Z,Central Midfielder,1,1745.8108343339695,6,4.275269712008746,186,82,2003-06-24
30026,period_2593,null,activity_2152,2025-01-03T00:00:00Z,Central Midfielder,1,1262.0175847183907,5,40.894934302796834,186,82,2003-06-24
30026,period_958,null,activity_1106,2025-01-25T00:00:00Z,Central Midfielder,1,1508.3368797535063,5,43.88770779552119,186,82,2003-06-24
30026,period_1059,null,activity_2758,2024-11-24T00:00:00Z,Central Midfielder,1,1140.476592911551,5,23.13960185817249,186,82,2003-06-24
30026,period_4744,null,activity_461,2025-05-18T00:00:00Z,Central Midfielder,1,1186.994070621057,6,17.27064328303895,186,82,2003-06-24
30026,period_3357,null,activity_2421,2025-05-11T00:00:00Z,Central Midfielder,1,1120.5024211231685,7,54.800968467120704,186,82,2003-06-24
30026,period_1973,null,activity_2390,2025-06-26T00:00:00Z,Central Midfielder,1,919.1246129866896,6,1.2598954336155235,186,82,2003-06-24
30026,period_4436,null,activity_3206,2025-01-29T00:00:00Z,Central Midfielder,1,1217.5109785769548,5,10.678309959293578,186,82,2003-06-24
30026,period_477,null,activity_1862,2025-06-22T00:00:00Z,Central Midfielder,1,1818.4820584110462,6,29.378903919436873,186,82,2003-06-24
30026,period_3943,null,activity_2558,2025-02-11T00:00:00Z,Central Midfielder,1,1473.7246191585873,7,9.558187808287045,186,82,2003-06-24
30026,period_486,null,activity_1434,2025-02-01T00:00:00Z,Central Midfielder,1,368.3259666996273,0,10.551223740524462,186,82,2003-06-24
30026,period_4304,null,activity_865,2024-10-05T00:00:00Z,Central Midfielder,1,2238.175372111359,7,12.396285868954351,186,82,2003-06-24
30026,period_4299,null,activity_432,2024-10-19T00:00:00Z,Central Midfielder,1,1475.9262635989223,7,21.427042683305263,186,82,2003-06-24
30026,period_4764,null,activity_3506,2025-04-08T00:00:00Z,Central Midfielder,1,1366.1574896009477,2,12.593485206692314,186,82,2003-06-24
30026,period_1060,null,activity_1526,2025-04-23T00:00:00Z,Central Midfielder,1,4744.584965950584,6,22.36777625515109,186,82,2003-06-24
30026,period_2955,null,activity_2985,2025-05-04T00:00:00Z,Central Midfielder,1,5275.457603817484,0,105.92415948210257,186,82,2003-06-24
30026,period_789,null,activity_4496,2024-09-24T00:00:00Z,Central Midfielder,1,1110.4937226673858,4,31.939234694576285,186,82,2003-06-24
30026,period_3385,null,activity_3285,2024-09-17T00:00:00Z,Central Midfielder,1,1239.778750419909,8,30.625181406828148,186,82,2003-06-24
30026,period_823,null,activity_146,2024-10-26T00:00:00Z,Central Midfielder,1,1981.875061600077,5,9.837155700007381,186,82,2003-06-24
30026,period_4251,null,activity_2583,2025-04-20T00:00:00Z,Central Midfielder,1,1552.8061167996282,5,27.16653202271348,186,82,2003-06-24
30026,period_1555,null,activity_4155,2025-03-15T00:00:00Z,Central Midfielder,1,1830.191640563882,7,10.85522135080962,186,82,2003-06-24
30026,period_3493,null,activity_1612,2024-12-10T00:00:00Z,Central Midfielder,1,802.676563627929,4,40.85882732875113,186,82,2003-06-24
30026,period_4454,null,activity_4067,2024-12-14T00:00:00Z,Central Midfielder,1,1872.2596531587747,5,26.743345375636864,186,82,2003-06-24
30026,period_3638,null,activity_2158,2025-04-01T00:00:00Z,Central Midfielder,1,1134.9450970715795,5,17.59035231137961,186,82,2003-06-24
30026,period_4137,null,activity_2405,2024-10-22T00:00:00Z,Central Midfielder,1,1643.696613659029,2,16.816403658041448,186,82,2003-06-24
30026,period_2210,null,activity_1284,2024-11-27T00:00:00Z,Central Midfielder,1,1146.4661683044203,9,59.67067959654084,186,82,2003-06-24
30026,period_1431,null,activity_1456,2024-11-05T00:00:00Z,Central Midfielder,1,1201.847170838417,2,42.09280430229739,186,82,2003-06-24
30026,period_3516,null,activity_3564,2025-01-12T00:00:00Z,Central Midfielder,1,6063.991864676931,13,27.218715334293442,186,82,2003-06-24
30026,period_599,null,activity_2102,2025-06-18T00:00:00Z,Central Midfielder,1,1442.6739250305127,4,0,186,82,2003-06-24
30026,period_4433,null,activity_4602,2025-04-05T00:00:00Z,Central Midfielder,1,1492.4967548368636,8,0,186,82,2003-06-24
30026,period_3243,null,activity_2831,2025-01-22T00:00:00Z,Central Midfielder,1,1517.2541915845593,6,0,186,82,2003-06-24
30026,period_1924,null,activity_650,2024-12-18T00:00:00Z,Central Midfielder,1,1585.9692432687173,8,9.89215172809964,186,82,2003-06-24
30026,period_2995,null,activity_4037,2024-11-09T00:00:00Z,Central Midfielder,1,7452.931961657668,3,12.913410127771721,186,82,2003-06-24
30026,period_4581,null,activity_525,2025-03-09T00:00:00Z,Central Midfielder,1,1163.8959839112604,5,39.11430001160763,186,82,2003-06-24
30026,period_1501,null,activity_3585,2025-02-15T00:00:00Z,Central Midfielder,1,1431.773145971386,7,13.488620654156739,186,82,2003-06-24
30026,period_1389,null,activity_3352,2024-08-18T00:00:00Z,Central Midfielder,1,2572.952373521433,6,19.050938335903385,186,82,2003-06-24
30026,period_4753,BP 1849,activity_2516,2025-04-10T00:00:00Z,Central Midfielder,null,1640.7260215032672,6,0,186,82,2003-06-24
30026,period_4540,G 5931,activity_823,2025-05-01T00:00:00Z,Central Midfielder,null,1722.7199508994527,6,0,186,82,2003-06-24
30026,period_108,G 0341,activity_3790,2025-02-24T00:00:00Z,Central Midfielder,null,2486.110784831796,4,5.427997582592454,186,82,2003-06-24
30026,period_2717,TAC 0133,activity_3907,2025-05-08T00:00:00Z,Central Midfielder,null,1863.5162181844776,2,0,186,82,2003-06-24
30026,period_4782,TAC 0133,activity_3638,2024-08-17T00:00:00Z,Central Midfielder,null,1985.6058453108049,3,5.210953487583153,186,82,2003-06-24
30026,period_1061,BP 8350,activity_3907,2025-05-08T00:00:00Z,Central Midfielder,null,457.9028818919594,1,0,186,82,2003-06-24
30026,period_1955,TEC 5341,activity_1022,2025-04-18T00:00:00Z,Central Midfielder,null,351.40880576848105,0,0,186,82,2003-06-24
30026,period_650,TAC 0133,activity_3357,2025-04-25T00:00:00Z,Central Midfielder,null,1396.9419036763236,6,0,186,82,2003-06-24
30026,period_830,TAC 2528,activity_477,2025-04-30T00:00:00Z,Central Midfielder,null,1823.6625143333406,4,6.243890896731448,186,82,2003-06-24
30026,period_3129,TEC 5341,activity_3357,2025-04-25T00:00:00Z,Central Midfielder,null,174.62855099383054,0,0,186,82,2003-06-24
30026,period_2831,G 5931,activity_4299,2025-04-11T00:00:00Z,Central Midfielder,null,2796.0485284253336,3,0,186,82,2003-06-24
30026,period_2405,G 5146,activity_359,2025-01-07T00:00:00Z,Central Midfielder,null,828.4863329401996,2,0,186,82,2003-06-24
30026,period_4754,G 1960,activity_2366,2025-03-28T00:00:00Z,Central Midfielder,null,881.8436486090244,1,0,186,82,2003-06-24
30026,period_1493,TAC 0133,activity_4436,2024-08-23T00:00:00Z,Central Midfielder,null,1299.2545313930018,4,15.716669932857505,186,82,2003-06-24
30026,period_1612,G 9283,activity_3073,2025-05-06T00:00:00Z,Central Midfielder,null,1307.280174581422,0,0,186,82,2003-06-24
30026,period_233,BP 2351,activity_1060,2025-02-21T00:00:00Z,Central Midfielder,null,1958.2768088600674,3,0,186,82,2003-06-24
30026,period_1862,BP 6247,activity_2249,2024-08-08T00:00:00Z,Central Midfielder,null,408.7900552561191,5,0,186,82,2003-06-24
30026,period_3614,G 5931,activity_109,2024-11-30T00:00:00Z,Central Midfielder,null,2040.2480368897063,4,0,186,82,2003-06-24
30026,period_4147,TAC 7525,activity_3357,2025-04-25T00:00:00Z,Central Midfielder,null,691.361355965978,3,99.69302698082622,186,82,2003-06-24
30026,period_944,TAC 7848,activity_4744,2025-05-09T00:00:00Z,Central Midfielder,null,1239.9242936088954,3,68.02620489948976,186,82,2003-06-24
30026,period_3250,G 1960,activity_2877,2025-04-22T00:00:00Z,Central Midfielder,null,2871.371838193685,1,0,186,82,2003-06-24
30026,period_1708,G 1960,activity_2574,2025-02-07T00:00:00Z,Central Midfielder,null,800.6421980654658,4,0,186,82,2003-06-24
30026,period_4270,G 7015,activity_486,2024-08-11T00:00:00Z,Central Midfielder,null,949.3858694012232,2,15.066884655075183,186,82,2003-06-24
30026,period_2953,G 1960,activity_4454,2024-12-13T00:00:00Z,Central Midfielder,null,686.1220436269762,4,0,186,82,2003-06-24
30026,period_3591,BP 2351,activity_599,2025-04-15T00:00:00Z,Central Midfielder,null,512.9634829530735,5,0,186,82,2003-06-24
30026,period_4407,G 1669,activity_2423,2025-01-01T00:00:00Z,Central Midfielder,null,1167.717052609603,4,0,186,82,2003-06-24
30026,period_4249,TEC 5341,activity_1060,2025-02-21T00:00:00Z,Central Midfielder,null,549.8839679045378,1,0,186,82,2003-06-24
30026,period_4703,TAC 0133,activity_2574,2025-02-07T00:00:00Z,Central Midfielder,null,1206.090504659284,0,0,186,82,2003-06-24
30026,period_4113,BP 8299,activity_3790,2025-02-24T00:00:00Z,Central Midfielder,null,230.63886445758098,3,0,186,82,2003-06-24
30026,period_4400,TEC 7376,activity_1415,2025-05-07T00:00:00Z,Central Midfielder,null,165.38442558986208,2,0,186,82,2003-06-24
30026,period_4986,BP 3116,activity_465,2025-03-14T00:00:00Z,Central Midfielder,null,2254.793672755149,2,0,186,82,2003-06-24
30026,period_362,TAC 0133,activity_4436,2024-08-23T00:00:00Z,Central Midfielder,null,754.70199412729,3,0,186,82,2003-06-24
30026,period_3506,TEC 5341,activity_1415,2025-05-07T00:00:00Z,Central Midfielder,null,801.3582777495899,0,0,186,82,2003-06-24
30026,period_4122,G 1960,activity_3357,2025-04-25T00:00:00Z,Central Midfielder,null,1641.8767992915432,11,0,186,82,2003-06-24
30026,period_2528,G 7940,activity_3790,2025-02-24T00:00:00Z,Central Midfielder,null,1427.772646080213,3,3.9005488763244407,186,82,2003-06-24
30026,period_2438,BP 2351,activity_2516,2025-04-10T00:00:00Z,Central Midfielder,null,513.9887947683151,3,0,186,82,2003-06-24
30026,period_3206,BP 1615,activity_1061,2024-12-31T00:00:00Z,Central Midfielder,null,1309.5276424290048,9,0,186,82,2003-06-24
30026,period_4834,G 3164,activity_3516,2025-04-24T00:00:00Z,Central Midfielder,null,1563.9178096927446,4,1.0884809129260729,186,82,2003-06-24
30026,period_934,TAC 2764,activity_3073,2025-05-06T00:00:00Z,Central Midfielder,null,473.4469971417162,3,0,186,82,2003-06-24
30026,period_2628,G 1960,activity_4122,2025-01-08T00:00:00Z,Central Midfielder,null,927.9900377756567,8,0.7503948109465504,186,82,2003-06-24
30026,period_1192,BP 2351,activity_789,2024-08-22T00:00:00Z,Central Midfielder,null,921.8315142397093,3,0,186,82,2003-06-24
30026,period_3077,TAC 0133,activity_599,2025-04-15T00:00:00Z,Central Midfielder,null,1575.6770317762662,2,54.638130167782215,186,82,2003-06-24
30026,period_4155,BP 1822,activity_1060,2025-02-21T00:00:00Z,Central Midfielder,null,1669.1740926871807,0,0,186,82,2003-06-24
30026,period_3578,G 1960,activity_3638,2024-08-17T00:00:00Z,Central Midfielder,null,2150.6807938845172,2,0,186,82,2003-06-24
30026,period_663,G 0184,activity_2249,2024-08-08T00:00:00Z,Central Midfielder,null,582.9976463741733,9,0,186,82,2003-06-24
21206,period_1708,G 1960,activity_2574,2025-02-07T00:00:00Z,Central Midfielder,null,1511.2417087401543,2,0,185,67,2002-03-24
21206,period_771,TAC 7525,activity_1059,2025-03-06T00:00:00Z,Central Midfielder,null,504.76669101774814,3,30.141058821152534,185,67,2002-03-24
21206,period_4407,G 1669,activity_2423,2025-01-01T00:00:00Z,Central Midfielder,null,757.2789339765325,9,48.89569956189031,185,67,2002-03-24
21206,period_2500,G 3164,activity_1945,2025-03-10T00:00:00Z,Central Midfielder,null,792.5989291036726,6,2.5250876967597704,185,67,2002-03-24
21206,period_2175,BP 2351,activity_2366,2025-03-28T00:00:00Z,Central Midfielder,null,874.0734978717911,2,0,185,67,2002-03-24
21206,period_2152,G 0106,activity_4655,2025-04-06T00:00:00Z,Central Midfielder,null,1339.9829999950707,12,2.7485623529337966,185,67,2002-03-24
21206,period_1061,TAC 0133,activity_3623,2024-09-27T00:00:00Z,Central Midfielder,null,2568.436347307308,0,1.0794930600911878,185,67,2002-03-24
21206,period_4726,G 3218,activity_1022,2025-04-18T00:00:00Z,Central Midfielder,null,3314.004118771545,6,9.002117863941367,185,67,2002-03-24
21206,period_2331,BP 7816,activity_1389,2024-12-16T00:00:00Z,Central Midfielder,null,881.0189087782417,5,0,185,67,2002-03-24
21206,period_75,G 9283,activity_911,2025-04-03T00:00:00Z,Central Midfielder,null,1296.6301875886372,0,3.375630374824574,185,67,2002-03-24
21206,period_3564,G 3218,activity_1061,2024-12-31T00:00:00Z,Central Midfielder,null,546.130862533541,4,24.096203747057572,185,67,2002-03-24
21206,period_4067,G 1960,activity_4137,2025-03-07T00:00:00Z,Central Midfielder,null,1194.9657360634055,6,0,185,67,2002-03-24
21206,period_4584,G 4139,activity_1945,2025-03-10T00:00:00Z,Central Midfielder,null,1878.6688678809198,3,0.9107749816026132,185,67,2002-03-24
21206,period_1768,TAC 1326,activity_4299,2025-04-11T00:00:00Z,Central Midfielder,null,2143.20514342549,6,0,185,67,2002-03-24
21206,period_3468,G 1960,activity_75,2025-02-22T00:00:00Z,Central Midfielder,null,2238.710828312893,8,0,185,67,2002-03-24
21206,period_578,BP 4893,activity_4122,2025-01-08T00:00:00Z,Central Midfielder,null,423.6825187774018,7,0,185,67,2002-03-24
21206,period_26,G 8281,activity_1060,2025-02-21T00:00:00Z,Central Midfielder,null,3410.943633892695,5,63.11079210191302,185,67,2002-03-24
21206,period_4037,G 7015,activity_486,2024-08-11T00:00:00Z,Central Midfielder,null,2398.8176240762277,2,0,185,67,2002-03-24
21206,period_4611,TAC 0133,activity_1859,2025-03-31T00:00:00Z,Central Midfielder,null,660.570258818319,3,0,185,67,2002-03-24
21206,period_4665,G 8963,activity_1554,2025-03-27T00:00:00Z,Central Midfielder,null,1622.5011177453728,8,55.16555878693685,185,67,2002-03-24
21206,period_2438,BP 2351,activity_2516,2025-04-10T00:00:00Z,Central Midfielder,null,1027.2143073619986,7,0,185,67,2002-03-24
21206,period_865,TAC 0133,activity_2955,2025-01-15T00:00:00Z,Central Midfielder,null,1101.4377869212258,2,27.41165927941298,185,67,2002-03-24
21206,period_108,G 0341,activity_3790,2025-02-24T00:00:00Z,Central Midfielder,null,1235.249763114767,1,0,185,67,2002-03-24
21206,period_1471,TAC 3056,activity_2423,2025-01-01T00:00:00Z,Central Midfielder,null,1759.0476406298878,4,9.70393825424062,185,67,2002-03-24
21206,period_2158,G 1960,activity_1859,2025-03-31T00:00:00Z,Central Midfielder,null,710.8643494145158,5,34.7265594159104,185,67,2002-03-24
21206,period_3790,TEC 7736,activity_1554,2025-03-27T00:00:00Z,Central Midfielder,null,186.34427962165682,0,0,185,67,2002-03-24
21206,period_1612,TEC 5341,activity_2249,2024-08-08T00:00:00Z,Central Midfielder,null,158.50911058356195,0,0,185,67,2002-03-24
21206,period_350,TAC 0133,activity_3943,2024-08-10T00:00:00Z,Central Midfielder,null,2908.932113271492,1,31.282153261372176,185,67,2002-03-24
21206,period_522,BP 1822,activity_1389,2024-12-16T00:00:00Z,Central Midfielder,null,1534.7005043762779,0,0,185,67,2002-03-24
21206,period_4717,G 1960,activity_2593,2024-10-18T00:00:00Z,Central Midfielder,null,822.5492952085709,4,0,185,67,2002-03-24
21206,period_3834,G 3473,activity_1951,2025-04-19T00:00:00Z,Central Midfielder,null,1256.212387967685,5,0,185,67,2002-03-24
21206,period_4113,BP 8299,activity_3790,2025-02-24T00:00:00Z,Central Midfielder,null,299.2723656627451,0,0,185,67,2002-03-24
21206,period_1607,G 3218,activity_2423,2025-01-01T00:00:00Z,Central Midfielder,null,2489.0208761859462,3,40.769713988843094,185,67,2002-03-24
21206,period_4986,BP 3116,activity_465,2025-03-14T00:00:00Z,Central Midfielder,null,500.81103263823724,6,0,185,67,2002-03-24
21206,period_3001,G 1960,activity_96,2025-02-25T00:00:00Z,Central Midfielder,null,2000.7189023333356,3,26.875493205375555,185,67,2002-03-24
21206,period_1862,BP 6247,activity_2249,2024-08-08T00:00:00Z,Central Midfielder,null,775.675813902009,4,0,185,67,2002-03-24
21206,period_439,BP 3178,activity_1022,2025-04-18T00:00:00Z,Central Midfielder,null,1130.148673622386,0,0,185,67,2002-03-24
21206,period_4617,G 8908,activity_1059,2025-03-06T00:00:00Z,Central Midfielder,null,3167.572849092011,4,0,185,67,2002-03-24
21206,period_874,G 1960,activity_2601,2024-12-21T00:00:00Z,Central Midfielder,null,1517.0954719986958,5,9.384330614319815,185,67,2002-03-24
21206,period_3585,TAC 7525,activity_2601,2024-12-21T00:00:00Z,Central Midfielder,null,3269.730726501003,6,20.779157629568388,185,67,2002-03-24
21206,period_2628,G 1960,activity_4122,2025-01-08T00:00:00Z,Central Midfielder,null,1848.508579485134,2,0,185,67,2002-03-24
21206,period_4354,TEC 5341,activity_4655,2025-04-06T00:00:00Z,Central Midfielder,null,262.3990378359676,0,0,185,67,2002-03-24
21206,period_473,TEC 7376,activity_911,2025-04-03T00:00:00Z,Central Midfielder,null,128.77850900051885,0,0,185,67,2002-03-24
21206,period_2920,BP 3884,activity_3243,2024-10-17T00:00:00Z,Central Midfielder,null,737.7733038979899,1,0.07966602159267763,185,67,2002-03-24
21206,period_4249,TEC 5341,activity_1060,2025-02-21T00:00:00Z,Central Midfielder,null,161.3310937392759,1,24.618949543628766,185,67,2002-03-24
21206,period_2985,BP 4893,activity_3943,2024-08-10T00:00:00Z,Central Midfielder,null,877.7365018959173,4,3.943627644660042,185,67,2002-03-24
21206,period_2390,TAC 0133,activity_1951,2025-04-19T00:00:00Z,Central Midfielder,null,1998.772423713329,0,8.75361701134106,185,67,2002-03-24
21206,period_3087,BP 3930,activity_4067,2024-09-26T00:00:00Z,Central Midfielder,null,597.712635983328,1,0,185,67,2002-03-24
21206,period_464,G 7940,activity_4655,2025-04-06T00:00:00Z,Central Midfielder,null,1061.7236211375546,2,0,185,67,2002-03-24
21206,period_4366,G 1960,activity_4407,2025-04-04T00:00:00Z,Central Midfielder,null,1188.469342023559,4,0,185,67,2002-03-24
21206,period_1526,BP 2351,activity_1973,2025-03-08T00:00:00Z,Central Midfielder,null,425.3701288723694,3,0,185,67,2002-03-24
21206,period_4233,TAC 0133,activity_2366,2025-03-28T00:00:00Z,Central Midfielder,null,663.0116944708957,8,66.84605217377897,185,67,2002-03-24
21206,period_3077,TAC 0133,activity_599,2025-04-15T00:00:00Z,Central Midfielder,null,494.82412166360456,5,0,185,67,2002-03-24
21206,period_3591,BP 2351,activity_599,2025-04-15T00:00:00Z,Central Midfielder,null,1016.67684372174,3,0.3552849265114488,185,67,2002-03-24
21206,period_2614,TAC 0133,activity_96,2025-02-25T00:00:00Z,Central Midfielder,null,1454.8618010395558,10,0,185,67,2002-03-24
21206,period_95,TAC 7848,activity_4655,2025-04-06T00:00:00Z,Central Midfielder,null,377.46274402488035,4,0,185,67,2002-03-24
21206,period_4590,BP 5787,activity_1554,2025-03-27T00:00:00Z,Central Midfielder,null,329.67043596425634,5,0,185,67,2002-03-24
21206,period_4754,G 1960,activity_2366,2025-03-28T00:00:00Z,Central Midfielder,null,2175.8590715181213,5,0,185,67,2002-03-24
21206,period_883,BP 4893,activity_4655,2025-04-06T00:00:00Z,Central Midfielder,null,1115.6922446566318,4,0,185,67,2002-03-24
21206,period_4128,BP 2654,activity_1945,2025-03-10T00:00:00Z,Central Midfielder,null,693.7383964445281,7,15.279878756298562,185,67,2002-03-24
21206,period_1565,TAC 7525,activity_3243,2025-03-11T00:00:00Z,Central Midfielder,null,1509.8800733640023,1,23.8078595288053,185,67,2002-03-24
21206,period_1456,BP 2351,activity_1951,2025-04-19T00:00:00Z,Central Midfielder,null,464.5836769798167,5,0,185,67,2002-03-24
21206,period_4187,TAC 7525,activity_2877,2025-04-22T00:00:00Z,Central Midfielder,null,1535.1457029051655,1,44.16888674436424,185,67,2002-03-24
21206,period_3285,BP 2351,activity_1554,2025-03-27T00:00:00Z,Central Midfielder,null,1269.5957267032852,3,0,185,67,2002-03-24
21206,period_4993,G 1960,activity_3243,2025-03-11T00:00:00Z,Central Midfielder,null,3845.8064339944353,7,0,185,67,2002-03-24
21206,period_3352,TAC 0133,activity_2761,2025-03-03T00:00:00Z,Central Midfielder,null,1829.7951779053674,0,0,185,67,2002-03-24
21206,period_4299,null,activity_432,2024-10-19T00:00:00Z,Central Midfielder,1,1625.4434000260096,6,4.926970728312705,185,67,2002-03-24
21206,period_1555,null,activity_4155,2025-03-15T00:00:00Z,Central Midfielder,1,1196.6052152304323,1,36.561272728855734,185,67,2002-03-24
21206,period_2995,null,activity_4037,2024-11-09T00:00:00Z,Central Midfielder,1,1422.3770204891694,8,43.56428961090423,185,67,2002-03-24
21206,period_4581,null,activity_525,2025-03-09T00:00:00Z,Central Midfielder,1,1516.6890740705517,4,23.5336407076191,185,67,2002-03-24
21206,period_4304,null,activity_865,2024-10-05T00:00:00Z,Central Midfielder,1,1528.5288620503222,7,15.942895997594123,185,67,2002-03-24
21206,period_1859,null,activity_3591,2025-01-16T00:00:00Z,Central Midfielder,1,1663.9733492515993,5,0,185,67,2002-03-24
21206,period_4764,null,activity_3506,2025-04-08T00:00:00Z,Central Midfielder,1,1229.8366241100284,4,29.0943068980016,185,67,2002-03-24
21206,period_1473,null,activity_551,2025-03-29T00:00:00Z,Central Midfielder,1,1478.5536062862664,8,31.194477600053272,185,67,2002-03-24
21206,period_1022,null,activity_562,2024-12-22T00:00:00Z,Central Midfielder,1,4630.08260387834,4,41.75967291116787,185,67,2002-03-24
21206,period_202,null,activity_4208,2025-02-08T00:00:00Z,Central Midfielder,1,2285.9325738965217,3,29.498794460485346,185,67,2002-03-24
21206,period_4208,null,activity_473,2025-01-09T00:00:00Z,Central Midfielder,1,2557.435905776994,5,52.762469224400604,185,67,2002-03-24
21206,period_3638,null,activity_2158,2025-04-01T00:00:00Z,Central Midfielder,1,1509.6707338249764,8,79.17788590538211,185,67,2002-03-24
21206,period_2210,null,activity_1284,2024-11-27T00:00:00Z,Central Midfielder,1,1397.566772890419,3,21.879836331086313,185,67,2002-03-24
21206,period_2593,null,activity_2152,2025-01-03T00:00:00Z,Central Midfielder,1,324.12299790386106,4,73.0242955457353,185,67,2002-03-24
21206,period_1431,null,activity_1456,2024-11-05T00:00:00Z,Central Midfielder,1,1456.1350568397665,6,21.254424541707422,185,67,2002-03-24
21206,period_1924,null,activity_650,2024-12-18T00:00:00Z,Central Midfielder,1,2048.7621517384,5,18.87623305125288,185,67,2002-03-24
21206,period_1060,null,activity_1526,2025-04-23T00:00:00Z,Central Midfielder,1,1584.1893528263524,5,22.25057896413746,185,67,2002-03-24
21206,period_3516,null,activity_3564,2025-01-12T00:00:00Z,Central Midfielder,1,1671.6788635942894,3,21.585902689246122,185,67,2002-03-24
21206,period_4433,null,activity_4602,2025-04-05T00:00:00Z,Central Midfielder,1,1499.30957299463,5,10.712328785960134,185,67,2002-03-24
21206,period_3943,null,activity_2558,2025-02-11T00:00:00Z,Central Midfielder,1,1542.559672421282,7,18.258188616382476,185,67,2002-03-24
21206,period_4137,null,activity_2405,2024-10-22T00:00:00Z,Central Midfielder,1,1713.6245593900683,7,7.273443525436364,185,67,2002-03-24
21206,period_2160,null,activity_26,2025-04-13T00:00:00Z,Central Midfielder,1,1429.147277307212,10,27.723975785670678,185,67,2002-03-24
21206,period_823,null,activity_146,2024-10-26T00:00:00Z,Central Midfielder,1,1704.6354082064117,6,4.7522215914273795,185,67,2002-03-24
21206,period_3073,null,activity_2361,2025-02-23T00:00:00Z,Central Midfielder,1,3945.2015107712436,6,18.45719540628921,185,67,2002-03-24
21206,period_1501,null,activity_3585,2025-02-15T00:00:00Z,Central Midfielder,1,987.8068052489836,3,20.225359335506745,185,67,2002-03-24
21206,period_359,null,activity_944,2025-02-19T00:00:00Z,Central Midfielder,1,1394.5645379934806,7,8.828216138379906,185,67,2002-03-24
21206,period_1951,null,activity_1585,2025-03-04T00:00:00Z,Central Midfielder,1,2945.7911607213173,2,2.237018977171694,185,67,2002-03-24
21206,period_4699,null,activity_929,2024-10-02T00:00:00Z,Central Midfielder,1,1783.715211068063,6,2.7095629103765284,185,67,2002-03-24
21206,period_4251,null,activity_2583,2025-04-20T00:00:00Z,Central Midfielder,1,1534.2794374304272,6,0,185,67,2002-03-24
21206,period_2655,null,activity_2614,2025-03-12T00:00:00Z,Central Midfielder,1,2656.8673755202362,6,31.548290280913346,185,67,2002-03-24
21206,period_4454,null,activity_4067,2024-12-14T00:00:00Z,Central Midfielder,1,1579.9070181968436,5,30.20814237099854,185,67,2002-03-24
21206,period_1059,null,activity_2758,2024-11-24T00:00:00Z,Central Midfielder,1,1458.3767644277711,8,3.845347726852934,185,67,2002-03-24
21206,period_3040,null,activity_2953,2025-02-26T00:00:00Z,Central Midfielder,1,1395.8773291298842,3,11.974316066497359,185,67,2002-03-24
21206,period_3030,null,activity_2954,2025-03-01T00:00:00Z,Central Midfielder,1,1565.472413096206,1,9.547947805642528,185,67,2002-03-24
21206,period_939,TAC 0133,activity_4137,2025-03-07T00:00:00Z,Central Midfielder,null,681.1242982912112,0,12.265018878195441,185,67,2002-03-24
21206,period_929,TEC 5328,activity_1022,2025-04-18T00:00:00Z,Central Midfielder,null,208.74349347249935,0,0,185,67,2002-03-24
21206,period_2876,TAC 0133,activity_486,2024-08-11T00:00:00Z,Central Midfielder,null,1993.8862533786355,2,4.373033655242268,185,67,2002-03-24
21206,period_4270,G 7015,activity_486,2024-08-11T00:00:00Z,Central Midfielder,null,1180.4962194227417,3,0.625239055195195,185,67,2002-03-24
21206,period_2558,G 1960,activity_3614,2025-04-12T00:00:00Z,Central Midfielder,null,1309.658387710217,10,0,185,67,2002-03-24
21206,period_3582,G 5931,activity_3243,2024-10-17T00:00:00Z,Central Midfielder,null,2728.9740550301362,3,35.087704012036134,185,67,2002-03-24
21206,period_1641,G 1960,activity_2955,2025-01-15T00:00:00Z,Central Midfielder,null,762.3811497346643,6,52.821357960356146,185,67,2002-03-24
21206,period_174,BP 1031,activity_3243,2024-10-17T00:00:00Z,Central Midfielder,null,799.7805246848759,4,0,185,67,2002-03-24
21206,period_2108,TAC 0133,activity_4407,2025-04-04T00:00:00Z,Central Midfielder,null,2132.4385376398072,2,3.5126219308248543,185,67,2002-03-24
21206,period_1585,TAC 0133,activity_2593,2024-10-18T00:00:00Z,Central Midfielder,null,1683.6579990480434,7,0,185,67,2002-03-24
21206,period_3221,TAC 5940,activity_874,2024-11-03T00:00:00Z,Central Midfielder,null,1586.6463210328836,11,39.959977495400715,185,67,2002-03-24
21206,period_625,TAC 0133,activity_2655,2025-02-04T00:00:00Z,Central Midfielder,null,486.38280477602433,1,0,185,67,2002-03-24
21206,period_390,BP 2351,activity_1061,2024-12-31T00:00:00Z,Central Midfielder,null,464.54772634376405,0,0,185,67,2002-03-24
21206,period_2341,TAC 7525,activity_4454,2024-12-13T00:00:00Z,Central Midfielder,null,1634.0083105992946,6,0,185,67,2002-03-24
21206,period_4703,TAC 0133,activity_2574,2025-02-07T00:00:00Z,Central Midfielder,null,1872.0866248013326,8,0,185,67,2002-03-24
21206,period_873,G 1960,activity_1924,2025-02-28T00:00:00Z,Central Midfielder,null,3396.946756291654,5,10.710594462272365,185,67,2002-03-24
21206,period_233,BP 2351,activity_1060,2025-02-21T00:00:00Z,Central Midfielder,null,445.5976214971572,0,0,185,67,2002-03-24
21206,period_3206,BP 1615,activity_1061,2024-12-31T00:00:00Z,Central Midfielder,null,517.7374226059371,0,0,185,67,2002-03-24
21206,period_4753,BP 1849,activity_2516,2025-04-10T00:00:00Z,Central Midfielder,null,1805.18311071588,3,0,185,67,2002-03-24
21206,period_1093,G 1960,activity_599,2025-04-15T00:00:00Z,Central Midfielder,null,680.1233026656674,6,40.566612078283384,185,67,2002-03-24
21206,period_3250,G 1960,activity_2877,2025-04-22T00:00:00Z,Central Midfielder,null,1439.789050564108,5,6.420279773517112,185,67,2002-03-24
21206,period_3306,G 1960,activity_1973,2025-03-08T00:00:00Z,Central Midfielder,null,1460.326888754646,4,0,185,67,2002-03-24
21206,period_1683,BP 2351,activity_1389,2024-12-16T00:00:00Z,Central Midfielder,null,409.2597178039307,6,0,185,67,2002-03-24
21206,period_2953,G 1960,activity_4454,2024-12-13T00:00:00Z,Central Midfielder,null,1146.678839635068,4,0,185,67,2002-03-24
21206,period_4155,BP 1822,activity_1060,2025-02-21T00:00:00Z,Central Midfielder,null,734.5031844463305,5,0,185,67,2002-03-24
21206,period_663,G 0184,activity_2249,2024-08-08T00:00:00Z,Central Midfielder,null,1544.1794296398416,6,32.640220101061864,185,67,2002-03-24
21206,period_4041,TAC 2764,activity_465,2025-03-14T00:00:00Z,Central Midfielder,null,957.9150179088336,2,0,185,67,2002-03-24
21206,period_2831,G 5931,activity_4299,2025-04-11T00:00:00Z,Central Midfielder,null,755.9817224473168,9,1.3542377916390356,185,67,2002-03-24
28635,period_830,TAC 2528,activity_477,2025-04-30T00:00:00Z,Winger,null,2480.224529008878,2,0,170,68,1999-03-09
28635,period_26,G 8281,activity_1060,2025-02-21T00:00:00Z,Winger,null,992.6052014519962,12,0,170,68,1999-03-09
28635,period_4407,G 1669,activity_2423,2025-01-01T00:00:00Z,Winger,null,1618.7749815358936,1,0,170,68,1999-03-09
28635,period_2831,G 5931,activity_4299,2025-04-11T00:00:00Z,Winger,null,3360.144998605837,12,7.694675511575048,170,68,1999-03-09
28635,period_298,BP 5787,activity_4251,2025-05-21T00:00:00Z,Winger,null,675.4437565813876,0,0,170,68,1999-03-09
28635,period_948,G 3164,activity_2995,2024-08-26T00:00:00Z,Winger,null,1096.3486311456961,4,21.77890539121964,170,68,1999-03-09
28635,period_4754,G 1960,activity_2366,2025-03-28T00:00:00Z,Winger,null,1426.3242275213463,7,1.020812758855195,170,68,1999-03-09
28635,period_75,TEC 9696,activity_4208,2025-05-02T00:00:00Z,Winger,null,154.8784947958239,1,29.948147975554022,170,68,1999-03-09
28635,period_1790,G 3164,activity_911,2025-04-03T00:00:00Z,Winger,null,1256.3938593202702,8,0,170,68,1999-03-09
28635,period_4037,G 7015,activity_486,2024-08-11T00:00:00Z,Winger,null,2361.325376850521,2,14.645860864074072,170,68,1999-03-09
28635,period_2390,TAC 0133,activity_1951,2025-04-19T00:00:00Z,Winger,null,1836.3296543805327,5,0,170,68,1999-03-09
28635,period_2421,BP 0518,activity_3073,2025-05-06T00:00:00Z,Winger,null,1837.9951876064358,3,0,170,68,1999-03-09
28635,period_2041,TAC 5940,activity_823,2025-05-01T00:00:00Z,Winger,null,1053.755575556115,8,22.420903722430925,170,68,1999-03-09
28635,period_4665,G 8963,activity_1554,2025-03-27T00:00:00Z,Winger,null,345.84257780643884,12,0,170,68,1999-03-09
28635,period_233,BP 2351,activity_1060,2025-02-21T00:00:00Z,Winger,null,1334.0741657810397,3,0,170,68,1999-03-09
28635,period_3392,G 5133,activity_2995,2024-08-26T00:00:00Z,Winger,null,1950.1366587009143,5,23.308404073505432,170,68,1999-03-09
28635,period_2331,BP 7816,activity_1389,2024-12-16T00:00:00Z,Winger,null,1201.9582458933721,3,0,170,68,1999-03-09
28635,period_865,TAC 0133,activity_2955,2025-01-15T00:00:00Z,Winger,null,1010.3233856325621,5,0,170,68,1999-03-09
28635,period_2628,G 1960,activity_4122,2025-01-08T00:00:00Z,Winger,null,2717.466486748137,16,0,170,68,1999-03-09
28635,period_4016,BP 2269,activity_1230,2024-07-27T00:00:00Z,Winger,null,468.53499320869037,1,5.137592321990361,170,68,1999-03-09
28635,period_4233,TAC 0133,activity_2366,2025-03-28T00:00:00Z,Winger,null,371.23644837948984,3,21.868364098610993,170,68,1999-03-09
28635,period_4993,G 1960,activity_3243,2025-03-11T00:00:00Z,Winger,null,1672.552761946844,5,0,170,68,1999-03-09
28635,period_2758,TAC 3056,activity_4436,2024-08-23T00:00:00Z,Winger,null,1054.7046152288715,4,19.418914902040026,170,68,1999-03-09
28635,period_4369,G 3164,activity_823,2025-05-01T00:00:00Z,Winger,null,1671.7149527165122,4,49.380693143721466,170,68,1999-03-09
28635,period_99,G 7824,activity_3299,2025-02-27T00:00:00Z,Winger,null,603.0606233697183,3,1.989542167493665,170,68,1999-03-09
28635,period_1641,G 1960,activity_2955,2025-01-15T00:00:00Z,Winger,null,5041.584414294942,3,40.49497253333293,170,68,1999-03-09
28635,period_1683,G 5931,activity_2060,2025-05-22T00:00:00Z,Winger,null,1855.8246792965977,11,0,170,68,1999-03-09
28635,period_2985,BP 4893,activity_3943,2024-08-10T00:00:00Z,Winger,null,1000.4938881222922,11,0,170,68,1999-03-09
28635,period_4208,BP 1331,activity_4690,2025-04-21T00:00:00Z,Winger,null,478.42118286774564,0,0,170,68,1999-03-09
28635,period_4216,G 0184,activity_1230,2024-07-27T00:00:00Z,Winger,null,510.45431882034455,7,1.3551068331033003,170,68,1999-03-09
28635,period_3868,BP 5376,activity_4690,2025-04-21T00:00:00Z,Winger,null,395.7886494957627,11,0,170,68,1999-03-09
28635,period_4703,TAC 0133,activity_2574,2025-02-07T00:00:00Z,Winger,null,2434.175281657641,1,0,170,68,1999-03-09
28635,period_4986,BP 3116,activity_465,2025-03-14T00:00:00Z,Winger,null,761.7111027322844,11,0,170,68,1999-03-09
28635,period_3506,TEC 5341,activity_1415,2025-05-07T00:00:00Z,Winger,null,467.49369513062226,0,0,170,68,1999-03-09
28635,period_3261,G 3863,activity_477,2025-04-30T00:00:00Z,Winger,null,2429.2031805812794,10,0,170,68,1999-03-09
28635,period_2249,G 3863,activity_789,2024-08-22T00:00:00Z,Winger,null,962.548635953909,5,6.140593658243638,170,68,1999-03-09
28635,period_2558,G 1960,activity_3040,2025-05-13T00:00:00Z,Winger,null,802.6040113454682,3,16.42910425620516,170,68,1999-03-09
28635,period_3206,BP 1615,activity_1061,2024-12-31T00:00:00Z,Winger,null,751.2861976029922,9,26.293035201316567,170,68,1999-03-09
28635,period_3636,G 7242,activity_1589,2025-04-09T00:00:00Z,Winger,null,1030.5418526953686,5,0,170,68,1999-03-09
28635,period_1196,TAC 7101,activity_2160,2024-07-29T00:00:00Z,Winger,null,887.3246026234059,5,60.73174105881466,170,68,1999-03-09
28635,period_562,G 0184,activity_1230,2024-07-27T00:00:00Z,Winger,null,660.8211073208353,5,21.658571142555218,170,68,1999-03-09
28635,period_2158,G 1960,activity_1859,2025-03-31T00:00:00Z,Winger,null,1727.7780897540047,7,33.89227596921407,170,68,1999-03-09
28635,period_2972,G 0184,activity_2995,2024-08-26T00:00:00Z,Winger,null,1245.300095545663,5,0,170,68,1999-03-09
28635,period_3250,G 1960,activity_2877,2025-04-22T00:00:00Z,Winger,null,1683.435020155786,3,0,170,68,1999-03-09
28635,period_4247,G 3164,activity_3907,2025-05-08T00:00:00Z,Winger,null,757.5200510530042,14,31.241873302360588,170,68,1999-03-09
28635,period_3352,TAC 0133,activity_2761,2025-03-03T00:00:00Z,Winger,null,836.4560260793121,7,0,170,68,1999-03-09
28635,period_1768,TAC 1326,activity_4299,2025-04-11T00:00:00Z,Winger,null,1035.0542360258287,3,0,170,68,1999-03-09
28635,period_1192,BP 2351,activity_789,2024-08-22T00:00:00Z,Winger,null,877.4037656226873,0,0,170,68,1999-03-09
28635,period_1923,TEC 5341,activity_4436,2024-08-23T00:00:00Z,Winger,null,191.2368705340937,6,0,170,68,1999-03-09
28635,period_390,BP 2351,activity_1061,2024-12-31T00:00:00Z,Winger,null,775.8283250997849,11,0,170,68,1999-03-09
28635,period_1819,G 1960,activity_4433,2024-08-28T00:00:00Z,Winger,null,946.8614463002161,6,32.11968161718344,170,68,1999-03-09
28635,period_1370,G 8963,activity_1415,2025-05-07T00:00:00Z,Winger,null,1728.30574019036,6,53.376441249802184,170,68,1999-03-09
28635,period_3591,BP 2351,activity_599,2025-04-15T00:00:00Z,Winger,null,673.87787155776,4,0,170,68,1999-03-09
28635,period_1693,BP 8346,activity_477,2025-04-30T00:00:00Z,Winger,null,533.2937849826324,6,0,170,68,1999-03-09
28635,period_2614,TAC 0133,activity_96,2025-02-25T00:00:00Z,Winger,null,2221.729354731675,7,30.26730583277553,170,68,1999-03-09
28635,period_4590,BP 5787,activity_1554,2025-03-27T00:00:00Z,Winger,null,524.0386044611131,4,0,170,68,1999-03-09
28635,period_4157,G 1960,activity_4699,2024-07-30T00:00:00Z,Winger,null,2639.0889727714766,1,24.071827207681952,170,68,1999-03-09
28635,period_3834,G 3473,activity_1951,2025-04-19T00:00:00Z,Winger,null,6059.322807921022,14,42.92831092004242,170,68,1999-03-09
28635,period_3678,G 1960,activity_3907,2025-05-08T00:00:00Z,Winger,null,358.6587250008236,3,7.827526201728504,170,68,1999-03-09
28635,period_3701,G 3872,activity_2148,2024-07-16T00:00:00Z,Winger,null,1069.8505950799974,7,0,170,68,1999-03-09
28635,period_3226,G 1960,activity_1555,2024-08-02T00:00:00Z,Winger,null,1606.9548786327546,10,4.385175318115836,170,68,1999-03-09
28635,period_1612,G 9283,activity_3073,2025-05-06T00:00:00Z,Winger,null,383.63134301438765,8,10.759087040863484,170,68,1999-03-09
28635,period_783,BP 2351,activity_2148,2024-07-16T00:00:00Z,Winger,null,524.9854622555616,13,0,170,68,1999-03-09
28635,period_874,G 1960,activity_2601,2024-12-21T00:00:00Z,Winger,null,852.3798806708393,7,0,170,68,1999-03-09
28635,period_1415,TAC 5940,activity_1415,2025-05-07T00:00:00Z,Winger,null,2322.429477921066,18,34.502426938014494,170,68,1999-03-09
28635,period_4753,BP 1849,activity_2516,2025-04-10T00:00:00Z,Winger,null,1363.2972253961452,1,0,170,68,1999-03-09
28635,period_1526,BP 2351,activity_1973,2025-03-08T00:00:00Z,Winger,null,747.2883648343848,0,0,170,68,1999-03-09
28635,period_2758,TAC 7525,activity_4744,2025-05-09T00:00:00Z,Winger,null,1184.6189627171248,0,1.2876173706392873,170,68,1999-03-09
28635,period_944,TAC 7848,activity_4744,2025-05-09T00:00:00Z,Winger,null,1395.201762318173,1,0,170,68,1999-03-09
28635,period_1764,TAC 0133,activity_4304,2024-09-13T00:00:00Z,Winger,null,846.9662612277921,9,18.56523330464056,170,68,1999-03-09
28635,period_1589,TAC 3056,activity_4436,2024-08-23T00:00:00Z,Winger,null,931.7084033116331,5,13.785249313932765,170,68,1999-03-09
28635,period_4270,G 7015,activity_486,2024-08-11T00:00:00Z,Winger,null,1444.2078209809304,1,27.917810736291614,170,68,1999-03-09
28635,period_350,TAC 0133,activity_3943,2024-08-10T00:00:00Z,Winger,null,651.9123414222385,1,56.58449885858691,170,68,1999-03-09
28635,period_2341,TAC 7525,activity_4454,2024-12-13T00:00:00Z,Winger,null,478.3841187993219,3,34.21119248038162,170,68,1999-03-09
28635,period_1607,G 3218,activity_2423,2025-01-01T00:00:00Z,Winger,null,386.484498800753,8,0,170,68,1999-03-09
28635,period_873,G 1960,activity_1924,2025-02-28T00:00:00Z,Winger,null,1672.0943127766268,7,21.33383976463047,170,68,1999-03-09
28635,period_4726,G 3218,activity_1022,2025-04-18T00:00:00Z,Winger,null,595.6672807403938,7,0,170,68,1999-03-09
28635,period_3317,TEC 5098,activity_2995,2024-08-26T00:00:00Z,Winger,null,166.2100281939206,0,0,170,68,1999-03-09
28635,period_2108,TAC 0133,activity_4407,2025-04-04T00:00:00Z,Winger,null,544.3220753534088,23,0,170,68,1999-03-09
28635,period_1945,G 1960,activity_4651,2024-07-19T00:00:00Z,Winger,null,654.539711599999,0,24.657957632088305,170,68,1999-03-09
28635,period_3614,G 5931,activity_109,2024-11-30T00:00:00Z,Winger,null,1569.7693139043,11,0,170,68,1999-03-09
28635,period_4147,TAC 7525,activity_3357,2025-04-25T00:00:00Z,Winger,null,1522.5606312374193,3,0,170,68,1999-03-09
28635,period_934,TAC 2764,activity_3073,2025-05-06T00:00:00Z,Winger,null,1621.4953333818166,0,0,170,68,1999-03-09
28635,period_4782,TAC 0133,activity_3638,2024-08-17T00:00:00Z,Winger,null,2587.4147013536945,0,11.055761296934364,170,68,1999-03-09
28635,period_1093,G 1960,activity_599,2025-04-15T00:00:00Z,Winger,null,694.4997836989754,8,0,170,68,1999-03-09
28635,period_2896,G 5146,activity_4764,2025-04-14T00:00:00Z,Winger,null,819.3987501330784,16,0.15899052894543292,170,68,1999-03-09
28635,period_4067,G 1960,activity_4137,2025-03-07T00:00:00Z,Winger,null,1360.4665701561846,0,0,170,68,1999-03-09
28635,period_2300,BP 2704,activity_1589,2025-04-09T00:00:00Z,Winger,null,966.2296210992952,4,0,170,68,1999-03-09
28635,period_1872,TAC 7525,activity_4335,2025-05-03T00:00:00Z,Winger,null,1459.318562022292,5,41.34302420476649,170,68,1999-03-09
28635,period_3077,TAC 0133,activity_599,2025-04-15T00:00:00Z,Winger,null,800.523933569742,6,7.920197929396782,170,68,1999-03-09
28635,period_3790,TEC 7736,activity_1554,2025-03-27T00:00:00Z,Winger,null,656.0281079381913,0,0,170,68,1999-03-09
28635,period_3306,G 1960,activity_1973,2025-03-08T00:00:00Z,Winger,null,1321.761164854698,18,0,170,68,1999-03-09
28635,period_3812,G 1960,activity_4436,2024-08-23T00:00:00Z,Winger,null,1223.5264332360985,4,9.103590394130768,170,68,1999-03-09
28635,period_4067,G 3218,activity_2160,2024-07-29T00:00:00Z,Winger,null,1297.6101769366462,6,8.97064374413138,170,68,1999-03-09
28635,period_2953,G 1960,activity_4454,2024-12-13T00:00:00Z,Winger,null,1056.0255968980377,6,14.294135240273171,170,68,1999-03-09
28635,period_2652,TEC 5341,activity_2423,2025-01-01T00:00:00Z,Winger,null,289.7074797938031,0,0,170,68,1999-03-09
28635,period_4611,TAC 0133,activity_1859,2025-03-31T00:00:00Z,Winger,null,842.625658260573,5,19.01277220167702,170,68,1999-03-09
28635,period_425,G 1960,activity_3385,2025-02-14T00:00:00Z,Winger,null,522.7448008252622,1,32.26087594160974,170,68,1999-03-09
28635,period_1565,TAC 7525,activity_3243,2025-03-11T00:00:00Z,Winger,null,1616.0143831248552,0,0,170,68,1999-03-09
28635,period_362,TAC 0133,activity_4436,2024-08-23T00:00:00Z,Winger,null,1457.588698621055,2,0,170,68,1999-03-09
28635,period_1456,BP 2351,activity_1951,2025-04-19T00:00:00Z,Winger,null,1132.3356775814707,1,0,170,68,1999-03-09
28635,period_4366,G 1960,activity_4407,2025-04-04T00:00:00Z,Winger,null,537.496793394597,0,0,170,68,1999-03-09
28635,period_4617,G 8908,activity_1059,2025-03-06T00:00:00Z,Winger,null,1500.8525841709334,12,9.348375155925792,170,68,1999-03-09
28635,period_2438,BP 2351,activity_2516,2025-04-10T00:00:00Z,Winger,null,663.2523569313818,3,0,170,68,1999-03-09
28635,period_2894,TAC 0133,activity_4699,2024-07-30T00:00:00Z,Winger,null,332.7242064634202,5,84.79610367704743,170,68,1999-03-09
28635,period_3221,TAC 5940,activity_874,2024-11-03T00:00:00Z,Winger,null,546.57640692229,2,0,170,68,1999-03-09
28635,period_486,null,activity_1434,2025-02-01T00:00:00Z,Winger,1,1393.264604573701,3,6.450611658971077,170,68,1999-03-09
28635,period_4433,null,activity_4602,2025-04-05T00:00:00Z,Winger,1,548.9677096999752,10,0,170,68,1999-03-09
28635,period_3532,null,activity_625,2024-08-04T00:00:00Z,Winger,1,883.4577095833225,11,0,170,68,1999-03-09
28635,period_4251,null,activity_2583,2025-04-20T00:00:00Z,Winger,1,1701.8646040879835,5,47.89703189647506,170,68,1999-03-09
28635,period_3243,null,activity_4016,2024-08-06T00:00:00Z,Winger,1,1006.008834249379,6,18.637550335584915,170,68,1999-03-09
28635,period_202,null,activity_4208,2025-02-08T00:00:00Z,Winger,1,1075.581823303398,5,11.638385255956372,170,68,1999-03-09
28635,period_2877,null,activity_625,2024-08-03T00:00:00Z,Winger,1,1408.1126109568424,4,162.86423877561484,170,68,1999-03-09
28635,period_1059,null,activity_2758,2024-11-24T00:00:00Z,Winger,1,2478.1391685843187,4,9.186270296193145,170,68,1999-03-09
28635,period_1230,null,activity_939,2025-05-24T00:00:00Z,Winger,1,1203.3928530464623,3,44.92604988679323,170,68,1999-03-09
28635,period_3943,null,activity_2558,2025-02-11T00:00:00Z,Winger,1,1180.6998240142602,7,42.99514159130315,170,68,1999-03-09
28635,period_2516,null,activity_830,2024-08-01T00:00:00Z,Winger,1,1697.9345454143088,3,27.888457946083225,170,68,1999-03-09
28635,period_3516,null,activity_3564,2025-01-12T00:00:00Z,Winger,1,1822.4565916187337,4,46.1611552860719,170,68,1999-03-09
28635,period_3243,null,activity_2831,2025-01-22T00:00:00Z,Winger,1,1496.022790330693,7,12.091855329778864,170,68,1999-03-09
28635,period_1859,null,activity_3591,2025-01-16T00:00:00Z,Winger,1,1414.4586807823457,8,2.9914108454025543,170,68,1999-03-09
28635,period_2655,null,activity_2614,2025-03-12T00:00:00Z,Winger,1,1254.1496466002582,4,0,170,68,1999-03-09
28635,period_4764,null,activity_3506,2025-04-08T00:00:00Z,Winger,1,1550.0115756447988,9,121.60702411312877,170,68,1999-03-09
28635,period_1973,null,activity_2390,2025-06-26T00:00:00Z,Winger,1,1650.8460001019066,7,5.161216225141787,170,68,1999-03-09
28635,period_2148,null,activity_4016,2024-08-07T00:00:00Z,Winger,1,3973.8984547087384,6,53.36924510252115,170,68,1999-03-09
28635,period_1022,null,activity_562,2024-12-22T00:00:00Z,Winger,1,1134.5940198667863,14,11.226036320019144,170,68,1999-03-09
28635,period_2995,null,activity_4037,2024-11-09T00:00:00Z,Winger,1,1893.122597602236,9,59.22840528615172,170,68,1999-03-09
28635,period_359,null,activity_944,2025-02-19T00:00:00Z,Winger,1,1586.2424189556787,6,79.01899646612921,170,68,1999-03-09
28635,period_3907,null,activity_3834,2024-12-01T00:00:00Z,Winger,1,722.7558713996542,2,37.45730604447935,170,68,1999-03-09
28635,period_599,null,activity_2102,2025-06-18T00:00:00Z,Winger,1,1431.571390915513,6,1.4160371278486277,170,68,1999-03-09
28635,period_4690,null,activity_883,2024-12-04T00:00:00Z,Winger,1,1399.303746272992,2,12.883805683898945,170,68,1999-03-09
28635,period_2574,null,activity_2071,2025-04-26T00:00:00Z,Winger,1,1330.9985304355125,7,20.150954514840052,170,68,1999-03-09
28635,period_2366,null,activity_830,2024-08-01T00:00:00Z,Winger,1,947.1136952335729,4,9.816732089834485,170,68,1999-03-09
28635,period_1924,null,activity_650,2024-12-18T00:00:00Z,Winger,1,923.8661142493654,10,5.4347500991478555,170,68,1999-03-09
28635,period_2160,null,activity_26,2025-04-13T00:00:00Z,Winger,1,1041.3381726813766,7,8.292783959143206,170,68,1999-03-09
28635,period_2601,null,activity_625,2024-08-04T00:00:00Z,Winger,1,849.1408746941156,6,23.094199192774827,170,68,1999-03-09
28635,period_1389,null,activity_3352,2024-08-18T00:00:00Z,Winger,1,779.092684504288,6,37.62502578769616,170,68,1999-03-09
28635,period_3623,null,activity_1872,2025-01-19T00:00:00Z,Winger,1,1241.9139554792648,7,1.8117897682289574,170,68,1999-03-09
28635,period_3073,null,activity_2361,2025-02-23T00:00:00Z,Winger,1,919.343193044502,6,25.908132321547573,170,68,1999-03-09
28635,period_4208,null,activity_473,2025-01-09T00:00:00Z,Winger,1,2096.681677645276,7,3.123186369067164,170,68,1999-03-09
28635,period_3040,null,activity_2953,2025-02-26T00:00:00Z,Winger,1,1506.5264721973408,5,30.331567412104643,170,68,1999-03-09
28635,period_4581,null,activity_525,2025-03-09T00:00:00Z,Winger,1,1233.1445763638017,7,27.00767194674507,170,68,1999-03-09
28635,period_1501,null,activity_3585,2025-02-15T00:00:00Z,Winger,1,1487.6257334263607,4,63.1148603006634,170,68,1999-03-09
28635,period_3030,null,activity_2954,2025-03-01T00:00:00Z,Winger,1,1507.2699498098082,5,5.091152175045168,170,68,1999-03-09
28635,period_3638,null,activity_2158,2025-04-01T00:00:00Z,Winger,1,1218.5047797033283,9,44.000044911458474,170,68,1999-03-09
28635,period_2210,null,activity_1284,2024-11-27T00:00:00Z,Winger,1,664.4887068566651,9,29.631765388596545,170,68,1999-03-09
28635,period_4651,null,activity_1493,2024-09-01T00:00:00Z,Winger,1,559.08344214497,10,10.570531735723122,170,68,1999-03-09
28635,period_4436,null,activity_3206,2025-01-29T00:00:00Z,Winger,1,1292.5034520066517,7,56.450057875560454,170,68,1999-03-09
28635,period_4335,null,activity_2300,2024-08-29T00:00:00Z,Winger,1,1081.3949806324988,3,29.213590339638316,170,68,1999-03-09
28635,period_1951,null,activity_1585,2025-03-04T00:00:00Z,Winger,1,1184.5835983244715,8,48.9616922593024,170,68,1999-03-09
28635,period_2761,null,activity_2894,2025-04-16T00:00:00Z,Winger,1,1551.3206409253362,6,43.982045307627914,170,68,1999-03-09
28635,period_2060,null,activity_4216,2024-09-14T00:00:00Z,Winger,1,1766.02457470195,4,5.797386026408003,170,68,1999-03-09
28635,period_1473,null,activity_551,2025-03-29T00:00:00Z,Winger,1,1392.905825784862,11,6.445873649643617,170,68,1999-03-09
28635,period_1555,null,activity_4155,2025-03-15T00:00:00Z,Winger,1,1808.219236390358,7,68.28616256983356,170,68,1999-03-09
28635,period_3299,null,activity_4800,2024-12-07T00:00:00Z,Winger,1,1434.388162311355,7,29.663650802460083,170,68,1999-03-09
28635,period_477,null,activity_1862,2025-06-22T00:00:00Z,Winger,1,1483.0508502230393,5,29.007410707033912,170,68,1999-03-09
28635,period_1060,null,activity_1526,2025-04-23T00:00:00Z,Winger,1,1610.8742716845295,7,7.5356919216443545,170,68,1999-03-09
28635,period_2955,null,activity_2985,2025-05-04T00:00:00Z,Winger,1,1095.8619763582506,6,33.73979604797662,170,68,1999-03-09
28635,period_2423,null,activity_4443,2024-08-25T00:00:00Z,Winger,1,1295.6118764402047,6,43.62971906056006,170,68,1999-03-09
28635,period_823,null,activity_146,2024-10-26T00:00:00Z,Winger,1,1042.3271067432859,10,10.915079548152777,170,68,1999-03-09
28635,period_4454,null,activity_4067,2024-12-14T00:00:00Z,Winger,1,1460.4111184107974,7,98.97135558304942,170,68,1999-03-09
28635,period_3357,null,activity_2421,2025-05-11T00:00:00Z,Winger,1,1076.4942230945435,10,68.8978152696946,170,68,1999-03-09
28635,period_1431,null,activity_1456,2024-11-05T00:00:00Z,Winger,1,1020.0108756569576,8,56.08733394035154,170,68,1999-03-09
28635,period_109,null,activity_2511,2025-02-05T00:00:00Z,Winger,1,2550.227256826906,7,15.960670443134717,170,68,1999-03-09
28635,period_3493,null,activity_1612,2024-12-10T00:00:00Z,Winger,1,752.4325636877516,7,0,170,68,1999-03-09
28635,period_2593,null,activity_2152,2025-01-03T00:00:00Z,Winger,1,1680.9324154728902,5,62.486619605310004,170,68,1999-03-09
28635,period_958,null,activity_1106,2025-01-25T00:00:00Z,Winger,1,1801.1764436730682,6,62.16021939372728,170,68,1999-03-09
28635,period_1372,BP 2654,activity_2148,2024-07-16T00:00:00Z,Winger,null,495.6760508519715,2,0,170,68,1999-03-09
28635,period_2155,TAC 0133,activity_3105,2025-01-18T00:00:00Z,Winger,null,1065.282596020922,6,20.915006491839797,170,68,1999-03-09
28635,period_483,BP 2654,activity_2160,2024-07-29T00:00:00Z,Winger,null,588.7379603360795,9,0,170,68,1999-03-09
28635,period_2717,TAC 0133,activity_3907,2025-05-08T00:00:00Z,Winger,null,992.144224963402,7,20.11014683094723,170,68,1999-03-09
28635,period_64,BP 5376,activity_4651,2024-07-19T00:00:00Z,Winger,null,738.463015151298,5,0,170,68,1999-03-09
28635,period_939,TAC 0133,activity_4137,2025-03-07T00:00:00Z,Winger,null,570.4905670860869,4,25.409674224572075,170,68,1999-03-09
28635,period_432,TEC 9696,activity_2516,2025-04-10T00:00:00Z,Winger,null,264.0679176598708,0,0,170,68,1999-03-09
28635,period_3309,G 8095,activity_4690,2025-04-21T00:00:00Z,Winger,null,369.53331019965447,9,0.23513016380800167,170,68,1999-03-09
28635,period_2558,G 1960,activity_3614,2025-04-12T00:00:00Z,Winger,null,1733.298392816377,4,0,170,68,1999-03-09
28635,period_1106,G 7940,activity_3299,2025-02-27T00:00:00Z,Winger,null,1694.4636011060475,3,7.194752133111637,170,68,1999-03-09
28635,period_4443,BP 2351,activity_1555,2024-08-02T00:00:00Z,Winger,null,428.8658775933732,0,0,170,68,1999-03-09
28635,period_4714,BP 4303,activity_1589,2025-04-09T00:00:00Z,Winger,null,420.60913956099836,6,0,170,68,1999-03-09
28635,period_625,TAC 0133,activity_2655,2025-02-04T00:00:00Z,Winger,null,1087.1693236735855,3,21.644166076048045,170,68,1999-03-09
28635,period_1683,BP 2351,activity_1389,2024-12-16T00:00:00Z,Winger,null,418.80150075807774,4,0,170,68,1999-03-09
28635,period_146,G 3164,activity_2423,2025-01-01T00:00:00Z,Winger,null,4687.3825179199675,7,28.10670829242083,170,68,1999-03-09
28635,period_2071,G 1960,activity_3493,2025-05-10T00:00:00Z,Winger,null,1967.2725895312349,6,0,170,68,1999-03-09
28635,period_522,BP 1822,activity_1389,2024-12-16T00:00:00Z,Winger,null,1161.8076046893575,0,0,170,68,1999-03-09
28635,period_1493,TAC 0133,activity_4436,2024-08-23T00:00:00Z,Winger,null,1067.2607368861186,12,0,170,68,1999-03-09
28635,period_1957,G 0184,activity_1230,2024-07-27T00:00:00Z,Winger,null,760.7160916457383,10,14.437207088281838,170,68,1999-03-09
28635,period_4400,TEC 7376,activity_1415,2025-05-07T00:00:00Z,Winger,null,259.4095998535584,0,0,170,68,1999-03-09
28635,period_2175,BP 2351,activity_2366,2025-03-28T00:00:00Z,Winger,null,1467.8212352505416,6,0,170,68,1999-03-09
28635,period_1247,G 0184,activity_1230,2024-07-27T00:00:00Z,Winger,null,2406.9636517695662,6,0,170,68,1999-03-09
28635,period_439,BP 3178,activity_1022,2025-04-18T00:00:00Z,Winger,null,638.4396780415092,8,0,170,68,1999-03-09
28635,period_4540,G 5931,activity_823,2025-05-01T00:00:00Z,Winger,null,1043.110275749648,2,0,170,68,1999-03-09
28635,period_3585,TAC 7525,activity_2601,2024-12-21T00:00:00Z,Winger,null,1884.670340624166,7,4.685869584757666,170,68,1999-03-09
28635,period_75,G 9283,activity_911,2025-04-03T00:00:00Z,Winger,null,1358.5766115515175,14,0,170,68,1999-03-09
28635,period_2337,TEC 9696,activity_3493,2025-05-10T00:00:00Z,Winger,null,468.4617943179039,0,0,170,68,1999-03-09
28635,period_650,TAC 0133,activity_3357,2025-04-25T00:00:00Z,Winger,null,2246.7411648315842,12,0,170,68,1999-03-09
28635,period_2876,TAC 0133,activity_486,2024-08-11T00:00:00Z,Winger,null,521.5900805056158,1,38.892376738366316,170,68,1999-03-09
28635,period_2102,TAC 5940,activity_1555,2024-08-02T00:00:00Z,Winger,null,2259.8769690609943,1,0,170,68,1999-03-09
28635,period_3468,G 1960,activity_75,2025-02-22T00:00:00Z,Winger,null,1315.2994430151905,8,2.09267702213552,170,68,1999-03-09
28635,period_578,BP 4893,activity_4122,2025-01-08T00:00:00Z,Winger,null,575.4851537882628,10,0.4122665329983038,170,68,1999-03-09
28635,period_4155,BP 1822,activity_1060,2025-02-21T00:00:00Z,Winger,null,895.879116786399,13,0,170,68,1999-03-09
28635,period_3578,G 1960,activity_3638,2024-08-17T00:00:00Z,Winger,null,734.2074500359234,8,1.4821694034970372,170,68,1999-03-09
28635,period_3129,TEC 5341,activity_3357,2025-04-25T00:00:00Z,Winger,null,243.59501923321318,0,0,170,68,1999-03-09
28635,period_576,BP 8346,activity_4764,2025-04-14T00:00:00Z,Winger,null,326.5903958909138,3,0,170,68,1999-03-09
28635,period_4249,TEC 5341,activity_1060,2025-02-21T00:00:00Z,Winger,null,317.46854589016027,6,0,170,68,1999-03-09
28635,period_3707,G 1960,activity_4304,2024-09-13T00:00:00Z,Winger,null,1337.5521236353545,1,0,170,68,1999-03-09
28635,period_995,BP 8299,activity_3299,2025-02-27T00:00:00Z,Winger,null,2845.6940758604333,2,0,170,68,1999-03-09
28635,period_4496,G 1960,activity_4335,2025-05-03T00:00:00Z,Winger,null,1788.2529964782668,3,19.93506185221121,170,68,1999-03-09
28635,period_3001,G 1960,activity_96,2025-02-25T00:00:00Z,Winger,null,2314.573497944571,3,0,170,68,1999-03-09
28635,period_4122,G 1960,activity_3357,2025-04-25T00:00:00Z,Winger,null,939.8571293137087,3,13.141169786624165,170,68,1999-03-09
28635,period_3285,BP 2351,activity_1554,2025-03-27T00:00:00Z,Winger,null,266.0720901198284,1,0,170,68,1999-03-09
28635,period_1434,BP 4303,activity_477,2025-04-30T00:00:00Z,Winger,null,509.0924668473171,1,0,170,68,1999-03-09
28635,period_1061,BP 8350,activity_3907,2025-05-08T00:00:00Z,Winger,null,729.3099141533315,15,0,170,68,1999-03-09
28635,period_929,TEC 5328,activity_1022,2025-04-18T00:00:00Z,Winger,null,514.4785197417841,0,0,170,68,1999-03-09
28635,period_3564,G 3218,activity_1061,2024-12-31T00:00:00Z,Winger,null,1172.2453620351664,9,42.84174602809917,170,68,1999-03-09
28635,period_525,TAC 7525,activity_4208,2025-05-02T00:00:00Z,Winger,null,1304.230244883344,4,0,170,68,1999-03-09
28635,period_473,TEC 7376,activity_911,2025-04-03T00:00:00Z,Winger,null,283.67838026517165,0,0,170,68,1999-03-09
28635,period_1708,G 1960,activity_2574,2025-02-07T00:00:00Z,Winger,null,4673.005625521069,4,0,170,68,1999-03-09
28635,period_2180,TAC 0133,activity_1415,2025-05-07T00:00:00Z,Winger,null,1592.7414316786846,4,28.16026032847503,170,68,1999-03-09
28635,period_2511,BP 4893,activity_4699,2024-07-30T00:00:00Z,Winger,null,1002.3203320258144,4,0,170,68,1999-03-09
28635,period_3308,TEC 5341,activity_1589,2025-04-09T00:00:00Z,Winger,null,206.76028665315286,2,0,170,68,1999-03-09
28635,period_771,TAC 7525,activity_1059,2025-03-06T00:00:00Z,Winger,null,926.2531187258943,5,0,170,68,1999-03-09
28635,period_4041,TAC 2764,activity_465,2025-03-14T00:00:00Z,Winger,null,426.40656117712706,3,0,170,68,1999-03-09
28635,period_3998,TAC 0133,activity_4433,2024-08-28T00:00:00Z,Winger,null,1148.698864127077,0,0,170,68,1999-03-09
28635,period_2361,TAC 7525,activity_2877,2025-04-22T00:00:00Z,Winger,null,870.391205333991,2,0,170,68,1999-03-09
60819,period_599,null,activity_2102,2025-06-18T00:00:00Z,Winger,1,1606.3431094528512,10,25.701094846107665,180,200,2003-02-06
60819,period_477,null,activity_1862,2025-06-22T00:00:00Z,Winger,1,1242.030184332395,10,0,180,200,2003-02-06
43211,period_477,null,activity_1862,2025-06-22T00:00:00Z,Central Back,1,464.06760060980014,0,0,195,87,2005-01-10
43211,period_1973,null,activity_2390,2025-06-26T00:00:00Z,Central Back,1,756.5454748739907,5,0,195,87,2005-01-10
43211,period_599,null,activity_2102,2025-06-18T00:00:00Z,Central Back,1,375.67189975898816,2,0,195,87,2005-01-10
94884,period_3077,TAC 0133,activity_599,2025-04-15T00:00:00Z,Forward,null,503.8418659536875,10,30.30592451975411,175,78,1998-07-14
94884,period_99,G 7824,activity_3299,2025-02-27T00:00:00Z,Forward,null,725.8538944212482,12,0,175,78,1998-07-14
94884,period_1370,G 8963,activity_1415,2025-05-07T00:00:00Z,Forward,null,1779.317499348212,8,13.489456828723142,175,78,1998-07-14
94884,period_3591,BP 2351,activity_599,2025-04-15T00:00:00Z,Forward,null,1102.3363467071658,3,0,175,78,1998-07-14
94884,period_576,BP 8346,activity_4764,2025-04-14T00:00:00Z,Forward,null,910.3583719373097,0,16.757366612876666,175,78,1998-07-14
94884,period_4602,G 7242,activity_3516,2025-04-24T00:00:00Z,Forward,null,1643.028049174955,12,2.436126161303651,175,78,1998-07-14
94884,period_4041,TAC 2764,activity_465,2025-03-14T00:00:00Z,Forward,null,2024.3097201460066,5,44.961513306218144,175,78,1998-07-14
94884,period_3998,TAC 0133,activity_4433,2024-08-28T00:00:00Z,Forward,null,1586.2690229821167,8,0,175,78,1998-07-14
94884,period_4717,G 1960,activity_2593,2024-10-18T00:00:00Z,Forward,null,1253.2249717703207,9,9.113825483724364,175,78,1998-07-14
94884,period_4400,TEC 7376,activity_1415,2025-05-07T00:00:00Z,Forward,null,130.22330236137083,0,0,175,78,1998-07-14
94884,period_4318,G 8095,activity_2210,2025-05-16T00:00:00Z,Forward,null,5810.198768211922,1,18.157787232319663,175,78,1998-07-14
94884,period_3285,BP 2351,activity_1554,2025-03-27T00:00:00Z,Forward,null,695.7354690418997,7,0,175,78,1998-07-14
94884,period_3206,BP 1615,activity_1061,2024-12-31T00:00:00Z,Forward,null,723.2186147876446,12,0,175,78,1998-07-14
94884,period_2717,TAC 0133,activity_3907,2025-05-08T00:00:00Z,Forward,null,957.9477092708416,9,0,175,78,1998-07-14
94884,period_2628,G 1960,activity_4122,2025-01-08T00:00:00Z,Forward,null,4806.026749489592,2,20.79223358572148,175,78,1998-07-14
94884,period_1585,TAC 0133,activity_2593,2024-10-18T00:00:00Z,Forward,null,827.3687052606058,3,34.86439638229367,175,78,1998-07-14
94884,period_1106,G 7940,activity_3299,2025-02-27T00:00:00Z,Forward,null,1470.2567656957601,3,0,175,78,1998-07-14
94884,period_2180,TAC 0133,activity_1415,2025-05-07T00:00:00Z,Forward,null,290.7464058601208,14,0,175,78,1998-07-14
94884,period_4155,BP 1822,activity_1060,2025-02-21T00:00:00Z,Forward,null,966.1356610886581,6,0,175,78,1998-07-14
94884,period_2985,BP 4893,activity_3943,2024-08-10T00:00:00Z,Forward,null,1685.1767491501964,3,0,175,78,1998-07-14
94884,period_75,TEC 9696,activity_4208,2025-05-02T00:00:00Z,Forward,null,1198.8051213047095,0,81.17876247076912,175,78,1998-07-14
94884,period_1334,BP 2351,activity_1501,2024-10-07T00:00:00Z,Forward,null,806.3891589003658,4,0,175,78,1998-07-14
94884,period_873,G 1960,activity_1924,2025-02-28T00:00:00Z,Forward,null,864.6689544086253,18,0,175,78,1998-07-14
94884,period_4665,G 8963,activity_1554,2025-03-27T00:00:00Z,Forward,null,2034.4915750961252,10,29.18428643218434,175,78,1998-07-14
94884,period_4122,G 1960,activity_3357,2025-04-25T00:00:00Z,Forward,null,1462.6850332845281,7,0,175,78,1998-07-14
94884,period_2558,G 1960,activity_3040,2025-05-13T00:00:00Z,Forward,null,3373.8258611919086,5,11.45431322952324,175,78,1998-07-14
94884,period_4753,BP 1849,activity_2516,2025-04-10T00:00:00Z,Forward,null,710.0934130313001,7,0,175,78,1998-07-14
94884,period_75,G 9283,activity_911,2025-04-03T00:00:00Z,Forward,null,1183.2588582276371,6,9.536408705053706,175,78,1998-07-14
94884,period_1093,G 1960,activity_599,2025-04-15T00:00:00Z,Forward,null,1891.178842795485,2,0,175,78,1998-07-14
94884,period_2758,TAC 7525,activity_4744,2025-05-09T00:00:00Z,Forward,null,714.1207534553012,1,16.85879074914551,175,78,1998-07-14
94884,period_1916,G 1960,activity_439,2024-10-09T00:00:00Z,Forward,null,1269.800579384086,3,0,175,78,1998-07-14
94884,period_4247,G 3164,activity_3907,2025-05-08T00:00:00Z,Forward,null,1677.4331724335832,11,22.47155134456065,175,78,1998-07-14
94884,period_3352,TAC 0133,activity_2761,2025-03-03T00:00:00Z,Forward,null,912.8069379719286,7,34.16707252570665,175,78,1998-07-14
94884,period_4067,G 1960,activity_4137,2025-03-07T00:00:00Z,Forward,null,762.4329202661244,2,0,175,78,1998-07-14
94884,period_1589,TAC 3056,activity_4436,2024-08-23T00:00:00Z,Forward,null,1402.466848904047,6,33.75170050447638,175,78,1998-07-14
94884,period_1923,TEC 5341,activity_4436,2024-08-23T00:00:00Z,Forward,null,209.62850053404622,0,0,175,78,1998-07-14
94884,period_390,BP 2351,activity_1061,2024-12-31T00:00:00Z,Forward,null,627.2613436381139,5,34.33704333753504,175,78,1998-07-14
94884,period_1612,TEC 5341,activity_2249,2024-08-08T00:00:00Z,Forward,null,284.1859222613979,3,0,175,78,1998-07-14
94884,period_350,TAC 0133,activity_3943,2024-08-10T00:00:00Z,Forward,null,1694.0223608488118,2,0,175,78,1998-07-14
94884,period_2149,TEC 5098,activity_2210,2025-05-16T00:00:00Z,Forward,null,133.54466244608054,0,0,175,78,1998-07-14
94884,period_2041,TAC 5940,activity_823,2025-05-01T00:00:00Z,Forward,null,1372.1540869311723,4,48.36984348357368,175,78,1998-07-14
94884,period_4084,G 3164,activity_439,2024-10-09T00:00:00Z,Forward,null,817.8839161642666,12,56.12505062900672,175,78,1998-07-14
94884,period_4986,BP 3116,activity_465,2025-03-14T00:00:00Z,Forward,null,800.2721015618768,5,0,175,78,1998-07-14
94884,period_995,BP 8299,activity_3299,2025-02-27T00:00:00Z,Forward,null,1046.7611376535392,0,0,175,78,1998-07-14
94884,period_4834,G 3164,activity_3516,2025-04-24T00:00:00Z,Forward,null,866.1841242692868,7,44.8802412931573,175,78,1998-07-14
94884,period_1061,BP 8350,activity_3907,2025-05-08T00:00:00Z,Forward,null,693.5478782249577,0,0,175,78,1998-07-14
94884,period_650,TAC 0133,activity_3357,2025-04-25T00:00:00Z,Forward,null,1249.8070534779042,2,43.785897548200325,175,78,1998-07-14
94884,period_944,TAC 7848,activity_4744,2025-05-09T00:00:00Z,Forward,null,1699.9363266216856,6,0,175,78,1998-07-14
94884,period_525,TAC 7525,activity_4208,2025-05-02T00:00:00Z,Forward,null,1469.6297338952525,6,0,175,78,1998-07-14
94884,period_4270,G 7015,activity_486,2024-08-11T00:00:00Z,Forward,null,3400.7750000537767,4,27.651496936649888,175,78,1998-07-14
94884,period_2920,BP 3884,activity_3243,2024-10-17T00:00:00Z,Forward,null,900.5272167210535,0,0,175,78,1998-07-14
94884,period_2558,G 1960,activity_3614,2025-04-12T00:00:00Z,Forward,null,853.6774143530122,9,0,175,78,1998-07-14
94884,period_625,TAC 0133,activity_2655,2025-02-04T00:00:00Z,Forward,null,1100.4129152079852,5,43.333482235784935,175,78,1998-07-14
94884,period_146,G 3164,activity_2423,2025-01-01T00:00:00Z,Forward,null,866.2727818173885,2,0.2609934518924005,175,78,1998-07-14
94884,period_1683,G 5931,activity_2060,2025-05-22T00:00:00Z,Forward,null,3578.9907332999755,2,36.17292154057111,175,78,1998-07-14
94884,period_4407,G 1669,activity_2423,2025-01-01T00:00:00Z,Forward,null,1901.2438831214622,13,4.941248125083544,175,78,1998-07-14
94884,period_298,BP 5787,activity_4251,2025-05-21T00:00:00Z,Forward,null,776.8306136546336,7,0,175,78,1998-07-14
94884,period_4249,TEC 5341,activity_1060,2025-02-21T00:00:00Z,Forward,null,346.9441296623984,3,0,175,78,1998-07-14
94884,period_4703,TAC 0133,activity_2574,2025-02-07T00:00:00Z,Forward,null,702.369759806661,8,0,175,78,1998-07-14
94884,period_4611,TAC 0133,activity_1859,2025-03-31T00:00:00Z,Forward,null,1778.3807386606843,4,36.28647547282117,175,78,1998-07-14
94884,period_2175,BP 2351,activity_2366,2025-03-28T00:00:00Z,Forward,null,467.7099795355886,6,0,175,78,1998-07-14
94884,period_3506,TEC 5341,activity_1415,2025-05-07T00:00:00Z,Forward,null,1132.7368848153067,0,0,175,78,1998-07-14
94884,period_3678,G 1960,activity_3907,2025-05-08T00:00:00Z,Forward,null,789.6152943396835,7,31.61414868212157,175,78,1998-07-14
94884,period_2438,BP 2351,activity_2516,2025-04-10T00:00:00Z,Forward,null,374.8921891430513,9,0,175,78,1998-07-14
94884,period_2249,G 3863,activity_789,2024-08-22T00:00:00Z,Forward,null,1454.163424484605,9,6.82611019828564,175,78,1998-07-14
94884,period_2331,BP 7816,activity_1389,2024-12-16T00:00:00Z,Forward,null,972.2576929584856,0,0,175,78,1998-07-14
94884,period_1526,BP 2351,activity_1973,2025-03-08T00:00:00Z,Forward,null,1105.4236880993474,2,35.572089931305825,175,78,1998-07-14
94884,period_939,TAC 0133,activity_4137,2025-03-07T00:00:00Z,Forward,null,1871.050424520176,5,49.2296688306905,175,78,1998-07-14
94884,period_2337,TEC 9696,activity_3493,2025-05-10T00:00:00Z,Forward,null,140.37160035641983,0,0,175,78,1998-07-14
94884,period_3221,TAC 5940,activity_874,2024-11-03T00:00:00Z,Forward,null,402.97916179546723,8,2.2292763369978768,175,78,1998-07-14
94884,period_3250,G 1960,activity_2877,2025-04-22T00:00:00Z,Forward,null,742.7402308068314,2,28.844376329367886,175,78,1998-07-14
94884,period_334,BP 2654,activity_359,2025-01-07T00:00:00Z,Forward,null,1121.2316904580732,0,0,175,78,1998-07-14
94884,period_1768,TAC 1326,activity_4299,2025-04-11T00:00:00Z,Forward,null,512.2794607898594,2,11.767270737222608,175,78,1998-07-14
94884,period_1872,TAC 7525,activity_4335,2025-05-03T00:00:00Z,Forward,null,446.9282011081946,3,32.36271386401376,175,78,1998-07-14
94884,period_3812,G 1960,activity_4436,2024-08-23T00:00:00Z,Forward,null,1839.892347461943,3,0,175,78,1998-07-14
94884,period_4369,G 3164,activity_823,2025-05-01T00:00:00Z,Forward,null,2904.749668024487,6,13.159443603125352,175,78,1998-07-14
94884,period_663,G 0184,activity_2249,2024-08-08T00:00:00Z,Forward,null,1386.5678440541615,2,2.892307014755692,175,78,1998-07-14
94884,period_2652,TEC 5341,activity_2423,2025-01-01T00:00:00Z,Forward,null,335.22601614273253,0,0,175,78,1998-07-14
94884,period_174,BP 1031,activity_3243,2024-10-17T00:00:00Z,Forward,null,324.75157365187636,1,0,175,78,1998-07-14
94884,period_2421,BP 0518,activity_3073,2025-05-06T00:00:00Z,Forward,null,1197.5498229380373,7,0,175,78,1998-07-14
94884,period_233,BP 2351,activity_1060,2025-02-21T00:00:00Z,Forward,null,1732.6185053550612,3,0,175,78,1998-07-14
94884,period_1862,BP 6247,activity_2249,2024-08-08T00:00:00Z,Forward,null,519.5885901156659,6,0,175,78,1998-07-14
94884,period_1866,G 3218,activity_1501,2024-10-07T00:00:00Z,Forward,null,1405.088344416107,5,60.48447074861573,175,78,1998-07-14
94884,period_2108,TAC 0133,activity_4407,2025-04-04T00:00:00Z,Forward,null,918.858121371947,8,30.1920755106752,175,78,1998-07-14
94884,period_874,G 1960,activity_2601,2024-12-21T00:00:00Z,Forward,null,1756.35111249609,4,0,175,78,1998-07-14
94884,period_3585,TAC 7525,activity_2601,2024-12-21T00:00:00Z,Forward,null,1324.6938776020222,4,0,175,78,1998-07-14
94884,period_4147,TAC 7525,activity_3357,2025-04-25T00:00:00Z,Forward,null,737.5327211337367,7,40.033218119806605,175,78,1998-07-14
94884,period_934,TAC 2764,activity_3073,2025-05-06T00:00:00Z,Forward,null,1287.6258751375738,4,0,175,78,1998-07-14
94884,period_4782,TAC 0133,activity_3638,2024-08-17T00:00:00Z,Forward,null,949.7874704034691,6,21.504454098169163,175,78,1998-07-14
94884,period_3564,G 3218,activity_1061,2024-12-31T00:00:00Z,Forward,null,3237.021837381227,16,10.059080095597357,175,78,1998-07-14
94884,period_4233,TAC 0133,activity_2366,2025-03-28T00:00:00Z,Forward,null,528.4778853399397,1,12.220578447941108,175,78,1998-07-14
94884,period_2896,G 5146,activity_4764,2025-04-14T00:00:00Z,Forward,null,1055.4538732802446,17,8.458357980440812,175,78,1998-07-14
94884,period_473,TEC 7376,activity_911,2025-04-03T00:00:00Z,Forward,null,346.91703720504154,0,0,175,78,1998-07-14
94884,period_789,null,activity_4496,2024-09-24T00:00:00Z,Forward,1,1631.0379591589628,8,26.00083705060819,175,78,1998-07-14
94884,period_3243,null,activity_2831,2025-01-22T00:00:00Z,Forward,1,1400.101884793706,0,33.170947960799346,175,78,1998-07-14
94884,period_2655,null,activity_2614,2025-03-12T00:00:00Z,Forward,1,1232.0399048660436,4,0,175,78,1998-07-14
94884,period_1473,null,activity_551,2025-03-29T00:00:00Z,Forward,1,2756.6963935083418,5,57.90093276699001,175,78,1998-07-14
94884,period_3073,null,activity_2361,2025-02-23T00:00:00Z,Forward,1,1408.7592016615629,9,15.296810435249267,175,78,1998-07-14
94884,period_1059,null,activity_2758,2024-11-24T00:00:00Z,Forward,1,1459.0969795391152,5,35.26759889689076,175,78,1998-07-14
94884,period_1230,null,activity_939,2025-05-24T00:00:00Z,Forward,1,2288.6908408855575,11,8.842359193595609,175,78,1998-07-14
94884,period_1022,null,activity_562,2024-12-22T00:00:00Z,Forward,1,1501.0725254728109,4,35.52279105237735,175,78,1998-07-14
94884,period_1501,null,activity_3585,2025-02-15T00:00:00Z,Forward,1,32299.892493072563,15,23.46522192140318,175,78,1998-07-14
94884,period_4304,null,activity_865,2024-10-05T00:00:00Z,Forward,1,1368.644728566468,7,20.87759160796931,175,78,1998-07-14
94884,period_958,null,activity_1106,2025-01-25T00:00:00Z,Forward,1,1404.0086390417478,3,16.68186209875006,175,78,1998-07-14
94884,period_1924,null,activity_650,2024-12-18T00:00:00Z,Forward,1,1976.0423943663518,10,58.13568146758818,175,78,1998-07-14
94884,period_2160,null,activity_26,2025-04-13T00:00:00Z,Forward,1,2663.80294551842,8,94.73994710149753,175,78,1998-07-14
94884,period_1555,null,activity_4155,2025-03-15T00:00:00Z,Forward,1,1504.9862635432141,6,48.30754066427199,175,78,1998-07-14
94884,period_3943,null,activity_2558,2025-02-11T00:00:00Z,Forward,1,809.5035446775452,8,9.488339334118045,175,78,1998-07-14
94884,period_2761,null,activity_2894,2025-04-16T00:00:00Z,Forward,1,1487.4765888927184,5,71.085853638407,175,78,1998-07-14
94884,period_3516,null,activity_3564,2025-01-12T00:00:00Z,Forward,1,3436.6790095251167,7,9.637112795588076,175,78,1998-07-14
94884,period_3299,null,activity_4800,2024-12-07T00:00:00Z,Forward,1,1652.545291383883,6,111.8289795499663,175,78,1998-07-14
94884,period_465,null,activity_1565,2025-05-14T00:00:00Z,Forward,1,1039.7466360782907,7,49.95085933597876,175,78,1998-07-14
94884,period_359,null,activity_944,2025-02-19T00:00:00Z,Forward,1,1229.2110823975677,5,31.914728307321106,175,78,1998-07-14
94884,period_3907,null,activity_3834,2024-12-01T00:00:00Z,Forward,1,1553.662227999406,9,20.073422230065948,175,78,1998-07-14
94884,period_2210,null,activity_1284,2024-11-27T00:00:00Z,Forward,1,1724.377775761751,8,10.315640637544083,175,78,1998-07-14
94884,period_1431,null,activity_1456,2024-11-05T00:00:00Z,Forward,1,1014.0084325718749,5,9.232157060753469,175,78,1998-07-14
94884,period_4436,null,activity_3206,2025-01-29T00:00:00Z,Forward,1,441.5766131926474,3,6.442301946958099,175,78,1998-07-14
94884,period_3385,null,activity_3285,2024-09-17T00:00:00Z,Forward,1,1469.758810704873,5,19.558536207262055,175,78,1998-07-14
94884,period_4433,null,activity_4602,2025-04-05T00:00:00Z,Forward,1,1619.2498863930352,14,25.00649455415198,175,78,1998-07-14
94884,period_3638,null,activity_2158,2025-04-01T00:00:00Z,Forward,1,1750.7019697282526,8,12.543542912655477,175,78,1998-07-14
94884,period_4764,null,activity_3506,2025-04-08T00:00:00Z,Forward,1,1490.0481537101412,10,43.80299311603155,175,78,1998-07-14
94884,period_2574,null,activity_2071,2025-04-26T00:00:00Z,Forward,1,393.73470655631303,7,19.11158849940656,175,78,1998-07-14
94884,period_2593,null,activity_2152,2025-01-03T00:00:00Z,Forward,1,1386.6303498369712,6,32.98222584530715,175,78,1998-07-14
94884,period_4208,null,activity_473,2025-01-09T00:00:00Z,Forward,1,1348.9399835941547,4,30.03573700783288,175,78,1998-07-14
94884,period_2995,null,activity_4037,2024-11-09T00:00:00Z,Forward,1,1336.3422689525669,6,13.458276321670066,175,78,1998-07-14
94884,period_3030,null,activity_2954,2025-03-01T00:00:00Z,Forward,1,2262.9026282816976,12,9.199251370584603,175,78,1998-07-14
94884,period_4744,null,activity_461,2025-05-18T00:00:00Z,Forward,1,920.7296367593098,3,19.692906055308065,175,78,1998-07-14
94884,period_2423,null,activity_4443,2024-08-25T00:00:00Z,Forward,1,1745.8879421958259,9,22.406781654298754,175,78,1998-07-14
94884,period_823,null,activity_146,2024-10-26T00:00:00Z,Forward,1,774.0387012979949,12,69.66876045569762,175,78,1998-07-14
94884,period_3357,null,activity_2421,2025-05-11T00:00:00Z,Forward,1,1244.3690515862372,11,31.243123601199642,175,78,1998-07-14
94884,period_4137,null,activity_2405,2024-10-22T00:00:00Z,Forward,1,3820.4962500200063,2,95.58147459859852,175,78,1998-07-14
94884,period_4299,null,activity_432,2024-10-19T00:00:00Z,Forward,1,1931.7895328796405,4,13.87694836722411,175,78,1998-07-14
94884,period_4581,null,activity_525,2025-03-09T00:00:00Z,Forward,1,1568.9751500355067,9,72.05680123957838,175,78,1998-07-14
94884,period_3493,null,activity_1612,2024-12-10T00:00:00Z,Forward,1,1461.144620876517,10,26.683448365003212,175,78,1998-07-14
94884,period_1951,null,activity_1585,2025-03-04T00:00:00Z,Forward,1,1478.9920859649385,4,29.313722100396497,175,78,1998-07-14
94884,period_486,null,activity_1434,2025-02-01T00:00:00Z,Forward,1,968.9912907741746,8,36.135922972421476,175,78,1998-07-14
94884,period_2955,null,activity_2985,2025-05-04T00:00:00Z,Forward,1,1075.569078074751,10,17.145971887405306,175,78,1998-07-14
94884,period_1859,null,activity_3591,2025-01-16T00:00:00Z,Forward,1,1197.7524841435456,8,51.47398656836059,175,78,1998-07-14
94884,period_3623,null,activity_1872,2025-01-19T00:00:00Z,Forward,1,1616.259980902398,8,48.00445287014492,175,78,1998-07-14
94884,period_202,null,activity_4208,2025-02-08T00:00:00Z,Forward,1,1810.5313716631488,12,46.91463393164087,175,78,1998-07-14
94884,period_4335,null,activity_2300,2024-08-29T00:00:00Z,Forward,1,1357.6187270498144,9,44.011928407593985,175,78,1998-07-14
94884,period_4690,null,activity_883,2024-12-04T00:00:00Z,Forward,1,1268.2980193160047,8,25.54971396214417,175,78,1998-07-14
94884,period_2060,null,activity_4216,2024-09-14T00:00:00Z,Forward,1,461.1614539305069,7,0,175,78,1998-07-14
94884,period_4651,null,activity_1493,2024-09-01T00:00:00Z,Forward,1,1470.3649494040912,11,77.58943287780271,175,78,1998-07-14
94884,period_1389,null,activity_3352,2024-08-18T00:00:00Z,Forward,1,1407.0148662105198,5,1.7768792928736163,175,78,1998-07-14
94884,period_4655,null,activity_1778,2024-09-21T00:00:00Z,Forward,1,1536.718244602953,5,5.562525116918645,175,78,1998-07-14
94884,period_4699,null,activity_929,2024-10-02T00:00:00Z,Forward,1,1409.6784938727903,4,8.781575033491436,175,78,1998-07-14
94884,period_4366,G 1960,activity_4407,2025-04-04T00:00:00Z,Forward,null,1272.142105054762,9,5.876444126163131,175,78,1998-07-14
94884,period_1415,TAC 5940,activity_1415,2025-05-07T00:00:00Z,Forward,null,1227.6078359927653,4,23.941092395346434,175,78,1998-07-14
94884,period_3614,G 5931,activity_109,2024-11-30T00:00:00Z,Forward,null,2859.611603555153,4,0,175,78,1998-07-14
94884,period_1708,G 1960,activity_2574,2025-02-07T00:00:00Z,Forward,null,483.7508444024074,4,0,175,78,1998-07-14
94884,period_1790,G 3164,activity_911,2025-04-03T00:00:00Z,Forward,null,2315.630970729689,16,12.637695237236974,175,78,1998-07-14
94884,period_4037,G 7015,activity_486,2024-08-11T00:00:00Z,Forward,null,1022.5010145912692,6,39.472821466827,175,78,1998-07-14
94884,period_1612,G 9283,activity_3073,2025-05-06T00:00:00Z,Forward,null,1962.7407020467713,8,26.549712782914586,175,78,1998-07-14
94884,period_425,G 1960,activity_3385,2025-02-14T00:00:00Z,Forward,null,2094.7006500155876,3,0,175,78,1998-07-14
94884,period_4496,G 1960,activity_4335,2025-05-03T00:00:00Z,Forward,null,1159.668035046548,5,14.598385754350527,175,78,1998-07-14
94884,period_4187,TAC 7525,activity_2877,2025-04-22T00:00:00Z,Forward,null,1385.4161074482433,12,62.727140502139235,175,78,1998-07-14
94884,period_2155,TAC 0133,activity_3105,2025-01-18T00:00:00Z,Forward,null,1620.9885438147307,9,13.077220564873008,175,78,1998-07-14
94884,period_2583,TEC 5341,activity_1501,2024-10-07T00:00:00Z,Forward,null,372.5354454285721,0,0,175,78,1998-07-14
94884,period_865,TAC 0133,activity_2955,2025-01-15T00:00:00Z,Forward,null,850.4892233452504,3,1.7031341329591045,175,78,1998-07-14
94884,period_4540,G 5931,activity_823,2025-05-01T00:00:00Z,Forward,null,2631.9937285879587,9,1.3649152817615848,175,78,1998-07-14
94884,period_2876,TAC 0133,activity_486,2024-08-11T00:00:00Z,Forward,null,1113.394264574866,9,0,175,78,1998-07-14
94884,period_551,BP 1849,activity_1501,2024-10-07T00:00:00Z,Forward,null,1003.6717979581615,0,0,175,78,1998-07-14
94884,period_2758,TAC 3056,activity_4436,2024-08-23T00:00:00Z,Forward,null,1509.433001812749,1,0,175,78,1998-07-14
94884,period_1192,BP 2351,activity_789,2024-08-22T00:00:00Z,Forward,null,622.0049457335398,0,0,175,78,1998-07-14
94884,period_3993,TAC 7525,activity_359,2025-01-07T00:00:00Z,Forward,null,1228.3899530013935,10,0,175,78,1998-07-14
94884,period_3468,G 1960,activity_75,2025-02-22T00:00:00Z,Forward,null,1426.826767948441,8,32.990449653352606,175,78,1998-07-14
94884,period_4650,BP 2351,activity_439,2024-10-09T00:00:00Z,Forward,null,297.42156452334325,0,0,175,78,1998-07-14
94884,period_1683,BP 2351,activity_1389,2024-12-16T00:00:00Z,Forward,null,741.5259517523481,8,0,175,78,1998-07-14
94884,period_2071,G 1960,activity_3493,2025-05-10T00:00:00Z,Forward,null,1461.3960340256353,3,12.105238029360471,175,78,1998-07-14
94884,period_2831,G 5931,activity_4299,2025-04-11T00:00:00Z,Forward,null,1854.1939524863258,11,3.0010454926757113,175,78,1998-07-14
94884,period_4590,BP 5787,activity_1554,2025-03-27T00:00:00Z,Forward,null,795.4505910911201,7,0,175,78,1998-07-14
94884,period_4754,G 1960,activity_2366,2025-03-28T00:00:00Z,Forward,null,933.7084897369966,7,5.596316870541888,175,78,1998-07-14
94884,period_1493,TAC 0133,activity_4436,2024-08-23T00:00:00Z,Forward,null,479.7069370282273,0,0,175,78,1998-07-14
94884,period_1607,G 3218,activity_2423,2025-01-01T00:00:00Z,Forward,null,853.2073150547527,9,13.453834037692516,175,78,1998-07-14
94884,period_3988,BP 8299,activity_3516,2025-04-24T00:00:00Z,Forward,null,467.22230140909676,5,0,175,78,1998-07-14
94884,period_362,TAC 0133,activity_4436,2024-08-23T00:00:00Z,Forward,null,1801.8269765817304,5,0,175,78,1998-07-14
94884,period_4617,G 8908,activity_1059,2025-03-06T00:00:00Z,Forward,null,2287.6414803421135,3,0,175,78,1998-07-14
94884,period_2158,G 1960,activity_1859,2025-03-31T00:00:00Z,Forward,null,675.5059110010484,4,35.35362064618237,175,78,1998-07-14
94884,period_2331,BP 5787,activity_2210,2025-05-16T00:00:00Z,Forward,null,612.0830884117473,2,0,175,78,1998-07-14
94884,period_578,BP 4893,activity_4122,2025-01-08T00:00:00Z,Forward,null,801.0693325902625,2,25.896895387827584,175,78,1998-07-14
94884,period_3790,TEC 7736,activity_1554,2025-03-27T00:00:00Z,Forward,null,221.28944883523366,0,0,175,78,1998-07-14
94884,period_3306,G 1960,activity_1973,2025-03-08T00:00:00Z,Forward,null,1491.962455023732,4,7.382706529998888,175,78,1998-07-14
94884,period_3582,G 5931,activity_3243,2024-10-17T00:00:00Z,Forward,null,1518.901476563901,2,25.718374241036916,175,78,1998-07-14
94884,period_771,TAC 7525,activity_1059,2025-03-06T00:00:00Z,Forward,null,858.2900449308419,6,0,175,78,1998-07-14
94884,period_2228,G 1960,activity_1473,2025-05-17T00:00:00Z,Forward,null,923.9696323936672,5,19.753205507164104,175,78,1998-07-14
94884,period_3578,G 1960,activity_3638,2024-08-17T00:00:00Z,Forward,null,912.3487122852283,13,17.071770510827612,175,78,1998-07-14
94884,period_1819,G 1960,activity_4433,2024-08-28T00:00:00Z,Forward,null,1382.479066352833,5,0.8572246238309502,175,78,1998-07-14
94884,period_3129,TEC 5341,activity_3357,2025-04-25T00:00:00Z,Forward,null,449.5288781068549,0,0,175,78,1998-07-14
94884,period_2405,G 5146,activity_359,2025-01-07T00:00:00Z,Forward,null,2086.083658860853,6,3.8975216859974693,175,78,1998-07-14
84160,period_477,null,activity_1862,2025-06-22T00:00:00Z,Full Back,1,1537.8830328815386,9,37.723100418183236,180,67,1998-11-23
84160,period_599,null,activity_2102,2025-06-18T00:00:00Z,Full Back,1,2587.510948889094,4,57.04744956365763,180,67,1998-11-23
84160,period_1973,null,activity_2390,2025-06-26T00:00:00Z,Full Back,1,1004.275738419526,8,21.249729364859437,180,67,1998-11-23
44207,period_562,G 0184,activity_1230,2024-07-27T00:00:00Z,Forward,null,2672.0487073968925,7,38.115199219307904,191,79,2001-10-24
44207,period_4067,G 3218,activity_2160,2024-07-29T00:00:00Z,Forward,null,2444.1384227738745,1,1.63407628679209,191,79,2001-10-24
44207,period_4143,G 5146,activity_4581,2024-08-01T00:00:00Z,Forward,null,1206.606218394266,6,13.246211064345404,191,79,2001-10-24
44207,period_64,BP 5376,activity_4651,2024-07-19T00:00:00Z,Forward,null,765.7234979518122,5,0,191,79,2001-10-24
44207,period_1962,TEC 1080,activity_958,2024-07-26T00:00:00Z,Forward,null,898.5140575844714,4,0,191,79,2001-10-24
44207,period_4016,BP 2269,activity_1230,2024-07-27T00:00:00Z,Forward,null,1029.991742740989,5,0,191,79,2001-10-24
44207,period_3701,G 3872,activity_2148,2024-07-16T00:00:00Z,Forward,null,963.6209368226248,6,7.005935047028271,191,79,2001-10-24
44207,period_783,BP 2351,activity_2148,2024-07-16T00:00:00Z,Forward,null,781.5306999705864,4,0,191,79,2001-10-24
44207,period_2816,TEC 5341,activity_4581,2024-08-01T00:00:00Z,Forward,null,357.13412596090666,0,0,191,79,2001-10-24
44207,period_1196,TAC 7101,activity_2160,2024-07-29T00:00:00Z,Forward,null,1230.3368327396215,5,21.214665643191307,191,79,2001-10-24
44207,period_4443,BP 2351,activity_1555,2024-08-02T00:00:00Z,Forward,null,381.1227418024531,2,0,191,79,2001-10-24
44207,period_1247,G 0184,activity_1230,2024-07-27T00:00:00Z,Forward,null,912.3115563085236,10,43.70717964830574,191,79,2001-10-24
44207,period_1372,BP 2654,activity_2148,2024-07-16T00:00:00Z,Forward,null,426.2114831154449,9,0,191,79,2001-10-24
44207,period_3226,G 1960,activity_1555,2024-08-02T00:00:00Z,Forward,null,784.7937947722601,12,11.898807753737133,191,79,2001-10-24
44207,period_2102,TAC 5940,activity_1555,2024-08-02T00:00:00Z,Forward,null,974.7321319382032,5,30.200205087431822,191,79,2001-10-24
44207,period_96,null,activity_625,2024-08-04T00:00:00Z,Forward,1,1373.9446081600909,5,0,191,79,2001-10-24
44207,period_2148,null,activity_4016,2024-08-07T00:00:00Z,Forward,1,1534.5464561847311,7,27.968470414375894,191,79,2001-10-24
44207,period_911,null,activity_830,2024-08-01T00:00:00Z,Forward,1,1478.7308725124735,8,39.51626340984683,191,79,2001-10-24
44207,period_2366,null,activity_830,2024-08-01T00:00:00Z,Forward,1,1552.6076332733332,16,2.8625994573435043,191,79,2001-10-24
44207,period_2662,BP 9117,activity_4581,2024-08-01T00:00:00Z,Forward,null,415.90236586987083,9,0,191,79,2001-10-24
44207,period_2770,G 1960,activity_958,2024-07-26T00:00:00Z,Forward,null,1091.5519307278187,4,5.081067107490475,191,79,2001-10-24
44207,period_1893,G 0260,activity_958,2024-07-26T00:00:00Z,Forward,null,488.9828999873172,5,0,191,79,2001-10-24
44207,period_483,BP 2654,activity_2160,2024-07-29T00:00:00Z,Forward,null,682.6788536202639,3,0,191,79,2001-10-24
44207,period_1945,G 1960,activity_4651,2024-07-19T00:00:00Z,Forward,null,1198.714172825082,11,0.9332247109663295,191,79,2001-10-24
89091,period_599,null,activity_2102,2025-06-18T00:00:00Z,Forward,1,1267.9596753274566,13,20.528036933662793,180,200,2004-01-10
89091,period_1973,null,activity_2390,2025-06-26T00:00:00Z,Forward,1,973.1537319769717,8,17.749690782823993,180,200,2004-01-10
89091,period_477,null,activity_1862,2025-06-22T00:00:00Z,Forward,1,1552.130904897091,8,27.777192146643575,180,200,2004-01-10
